sub_category,title,text,table_markdown,images
공통,소모품 부품 구매는 어떻게 하나요?,부품을 구매하려 하나요? 필터 호스 소모품 등 구매가 가능하며 판매 품목은 제품마다 상이합니다. 서비스센터 홈페이지에서 구매하시려는 경우 제품의 모델명 또는 카테고리 선택 후 부품 명칭을 검색하시면 더욱 빠르고 쉽게 구매하실 수 있습니다. 고객상담센터에서 구매하시려는 경우 제품의 모델명 또는 부품 명칭을 말씀해주시면 더욱 빠르고 쉽게 구매하실 수 있습니다. 일부 부품은 안전상의 이유로 판매가 불가할 수 있으며 전문가의 점검 및 서비스가 필요할 수 있습니다.,,없음
공통,품질보증기간 부품보유기간이 궁금해요,제품의 사용설명서 간단설명서 뒷 부분에서 제품 보증서에서 품질보증기간 부품보증기간을 확인해 주세요. 상업용 제품아닌 일반 제품을 상업용으로 사용하는 경우 품질보증기간이 단축됩니다. 품질보증기간내라도 안전점검을 요청하는경우 전문가의 점검 비용이 발생됩니다.,,https://static.service.skmagic.com/editor/faq/ckimg/079ca8eb2a424a4e9372d6c16f56336b.png
공기청정기,IoT 연결이 안돼요/연결 가능한 조건이 있나요,원활한 IoT 사용을 위해 다음 내용을 확인해 주세요. [SK인텔릭스서비스] 어플(APP)을 설치한 뒤 해당 어플에서 IoT를 사용하실 수 있습니다. 구독이용자의 경우 설치한 다음날부터 IoT연결이 가능하며 사용자로 저장된 연락처의 휴대폰으로 연결이 가능합니다. 단 일반제품은 당일 및 다른 연락처로 연결 가능합니다. 원활한 IoT 사용을 위해 가전제품의 상태를 확인해 주세 요. 가전제품의 와이파이 램프가 켜져있는지 확인해 주세요. 램프가 꺼져 있다면 가전의 와이파이 버튼을 5초 이상 길게 눌러 램프에 불이 들어오는지 확인해 주세요. 램프가 켜져 있다면 가전의 와이파이 램프 OFF방법으로 램프를 끈 후 다시 와이파이 버튼을 5초 이상 눌러 점등되는지 확인해 주세요. 연결할때에는 가전제품과 와이파이와 스마트폰이 10m 이내여야 연결 가능합니다. 원활한 IoT 사용을 위해 와이파이 환경을 확인해 주세요. 연결하려는 장소에 반드시 비밀번호가 설정된 2.4G 와이파이가 있어야합니다. 5G 환경에서는 연결 상태가 불안정 하여 사용이 불가합니다. 연결하려는 와이파이의 신호(강도)가 안정적인지 확인해 주세요. 인터넷 공유기이더라도 UPD 검색 기능을 막는 경우 가전 등록이 불가능합니다. 인터넷 공유기 설정에서 공유기에 연결되는 와이파이 지원기기의 IP를 지정하여 할당할 경우 가전등록이 불가능합니다. 네트워크 이름(SSID)을 숨길 경우 와이파이 연결이 안될 수 있습니다. IoT 연결 오류시 다음 내용을 확인해 주세요. 다른 스마트폰으로 확인해 주세요. 일부 스마트폰은 해당 기능을 지원하지 않을 수 있습니다. 제품별 IOT 사용 방법이 궁금한 경우 확인해 주세요. 온라인 서비스센터 홈페이지 쉬운해결 제품 사용설명서에서 제품을 선택하고 모델명을 조회하시어 IOT 사용가이드(설명서)를 참고해 주세요.,,없음
공기청정기,필터교체 램프에 불이 들어와요(필터리셋방법),[필터교체] 램프가 점등되는것은 필터 교체 주기를 알려주는 알림 기능입니다. 다음 내용을 확인해 주세요 필터교체 램프가 점등되는 이유를 확인해 주세요. 1일 12시간 사용 기준 12개월이 경과되면 필터교체주기를 알려주는 [필터교체] 램프가 점등됩니다. 1일 작동시간에 따라 [필터교체] 램프 점등 시기는 달라질 수 있습니다. 필터교체 후 반드시 필터교체 및 필터교체주기 초기화(리셋)작업을 진행해 주세요. 적용모델 : ACL20C1 ACL25C1 ACL20U1 ①전원을 켜주세요 ②[모드] 버튼을 5초 이상 눌러주세요. ③알림음과 동시에 [필터교체 알림] 램프가 소등되었는지 확인해 주세요. 필터 교체 알림은 All-in-One Care 필터에만 적용되는 기능으로 향균 프리필터는 별도의 필터 교체 알림이 없습니다. 적용모델 : ACL120Z ACL170Z ACL200Z ACL210Z ACL211Z ACL150B ACL130Z(2019년 4월 이전 생산 제품만 해당) ①전원을 켜주세요 ②[풍량]과 [모드] 버튼을 동시에 3초 이상 눌러주세요. ③[필터교체] 램프가 소등되었는지 확인해주세요 적용모델 : ACL131T ACL131T0 ①전원을 켜주세요 ②[모드] 버튼을 3초 이상 눌러주세요. ③알림음과 동시에 [필터교체 알림] 램프가 소등되었는지 확인해 주세요. 적용모델 : ACL130Z ACL131Z ①전원을 켜주세요 ②[풍량]+[모드]버튼을 5초이상 눌러주세요. ③알림음과 동시에 [필터교체 알림]램프가 소등되었는지 확인해주세요.,,https://static.service.skmagic.com/editor/faq/ckimg/2e6493713e1f41a0872b9125bca3de7e.png|https://static.service.skmagic.com/editor/faq/ckimg/41b344669f934d38813072eedfbdc111.png|https://static.service.skmagic.com/editor/faq/ckimg/66b6b59d688a4c24a20207795cfd09cb.png
공기청정기,공기청정기 필터는 어떻게 구성되어있나요,공기청정기는 모델에 따라 3단계 또는 4단계의 필터로 구성으로 되어있습니다. 다음 내용을 체크해 주세요 극세사 프리필터 가장 앞쪽에 위치하고 있는 필터로 큰먼지 머리카락등을 제거합니다. 청소주기 : 약 2주~4주 주기로 1회 청소 (먼지 오염도에 따라 청소주기는 달라질 수 있습니다) 청소방법 : 청소기로 먼지를 제거하거나 물세척 후 완전히 건조하여 사용해주시면 됩니다. 미드/더스트필터 굵은 먼지 및 중간크기의 먼지를 걸러줍니다. 권장 교체주기 : 4개월 청소방법 : 필터에 붙어있는 큰먼지를 털어서 제거하는정도의 청소는 가능하나 교체용 필터로 물청소는 절대 불가합니다. 탈취필터 활성탄으로 냄새분자를 흡착시켜 새집증후군 및 유해가스를 제거합니다. 권장 교체주기 : 12개월 물청소 절대 불가합니다. 설치 환경의 오염도에 따라 권장 교체주기가 되지 않았더라도 필터 오염이 심하면 교체하여 사용해주세요. 초미세먼지 집진필터 공기 중의 미세먼지 및 초미세먼지를 제거합니다. 권장 교체주기 : 12개월 물청소 절대 불가합니다. 설치 환경의 오염도에 따라 권장 교체주기가 되지 않았더라도 필터 오염이 심하면 교체하여 사용해주세요. All-in-One Care 필터 탈취필터와 초미세먼지 집진필터가 일체형으로 구성되어있으며 향균 기능이 추가되어 필터 내 곰팡이 등의 세균증식을 억제합니다. 권장 교체주기 : 12개월 물청소 절대 불가합니다. 설치 환경의 오염도에 따라 권장 교체주기가 되지 않았더라도 필터 오염이 심하면 교체하여 사용해주세요. 적용모델 : ACL20C1 ACL25C1 ACL20U1 가습필터 가습기능 사용시 꼭 장착해야하는 필터입니다. 청소주기 : 1주에 1~2회 권장 교체주기 : 4개월 청소방법 : 물에 중성세제를 희석하여 30분정도 가습필터를 담근 후 흐르는 물에 여러번 헹궈주세요. 그늘에 건조하여 사용해주세요. 필터는 소모품이므로 보증기간 중이라도 오염이 심하거나 냄새가 날 경우에는 새로 구입하여 교체해주셔야합니다. 3단계 필터구성 극세사프리필터 - 탈취필터 - 초미세먼지 집진필터 4단계 필터구성 극세사프리필터 - 미드/더스트필터 - 탈취필터 - 초미세먼지 집진필터 - (가습필터),,https://static.service.skmagic.com/editor/faq/ckimg/e1cc7973d60b4900858959d0a6a6cab8.png|https://static.service.skmagic.com/editor/faq/ckimg/7a34ea306d41445ebc81e8116623be2c.png
공기청정기,IOT 연결이 가능한 공기청정기 모델은 무엇인가요?,IOT 기능이란? 제품을 휴대폰에 무선으로 연결하여 제품의 상태 확인 및 일부 작동을 제어 할 수 있는 기능입니다. IOT 사용이 가능한 제품을 확인해 주세요. 올클린 공기청정기 : ACL20C1 ACL25C1 ACL20U1 ACL15C1 20년형 AI 공기청정기 : ACL201 ACL160 ACL122 슈퍼 공기청정기 : ACLV100 ACLV200 ACLV20 ACLV09 ACLV12 ACLV15 ACLV16 ACLV32 ACLV35 ACL300 모션 공기청정기 : ACL140 ACL141 U필터 공기청정기 : ACL120U ACL50U 미니언즈 공기청정기 : ACL121,,없음
공기청정기,공기청정기 팬 작동 소음이 커요,[강]풍량으로 작동되고있는지 확인해 주세요. 풍량이 강할수록 팬의 회전속도가 빨라져 모터 소음이 커지게 됩니다. 풍량을 [약]으로 설정하여 팬 소음이 작아진다면 정상입니다. 자동 또는 집중모드 설정을 확인해 주세요. 자동 또는 집중모드는 오염도에 따라 풍량을 자동으로 조절하여 작동되므로 오염상태가 나쁠수록 풍량이 강해지고 그로 인해 소음이 커지게 됩니다. 저절로 커지는 소음이 신경쓰이신다면 자동 또는 집중모드가 아닌 풍량을 수동으로 조절하여 사용해 주세요. 필터의 오염 상태를 확인해 주세요. 프리필터에 먼지가 많이 쌓여 막혀있다면 공기 순환이 원활하지 못해 작동시 소리가 크게 날 수 있습니다. 주기적으로 프리필터의 먼지를 청소해 주세요. 필터의 포장 비닐이 제거되었는지 확인해 주세요. 새제품 또는 필터 교체시 포장 비닐을 제거하지 않고 장착한 경우 작동 소음이 크게 발생할 수 있으므로 필터 상태를 재 확인 해주세요.,,https://static.service.skmagic.com/editor/faq/ckimg/21c2f0321f8c4cfb9053d6c0ac9e127f.png
공기청정기,교체 또는 청소가 필요한 필터는 무엇인가요,교체가 필요한 공기청정기 필터는 별도로 구매하여 자가적으로 교체가 가능합니다. 반영구 필터는 사용 상태에 따라 진공청소기나 물로 먼지를 제거하여 사용해 주세요. 반영구 필터로는 극세사 프리필터와 가습필터가 있습니다. 반영구 필터라도 필터가 훼손된 경우 효율적인 공기청정을 위하여 새필터를 구매하여 교체해 주세요. 교체용 필터는 교체주기에 맞춰 새 필터로 교체해 주세요. 교체용 필터로는 미드필터 탈취필터 헤파필터 U필터 등이 있습니다. 필터교체가 이루어지지 않으면 필터의 색상이 변하고 기공이 먼지로 막혀 공기가 통과하지 못하여 바람이 약해지거나 나오지 않을 수 있습니다. 새 필터로 교체시 필터 포장지는 꼭 제거 후 조립해 주세요. 필터의 종류를 확인해 주세요. 제품에 따라 적용되는 필터는 상이합니다. 모델에 따라 내용에 차이가 있을 수 있습니다.,,https://static.service.skmagic.com/editor/faq/ckimg/c4d655ead4284d92a1af62d14da6302e.png
공기청정기,여름철(장마철) 공기청정기에서 냄새가 나요,여름철 작동 시 꿉꿉한 쾌쾌한 먼지 냄새가 난다면 확인해 주세요. 여름철(장마철) 공기청정기 사용시 또는 일시적 미사용 후 재사용 시 꿉꿉한(쾌쾌한) 냄새가 나요 청정기와 가습기를 함께 사용할 경우 필터가 습해져 쾌쾌한 냄새가 날 수 있듯이 여름/장마철 높은 습도로 인해 필터에서 꿉꿉한 냄새가 날 수 있습니다. 장마철 공기청정기를 사용하지 않은 상태로 일주일 이상 방치 시 해파필터 내부 미세먼지와 여름철(장마철) 높은 습도로 인해 쾌쾌한 냄새가 발생할 수 있습니다. [조치방법] 공기가 계속 순환할 수 있도록 취침모드 또는 약모드로 작동하면 냄새증상을 사전에 예방 할 수 있습니다. 일시적 미사용 후 재사용 시 냄새가 난다면 충분히 환기되는 곳에서 1~2일 강풍으로 작동 후 사용해 주세요. 프리필터는 깨끗이 물 청소 후 건조하고 나머지 필터는 햇볕에 하루 정도 건조 후 사용해 주세요 .,,https://static.service.skmagic.com/editor/faq/ckimg/2221e936892548b9b1cd423d37efedce.png
공기청정기,공기오염도가 항상 나쁨이에요/먼지수치가 떨어지지 않아요,먼지센서를 청소해 주세요. 먼지센서를 주기적으로 청소하지 않으면 센서 성능이 저하되어 감도가 낮아지므로 주기적인 청소를 권장합니다. ①먼지센서 커버는 아랫부분에 손가락을 넣어 위로 올린 후 앞으로 당겨 분리해 주세요. ②물 묻힌 면봉으로 렌즈(먼지유입구먼지토출구)를 먼저 닦아준 뒤 마른 면봉으로 한번 더 닦아주세요. (아래 이미지 참고) ③먼지센서 청소가 끝난 후 역순으로 커버를 다시 조립한 뒤 사용해 주세요. 외부미세먼지 수치가 높은지 확인해 주세요. 외부 미세먼지 수치가 높다면 미세먼지는 눈에 보이지 않을 정도로 아주 작기 때문에 완전히 차단되지 않으며 창문의 미세한 틈과 현관문을 통해 유입될 수 있습니다. 하루이틀 정도 해당지역의 미세먼지 농도를 확인하여 대기질이 안정화 되면 센서상태를 다시 확인해 주세요. 가습기 사용여부를 확인해 주세요. 분무식 가습기에서 뿜어져 나오는 작은 물입자를 먼지로 인식하여 오염도 상태가 나쁨으로 지속될 수 있어 서로 다른 공간에서 사용하는 것을 권장합니다. 분무식 가습기를 동일 공간에서 사용한다면 3m이상 거리 유지가 필요합니다. 가습기 동시 사용시 가습기의 물입자가 청정기로 흡입되어 필터가 습해지면 필터에서 쾌쾌한 냄새가 발생할 수 있습니다. 공기청정기와 가습기를 24시간 동시 사용해도 필터 교체 주기는 단축되지 않습니다. 사용 환경 및 장소를 확인해 주세요. 거실에서 사용중이라면 작은방 또는 화장실 등의 장소로 옮겨 작동 시 20분 경과 후 '좋음'으로 변경된다면 정상입니다. 방향제 또는 디퓨저 사용 및 새가구 배치 도배 인테리어 공사 등 환경적인 부분도 센서에 영향을 줄 수 있습니다.,,https://static.service.skmagic.com/editor/faq/ckimg/fe418d4b6cbd4c66bf8fb4667c74de93.png|https://static.service.skmagic.com/editor/faq/ckimg/df035e68ba114a42a72cd88d22c070e5.png|https://static.service.skmagic.com/editor/faq/ckimg/7f6efea595b84df6a24f2a00d07a8f48.png
공기청정기,와이파이 램프가 깜박거려요 (기능 OFF 방법),제품의 와이파이 램프가 깜박이는 경우 와이파이 버튼 초기화(와이파이 기능 OFF)가 필요합니다. 와이파이 램프가 깜박거리는 경우를 확인해 주세요. IOT연결이 끊긴 상태로 IOT재연결이 필요하거나 IOT연결을 하지 않은 상태에서 제품의 와이파이 버튼이 눌린 경우 발생합니다. 와이파이 버튼 램프 깜박임으로 기능을 OFF한 경우 재 연결하여 IOT사용이 가능합니다. 제품별 와이파이 버튼 초기화(와이파이 기능 OFF)방법을 확인해 주세요. 적용모델 : ACL20C1 ACL25C1 ACL20U1 ①콘센트가 연결되어있는 상태에서 전원을 OFF 해주세요. ②[WiF] 버튼을 4초이상 '띵' 하는 부저음이 날때까지 눌러주세요. ③'띵' 하는 부저음과 동시에 (1초 이내로) [전원] 버튼을 눌러주세요. ④와이파이 램프가 OFF 되었는지 확인해 주세요. 적용모델 : ACLV09 ACLV12 ACLV15 ACLV20 ACL121 ACL201 ACLV32 ACLV35 ACL150U ①콘센트가 연결되어있는 상태에서 전원을 OFF 해주세요. ②[급속] 버튼을 5초이상 '띵' 하는 소리가 날때까지 눌러주세요. ③'띵' 하는 소리 동시에 (1초 이내로) [전원] 버튼을 눌러주세요. ④와이파이 램프가 OFF 되었는지 확인해 주세요. 적용모델 : ACLV16 ACL160 ACL120U ACL122 ACL140 ACL141 ①콘센트가 연결되어있는 상태에서 전원을 OFF 해주세요. ②[모드선택] 버튼을 3초이상 '띵' 하는 소리가 날때까지 눌러주세요. ③'띵' 하는 소리 동시에 (1초 이내로) [전원] 버튼을 눌러주세요. ④와이파이 램프가 OFF 되었는지 확인해 주세요. 적용모델 : ACLV100 ACLV200 <2016년 9월 이전 제작 모델> ①콘센트가 연결되어있는 상태에서 전원을 OFF 해주세요. ②[WIFI]+[급속] 버튼을 동시에 5초이상 '띵' 하는 소리가 날때까지 눌러주세요. ③와이파이 램프가 OFF 되었는지 확인해 주세요. <2016년 9월 이후 제작 모델> ①콘센트가 연결되어있는 상태에서 전원을 OFF 해주세요. ②[급속] 버튼을 5초이상 '띵' 하는 소리가 날때까지 눌러주세요. ③'띵' 하는 소리 동시에 (1초 이내로) [전원] 버튼을 눌러주세요. ④와이파이 램프가 OFF 되었는지 확인해 주세요.,,없음
공기청정기,공기청정기에서 냄새가 나요,플라스틱 냄새 새제품 냄새가 발생하나요? 새제품을 사용하거나 새필터로 교체한 경우 몇일 동안은 새제품 특유의 냄새가 발생할 수 있습니다. 환기를 하면서 1~2일 이상 작동하는 경우 자연적으로 없어지는 냄새이며  인체에 무해합니다. 타는듯한 냄새가 발생하나요? 장기간 미사용하던 제품을 사용하는 경우 탈취필터의 주 성분인 활성탄(숯)냄새로 인해 타는듯한 냄새가 발생할 수 있습니다. 환기를 하면서 강풍으로 1~2시간 작동해주세요. 곰팡이 습한냄새 쾌쾌한 발생하나요? 가습기능이 있는 모델은 가습필터와 수조부 물통을 청소하지 않으면 물때와 물오염으로 인해 냄새가 발생할 수 있습니다. 가습기능이 있는 모델은 물이 72시간 고여 있으면 수조부 청소 알림 발생 표시로[CLE]문구가 뜨고 띵하는 부저음이 발생하므로 주 2~3회이상 가습필터와 수조부 물통을 청소해주시고 가습기능을 사용하지 않을때에는 수조부와 물통을 비워서 보관해 주세요. 제품을 사용할때 주변에 분무형태의 가습기를 사용하는 경우 가습기에서 분사되는 물입자가 공기청정기 필터에 스며 필터가 습해며 냄새가 발생할수 있습니다. 가습기로 인해 필터에서 습한 냄새가 발생하는 경우 필터를 분리하여 건조한 후 사용해 주시고 정도에 따라 필터를 교체해 주세요. 음식냄새 집안 냄새가 발생하나요? 담배 고기 생선 등 냄새가 강하게 발생하는 장소에서 공기청정기를 작동하게 되면 필터에 냄새가 스며들고 다음 사용시에 스며있던 냄새가 배출됩니다. 과다한 냄새가 발생할 경우 환기를 통해 심한 냄새를 먼저 제거해 주시고 환기 후 남은 냄새를 한번 더 제거하는 용도로 공기청정기를 작동해 주시길 권장합니다. 환기를 하면서 강풍으로 1~2시간 작동해 주세요. 이후에도 지속적으로 냄새가 발생한다면 새필터로 교체가 필요합니다.,,없음
공기청정기,가습필터 청소는 어떻게 해야하나요,가습필터 청소 방법을 확인해 주세요. ①제품 측면으로 물통과 수조부를 분리해 주세요. ②중성세제를 약 40도의 물에 충분히 녹인 후(물 1ℓ 당 중성세제 5~10g) 가습필터를 30분정도 담궈 주세요. ③흐르는 물에 잔여물이 남아있지 않도록 충분히 여러번 헹궈 주세요. ④그늘에서 건조 후 재조립하여 사용해 주세요. 가습필터의 재질은 종이 성분으로 뜨거운물 비틀거나 주물러서 세탁 탈수를 하게 될 경우 변형될 수 있으니 주의해 주세요. 가습필터에 하얀이물질(스케일)이 많이 발생한 경우 구연산을 물에 충분히 녹인 후(물 1ℓ 당 구연산 20g) 가습필터를 30분 이상 담근 후 흐르는 물에 여러번 헹궈 세척해 주세요. 가습필터에 냄새가 많이 나는 경우 물 1ℓ 에 (베이킹소다 20g 식초 20g 세제 20g)을 충분히 녹인 후 가습필터를 약 2시간정도 담근 후 흐르는 물에 여러번 헹궈 세척해 주세요. 가습필터 교체주기를 확인해 주세요. ①ACLV200 반영구적으로 사용이 가능한 필터로(필터 교체 주기 없음) 물 세척 청소가 가능합니다. 필터가 변형되거나 교체를 원하신다면 별도로 구매 가능합니다. ② ACLV09 ACLV15 필터교체 주기는 4개월이며 물 세척 가능합니다. 필터교체 주기 이전 필터 변형이나 교체를 원하신다면 별도로 구매 가능합니다.,,없음
공기청정기,공기청정기의 센서가 궁금해요,공기청정기에는 먼지센서 가스센서 온도센서 습도센서 PIR센서가 있습니다. (모델에 따라 센서 유무는 차이가 있습니다) 다음 내용을 체크해 주세요 1. 먼지센서 - 미세먼지 초미세먼지의 농도를 감지하여 먼지수치를 표시합니다. [측면 먼지센서] [후면 먼지센서] 먼지센서는 모델에 따라 제품 좌측 또는 우측 또는 후면에 위치하고 있습니다. 2. 가스센서 - 제품 주변의 유해가스 농도를 감지하여 오염정도에 따라 청색/녹색/주황색/적색 4단계 색상으로 표시합니다. 가스센서는 전면 판넬 분리 후 필터 조립부 상단 또는 제품 후면에 위치하고 있습니다. 가스센서 후면 위치 제품인 ACL20C1 ACL25C1 ACL20U1 이외의 모델은 가스센스가 전면에 위치하고 있습니다. [전면 가스센서] [후면 가스센서] 3. 온도/습도센서 - 현재 온도와 습도를 감지하여 표시합니다. 온/습도센서 위치 - 하단 이미지에 표시된 위치로 측면 먼지센서 밑에 있습니다. (센서는 내부에 설치 되어있어서 외부로 보이지는 않습니다) 온/습도센서가 내부에 설치되어있지 않아도 외관 커버가 똑같이 제작되는 모델은 외부에 보이는 표시가 동일합니다. 예)코어공기청정기는 온/습도센서가 없으나 외관 커버 표시는 온/습도센서가 있는 모델처럼 아래 사진과 동일합니다. 4. PIR센서 - 열원의 움직임을 감지하는 적외선 모션감지센서입니다. PIR(적외선)센서 위치 - 상단 송풍구에 위치하고 있습니다. 적용모델 - ACL140 ACL141,,https://static.service.skmagic.com/editor/faq/ckimg/3e8519f8fe7a4dfcbfb81e36b1cf6615.png|https://static.service.skmagic.com/editor/faq/ckimg/0d4b933be14e46bab0c86b104f32a556.png|https://static.service.skmagic.com/editor/faq/ckimg/4b678fdde8fa4f479a1a6f9cdc7d30db.png|https://static.service.skmagic.com/editor/faq/ckimg/13b6aaa23a594c1c8979c22e20dcbc5e.png|https://static.service.skmagic.com/editor/faq/ckimg/e24b5cc93e614401bd7c3cedd2ba3ca1.png|https://static.service.skmagic.com/editor/faq/ckimg/32c14b727076429ebf91ed7dde90c0b9.png
공기청정기,공기청정기에서 여러가지 소리가 나요,공기청정기 동작시 나타나는 소리를 확인해 주세요. 윙 웅하는 소리은 풍량에 따라 팬이 회전하며 발생하는 정상 소리입니다. 조용한 환경에서 더욱 크게 들릴 수 있으며 풍량이 강할수록 소리도 커집니다. 가습기능이 적용된 공기청정기에서 꾸르륵 물 흐르는 소리가 발생하는 경우 물통에 담긴 물이 수조부로 흐르며 발생하는 정상 소리입니다. 모션공기청정기에서 송풍구가 팝업되거나 모션 회전시 드드득 탁탁 소리가 나는 경우 팝업부의 원점 위치를 잡기위해 발생하는 정상 소리입니다. 지속하여 발생하는 경우 전문가의 점검이 필요합니다. 공기청정기 동작시 나타나는 정상 소리가 아닌 소리가 지속적으로 발생하나요? 취침모드 상태에서는 LED램프가 꺼지고 풍량이 가장 약하게 작동하기 때문에 취침모드임에도 풍량세기 [약]상태보다 소리가 크게 들리는 경우 전문가의 점검이 필요합니다. 공기청정기를 이동하거나 작동시 달그락 거리는 소리가 발생하는 경우 송풍구 내부에 이물질이 들어가 있을 수 있는지 확인해 주세요.,,없음
공기청정기,전원이 안들어와요/작동 중 전원이 꺼져요/차단기가 내려가요,공기청정기 전원이 들어오지 않거나 작동 중 전원이 꺼지는 경우 다음 내용을 확인해 주세요. 다음 내용을 확인해 주세요 예약기능 또는 AI기능이 적용된 모델의 경우 확인해 주세요. 예약시간 설정시 설정한 시간이 지나면 제품 전원이 OFF되므로 예약기능이 설정되어 있는지 확인해 주세요. AI 기능 설정시 [좋음] 상태가 15분 유지되면 대기상태로 변경이 되고 대기 상태일때는 전원이 OFF되므로 AI 기능이 설정되어 있는지 확인해 주세요. 제품의 전원코드선이 연결된 콘센트를 확인해주세요. 제품의 전원코드선이 콘센트에 정상적으로 잘 연결되어 있는지 확인해 주세요. ACL131T모델의 전원코드선 반대쪽에는 본체에 연결하는 아답터가 있어 본체에도 연결이 되어있는지 확인이 필요합니다. 제품의 전원코드선이 콘센트에 연결되어 있다면 해당 콘센트에 드라이기 등 소형 전기제품를 연결하여 콘센트의 전원공급 상태가 정상인지 확인해 주세요. 콘센트에 여러 제품을 연결하여 사용시 전력 과부하로 인해 누전차단기가 내려가거나 작동 중 전원이 꺼질 수 있으므로 제품을 단독으로 연결하여 사용해 주세요. 대기전력 차단 콘센트에 연결하여 사용하는 경우 콘센트 상태를 [상시]로 설정하시거나 일반적인 콘센트에 연결하여 사용해 주세요. <대기전력 차단콘센트 이미지> 설치된 장소에 누전차단기를 확인해주세요. 제품이 설치된 장소에 누전차단기(두꺼비집)가 내려가 있는건 아닌지 확인해 주세요. 누전차단기가 내려가 있다면 다시 원상복구하여 사용해 주세요. <누전차단기 예시 이미지> 멀티콘센트로 연결하여 사용하는 경우 멀티콘센트를 확인해주세요. 멀티콘센트의 노후화로 작동이 안될 수 있으니 멀티콘센트를 교체한 후 확인해 주세요. ON/OFF스위치가 없는 정격용량 250V 16A 이상의 멀티콘센트를 사용해 주세요. 벽면콘센트와 멀티콘센트에 여러 제품을 연결하여 사용시 전력 과부하로 인해 누전차단기가 내려가거나 작동 중 전원이 꺼질 수 있으므로 제품을 단독으로 연결하여 사용해 주세요.,,https://static.service.skmagic.com/editor/faq/ckimg/43ef292173b648a99e10f027e5f0d4a4.png|https://static.service.skmagic.com/editor/faq/ckimg/efac5526c713497e9f767873b1ad4a17.png
공기청정기,AI 기능은 무엇인가요,AI 기능 및 적용모델을 확인해 주세요. 제품 주변의 공기오염도 또는 설치 주소의 대기오염 정보등을 수집하여 스스로 공기를 정화시키고 사용자와 공기청정기의 위치가 가까워지면 스스로 가동하는 등 인공지능을 이용한 기능입니다. AI 기능에는 무엇이 있는지 확인해 주세요. 인공지능 자동운전 기능은 공기오염도가 15분 이상 좋음이면 제품이 작동을 멈추어 소음과 전기세 절감에 효과가 있으며 오염이 감지되면 스스로 작동시켜 공기를 정화합니다. 실내 오염도 분석기능은 전 주 공기 오염상태를 분석하여 오염이 발생될 것을 예측하고 이번주 동일 시간대 전에 청정기를 가동해 공기를 정화시킵니다. 외부 공기상태 파악 기능은 제품이 설치된 동네의 대기오염 정보(황사 미세머지)를 수집하여 스스로 공기를 정화시켜줍니다. 사용자 위치파악 기능은 제품이 설치된 장소를 [위치등록] 하게 되면 해당 위치에 사용자가 500m 이내 진입시 청정기가 스스로 가동되어 미리 공기를 정화시켜줍니다.,"[표1] | 구분 | 모델명 | | --- | --- | | 가습 겸용 모델 | ACLV200, ACLV09, ACLV15 | | ACLV100 계열 | ACLV100, ACLV20, ACL201 | | ACLV12 계열 | ACLV12, ACL121, ACL122 | | ACLV16 계열 | ACLV16, ACL160 | | U필터모델 | ACL150U, ACL120U | | ACLV32 계열 | ACLV32, ACLV35, ACL300V | | 모션공기청정기 | ACL140, ACL141 | | 올클린공기청정기 | ACL15C1, ACL20C1, ACL25C1, ACL20U1 | | 올클린디아트청정기 | ACL16C1, ACL16C2, ACL22C1, ACL22C2, ACL22P1 |",없음
공기청정기,가스오염도가 계속 적색이에요,새제품 설치 후 처음 작동하셨나요? 새제품 설치 후 처음 작동시 또는 제품을 장시간 미사용 후 다시 사용할 경우 가스센서가 안정되는 시간이 약 48시간정도 소요되어 가스오염도가 [적색]으로 지속될 수 있습니다. 가스센서의 안정화 시간은 제품 보관과 유통 과정 중 센서의 오염정도 설치장소의 오염정도에 따라 차이가 발생합니다. 설치 환경을 확인해 주세요. 새집으로의 이사 가구 교체 인테리어 공사 등 휘발성 유기화합물이 실내로 배출될 수 있는 환경에서는 가스오염도가 지속 [적색]으로 유지될 수 있습니다. 공기청정기가 제거할수 있는 양보다 유해가스 오염도가 더 많이 축적된 곳이라면 정화되기까지 오랜 시간이 소요되며 가스램프가 적색으로 지속될 수 있습니다. 향초 또는 디퓨저 사용으로 실내공간에 향이 배어있는 경우 공기청정기를 장시간 작동하여도 가스오염도는 [적색]에서 변화가 없을 수 있습니다. 유해가스의 오염농도가 많이 축적되어있는 공간이라면 공기청정기의 작동만으로는 유해가스 제거에 한계가 있습니다. 가스오염도의 [나쁨]상태가 지속된다면 공기청정기를 잠시 끄고 창문을 열어 환기를 해주세요.,,없음
공기청정기,가습기와 공기청정기를 함께 사용해도 되나요?,분무식 가습기의 물 입자가 공기청정기 먼지수치와 소음에 영향을 주기때문에 권장하지 않습니다. 분무식 가습기와 공기청정기를 함께 사용하려 하나요? 분무식가습기에서 뿜어져 나오는 물입자를 제품은 미세먼지로 인식하여 먼지수치가 계속 나쁨으로 표시되는 등 정확한 먼지 수치 측정이 불가합니다. 분무식가습기에서 뿜어져 나오는 물입자를 미세먼지로 인식하는 경우 제품이 강풍으로 작동되어 소음이 커질 수 있습니다. 분무식가습기의 물입자가 지속해서 공기청정기에 흡입되면 필터의 수명 및 냄새에도 영향을 줄 수 있습니다. 분무식 가습기와 공기청정기를 함께 사용중인가요? 각 다른 공간에서 사용해 주세요. 먼지수치가 지속해서 나쁨으로 표시되는 경우 가습기 사용을 중지하고 환기를 시켜 수치가 안정될 수 있도록 해주세요. 공기청정기에서 쾌쾌하고 습한 냄새가 발생하는 경우 필터를 교체해 주세요.,,없음
공기청정기,필터 분리/교체/조립 방법이 궁금해요 (ACL15C1 ACL20C1 ACL25C1 ACL20U1),필터 분리 및 교체 방법을 확인해 주세요. 필터를 교체한 경우 확인해 주세요. 필터를 교체한 경우 필터 수명 타이머 설정이 필요하므로 필터 리셋을 진행해 주세요. 제품의 전원을 켜고 [모드]버튼을 5초이상 누를 경우 알림음 발생과 동시에 필터교체 램프가 소등되면 리셋이 완료됩니다. 필터 청소 및 교체 시기를 확인해 주세요. 향균 프리필터 : 2~4주에 1회 세척가능하며 4개월 기준으로 교체하여 사용 권장합니다. 올인원 케어 필터 : 세척 사용이 불가하며 12개월 기준으로 교체하여 사용 권장합니다. 필터 교체 주기는 사용환경에 따라 달라질 수 있습니다. ACL20U 모델은 깨끗한 UV광촉매 모듈 사용을 위해 UV살균모드를 주 3시간 이상 사용 권장합니다.,,https://static.service.skmagic.com/editor/faq/ckimg/1bcd719aa48c485b97e98c0f84a86d2d.png
공기청정기,공기오염도가 항상 좋음이에요/먼지수치가 올라가지 않아요,공기청정기의 공기 상태 표시가 항상 좋음(청색)으로 표시되는 경우 확인해 주세요. 공기 오염도 수치를 나타내는 원리를 확인해 주세요. 공기청정기 제품에 내장된 먼지센서가 청정기 주변의 미세먼지 및 초미세먼지를 감지하여 먼지 수치를 표시합니다. 미세먼지 수치가 낮고 통합공기상태가 [좋음]이라면 주변의 공기오염도가 좋다는 의미입니다. 먼지센서가 정상적으로 감지하고 있는지 센서 청소 및 센서 테스트 방법을 이용하여 확인해봅니다. 먼지센서를 청소해 주세요. 먼지센서를 주기적으로 청소하지 않으면 센서 성능이 저하되어 감도가 낮아지므로 주기적인 청소를 권장합니다. ①먼지센서 커버는 아랫부분에 손가락을 넣어 위로 올린 후 앞으로 당겨 분리해 주세요. ②물 묻힌 면봉으로 렌즈를 먼저 닦아준 뒤 마른 면봉으로 한번 더 닦아주세요. (아래 이미지 참고) 단 ACL140 ACL141 ACL131 모델은 진공청소기를 이용하여 센서의 먼지 흡입구를 청소해 주세요. ③먼지센서 청소가 끝난 후 역순으로 커버를 조립한 후 사용해 주세요. 먼지센서 테스트 방법을 이용하여 센서 감지 상태를 확인해 주세요. 먼지센서 앞에서 향초를 피우거나 두루마리 휴지 10칸정도를 양손으로 잡고 30초이상 비벼주세요. 먼지수치가 올라가거나 클린램프(파랑초록주황 빨강)가 변한다면 먼지센서는 정상적으로 작동 중입니다. 가스센서 테스트 방법을 이용하여 센서 감지 상태를 확인해 주세요. 향수 또는 알코올 성분이 들어간 손세정제를 손바닥에 묻힌 뒤 가스센서 앞에 손바닥을 가져다 대 주세요. 가스램프 색상이 변하거나 'GSA' 또는 '가스'라고 표기되면서 클린램프가 빨간색으로 변한다면 가스센서는 정상적으로 작동 중입니다. 올클린디아트청정기의 경우 'GSA' 또는 '가스'라고 표기되지 않으며 클린램프가 빨간색으로 변하고 2단으로 팝업된 후 작동한다면 정상적인 작동 상태입니다.,[표1] | 클린램프 | 청색 | 보통 | 주황색 | 적색 | | --- | --- | --- | --- | --- | | https://static.service.skmagic.com/editor/faq/ckimg/cc3a512e82ef4afb8062847fe1b0af42.png | https://static.service.skmagic.com/editor/faq/ckimg/55449f57d78f4bd08dfb254483b2db7f.png | https://static.service.skmagic.com/editor/faq/ckimg/553a8e4269a940068fff503cc90e27b7.png | https://static.service.skmagic.com/editor/faq/ckimg/c1ad8f3ee0f948ec8b207c1da548df47.png |  | | 통합공기상태 | 좋음 | 보통 | 나쁨 | 매우나쁨 | | 초미세먼지 (PM2.5) | ~15 | 16~35 | 36~75 | 76~ | | 미세먼지 | ~30 | 31~80 | 81~150 | 151~ |[표2] | 조작부 이미지 | https://static.service.skmagic.com/editor/faq/ckimg/5465ebf794c6475cbae909ab3ee5c193.png | https://static.service.skmagic.com/editor/faq/ckimg/431ff89572054825bc2c8641c8840a97.png | https://static.service.skmagic.com/editor/faq/ckimg/1a897f80be0a454ba1ffe1fbd437c67d.png | | --- | --- | --- | --- | | 적용모델 | 좋음 | 보통 | 나쁨 |,https://static.service.skmagic.com/editor/faq/ckimg/cc3a512e82ef4afb8062847fe1b0af42.png|https://static.service.skmagic.com/editor/faq/ckimg/55449f57d78f4bd08dfb254483b2db7f.png|https://static.service.skmagic.com/editor/faq/ckimg/553a8e4269a940068fff503cc90e27b7.png|https://static.service.skmagic.com/editor/faq/ckimg/c1ad8f3ee0f948ec8b207c1da548df47.png|https://static.service.skmagic.com/editor/faq/ckimg/fe418d4b6cbd4c66bf8fb4667c74de93.png|https://static.service.skmagic.com/editor/faq/ckimg/0daf124b2423404eb768c09b8648849c.png|https://static.service.skmagic.com/editor/faq/ckimg/5465ebf794c6475cbae909ab3ee5c193.png|https://static.service.skmagic.com/editor/faq/ckimg/431ff89572054825bc2c8641c8840a97.png|https://static.service.skmagic.com/editor/faq/ckimg/1a897f80be0a454ba1ffe1fbd437c67d.png
공기청정기,배송받은 필터를 그대로 사용해도 되나요?,필터는 택배 수령 후 직접 필터 포장재(비닐)을 제거후에 장착하여 사용해 주세요.,,없음
공기청정기,수조부모양 또는 [CLE] 표시가 떠요,표시창에 수조부모양 또는 CLE 가 뜨고 부저음이 발생하는 경우 증상을 확인해 주세요. 다음 내용을 확인해 주세요 가습기능 적용 모델에서 CLE 표시가 뜨고 작동이 안되나요? 수조부 청소 주기가 도래함을 알려주는 표시입니다. 제품에 전원이 공급된 상태로 수조부의 물이 72시간 동안 고여있으면 수조부 청소 알림으로 [CLE]표시가 뜨고 '띵띵' 부저음이 발생합니다. ACLV200 모델은 수조부 모양이 표시됩니다. 수조부 청소 방법을 확인해 주세요. 수조부에 물이 장시간 고여있으면 물때 및 냄새 발생의 주 원인이 되므로 주기적인 청소가 필요합니다. ①측면 판넬 분리 후 물통을 빼내고 수조부를 분리해 주세요. ②수조부에서 가습필터를 분리한 후 수조부에 담긴 물은 버리고 청소용 솔(칫솔)을 이용하여 수조부를 닦아주세요. -하얀색이물질(스케일)이 많이 발생되었다면 구연산을 녹인 물을 이용하여 세척해주세요. *수위센서가 빠질 경우 정상적으로 가습기능이 작동되지 않으므로 청소시 주의해 주세요. ③가습필터는 중성세제를 희석한 물에 30분 정도 가습필터를 담가둔 후 흐르는 물에 충분히 헹구어 주세요. -가습필터를 뜨거운물로 세척하거나 비틀어서 탈수 및 힘을 가할 경우 변형이 생길수 있으니 주의해주세요. ④분해 역순으로 조립하여 수조부를 다시 제품에 넣어주세요.,,https://static.service.skmagic.com/editor/faq/ckimg/e64d4fef538e4e10a32f6ab9903d0d2a.png|https://static.service.skmagic.com/editor/faq/ckimg/6a306c314f114a2ba78defd16bd6795f.png|https://static.service.skmagic.com/editor/faq/ckimg/37bf650c881841ed835ef93cec4aa11b.png|https://static.service.skmagic.com/editor/faq/ckimg/c80d33cf51124959be7d2aebc474d640.png|https://static.service.skmagic.com/editor/faq/ckimg/a56235af5b7e4edbab442e1ff1d9c6c6.png
공기청정기,먼지센서 감도 조절기능과 사용방법이 궁금해요,먼지센서 감도를 사용자가 원하는 세기로 조절하여 사용할 수 있습니다. 먼지센서 감도 조절이란? 실내 공기질 오염도가 높은 공간에서 1시간 이상 공기청정기를 작동해도 나아지지 않거나 실내 공기질 오염도가 높은 공간임에도 공기청정기의 센서는 좋음으로 나타나는 경우 사용자가 직접 공기청정기의 먼지센서 감도를 조절하여 사용할 수 있습니다. 먼지센서 감도 조절이 가능한 모델을 확인해 주세요. ACL120Z ACL130Z ACL170Z ACL200Z ACL210Z ACL211Z ACL141 ACL160 ACL122 ACL201 ACL20C1 ACL25C1 ACL20U1 모델이 가능합니다. 먼지센서 감도 조절 방법을 확인해 주세요. ①콘센트가 연결된 상태로 전원을 OFF 해주세요. ②[풍량]버튼을 '띵' 소리가 날때까지 3초 이상 눌러주세요. 단 ACL201 모델은 풍량 [강] 버튼을 눌러주세요. ③'띵' 소리가 나면 1초 이내로 전원버튼을 눌러주세요. ④[풍량] 버튼을 짧게 1회 터치할 때마다 풍량버튼 약(둔감) 풍량버튼 중(보통) 풍량버튼 강(민감)으로 변경됩니다. ⑤원하는 민감도로 설정 후 모드버튼을 눌러 설정을 완료해주세요. 단 ACL201 모델은 자동모드 버튼을 눌러주세요. 제품 출고시 민감도 기본 설정값을 [보통]입니다.,,없음
공기청정기,올클린 공기청정기 필터 변경 안내,SK매직 올클린 공기청정기 필터 변경안내 입니다. 23년 2월 올클린 공기청정기의 올인원 케어 필터가 올인원 플러스 필터로 변경 되었습니다. 기존 올인원 케어 필터 대비 유해가스 정화능력이 최대2.6배 향상 되었으며 분리 가능한 구조로 변경하여 폐기물은 줄이고 친환경은 더했습니다. SK매직은 성능은 올리고 지구의 미래를 바꾸는 활동에 동참 중입니다. 올인원 케어필터 어떻게 바뀌는 건가요? 기존필터 대비 올인원 플러스 필터정화능력 향상,,https://static.service.skmagic.com/editor/faq/ckimg/b299d0582da840d1825a738b73d4d6e5.png|https://static.service.skmagic.com/editor/faq/ckimg/faca28941230427dadb77ad89ca166cc.png
공기청정기,요리를 할때 공기청정기를 작동해도 되나요,요리할 때 발생하는 냄새 및 유수분 등이 공기청정기로 흡입되어 필터의 수명에 영향을 미칠수 있습니다. 필터에 냄새 분자가 많이 흡착 될 수록 필터의 수명이 짧아지며 필터에 베어있는 냄새가 다시 배출될 수 있습니다. 요리 종류에 따라 발생하는 기름 분자들이 공기청정기로 흡수되어 필터를 오염시킬 수 있습니다. 음식할 때처럼 강한 냄새가 발생할 경우는 우선적으로 창문이나 환풍기를 이용하여 환기를 해주시고 강한 냄새가 어느정도 제거가 되었을때 공기청정기를 작동해 주세요.,,없음
공기청정기,공기청정기 작동시 [띵] 부저음이 발생해요,가습기능이 없는 모델의 경우 확인해 주세요. 커버가 제대로 닫혀있지 않은 경우 발생할 수 있으므로 모든 커버를 분리 후 재장착해주세요. 커버가 열린 경우 일부 모델은 화면에 drA drS 등의 문구가 부저음과 함께 표시됩니다. 커버 장착의 문제가 아닌 경우 버튼 잠김 설정이 된 상태에서 버튼 조작시 '띵' 소리만 나고 작동이 되지 않으므로 잠김 설정 여부를 확인해 주세요. 가습기능이 있는 모델의 경우 확인해 주세요. 수조부에 물이 72시간 동안 고여있으면 수조부 청소 알림 발생 표시로 [CLE] 문구가 뜨고 [띵]하는 부저음이 발생합니다. 수조부에 물이 오래 고여 있으면 물때 및 냄새 발생의 원인이 되므로 분리하여 청소를 진행해 주세요.,,없음
공기청정기,가습기능 사용시 어떤 물을 사용해야 하나요?,마실수 있는 수돗물 사용을 권장합니다. 수돗물에 포함된 염소 성분은 세균의 번식을 억제하는 효과가 있습니다. 수돗물을 사용하더라도 오랜시간 물이 담겨있으면 물때와 세균번식이 생길 수 있음으로 물통과 저수조는 정기적으로 청소를 진행해 주세요. 30도 이상의 물 정수기 정수된 물 온수기의 물 알카리이온수 미네랄워터 화학약품 또는 오염된물 방향제나 세제를 넣은물 등은 사용금지입니다. 살균효과가 떨어지므로 곰팡이나 균이 번식되어 악취가 발생하거나 필터 손상의 원인이 될수 있습니다. 물통의 물을 보충할때는 기존 물통내에 들어있던 수돗물은 버리고 매번 물을 새로 채워서 사용해 주세요.,,없음
공기청정기,송풍구 안쪽에 이물질이 들어갔어요/안쪽을 청소하고 싶어요,ACL20C1 ACL25C1 ACL20U1 모델의 송풍구 분리 및 청소 방법을 확인해 주세요. ②반드시 제품의 전원 코드선을 뽑은 뒤 버튼 조작부를 위로 올려 세워둔 후 외부 그릴을 위로 들어 분리해 주세요. ③내부 그릴 가운데 손잡이를 잡고 UNLOOK(왼쪽)방향으로 돌려 분리 후 송풍팬 캡과 송풍팬을 분리해 주세요. ④이물이 들어간 경우 제거해 주시고 손이 닿는곳을 청소해 주세요. 외부 그릴 내부 그릴 송풍팬(터보팬) 모두 분리가 가능합니다. 그외 모델의 송풍구 분리 및 청소 방법을 확인해 주세요. ①제품 전원 OFF 후 전원코드선을 분리한 후 커버 및 내부 필터(수조부 가습필터 포함)를 모두 제품에서 분리해 주세요. ②제품을 들 수 있다면 거꾸로 뒤집고 가볍게 흔들어 주세요. 단 너무 과하게 흔들면 팬에 무리가 가기 때문에 주의해 주세요. ④내부로 들어간 이물질이 빠졌다면 다시 필터 및 커버를 다시 조립해 주세요. 일부 모델은 안전상의 문제로 송풍구 자가 분리가 불가합니다. 진공청소기나 에어건을 이용하여 내부 먼지를 제거해 주세요. 송풍구에 장난감 또는 이물이 들어갔거나 제품 분해 후 청소가 필요하다면 서비스 점검을 권장해드리며 서비스 비용은 유상입니다. 송풍구 청소시 주의사항을 확인해 주세요. 반드시 전원코드선이 분리된 상태로 송풍구를 분리해 주세요. 제품 내부에 물이 들어가는 경우 감전 및 제품고장의 원인이 될 수 있으므로 물청소가 필요한 경우 물티슈 물을 묻힌 부드러운 천으로 청소해 주세요. 손이 닿는곳만 청소해 주세요. 공기청정기를 사용하지 않을 경우 송풍구 내부로 이물질이나 먼지가 들어가지 않도록 별도의 커버를 덮어서 보관해 주세요.,,https://static.service.skmagic.com/editor/faq/ckimg/775e13f6d6ce49669a078c9a9f8eb2ae.png
공기청정기,프리필터 청소는 어떻게 하나요,오염정도가 약한 프리필터의 청소 방법을 확인해 주세요. 프리필터를 분리하지 않고 청소기를 이용하여 청소하는 방법을 확인해 주세요. ①전면커버 분리 후 진공청소기를 이용하여 프리필터의 먼지를 흡입하여 제거해 주세요. 오염정도가 심한 프리필터의 청소 방법을 확인해 주세요. 프리필터를 분리하여 물 청소하는 방법을 확인해 주세요. ①커버 분리 후 프리필터를 분리해 주세요. ②프리필터에 다른 필터가 조립되어 딸려나오는 경우 반드시 분리해 주세요. 교체용 필터는 물청소가 불가합니다. ③프리필터의 큰 먼지를 제거하고 중성세제를 이용하여 가볍게 세척하여 청소한 후 물기를 완전히 건조시킨 후 장착하여 사용해 주세요. 제품별 커버 위치와 프리필터 모양를 확인해 주세요. 사용하는 모델의 이미지가 없거나 자세한 판넬 제거 방법이 필요한 경우 각 제품의 사용설명서를 확인해 주세요.,,https://static.service.skmagic.com/editor/faq/ckimg/7031fab722d040f185bfbe2a4d16546e.png|https://static.service.skmagic.com/editor/faq/ckimg/164496d15fd64ddca120a450f18d9df4.png|https://static.service.skmagic.com/editor/faq/ckimg/63878c39273c4b6e90ac3734cdbd6eea.png
공기청정기,표시창에 불이 깜박거려요/불이 안들어와요,화면 표시창에 불이 전혀 들어오지 않는 경우 확인해 주세요. 제품의 전원코드선을 분리한 후 30초 후 연결하여 확인해 주세요. 화면 표시창에 표시등이 깜빡거리는 경우 확인해 주세요. 와이파이 램프가 깜빡거리는 경우 [와이파이 램프가 깜박거려요] 바로가기 필터교체 램프가 깜빡거리는 경우 [필터교체 램프에 불이 들어와요] 바로가기 먼지센서와 가스센서 램프가 깜빡거리는 경우 제품의 전원코드선을 분리한 후 30초 후 연결하여 확인해 주세요.,,없음
공기청정기,필터 분리/교체/조립 방법이 궁금해요 (ACL141 ACL140),필터 분리 및 교체 방법을 확인해 주세요. ①SK매직 로고를 마주본 상태로 우측의 판넬을 분리해 주세요. 판넬의 ①번 코너부분을 잡고 좌측으로 가볍게 밀고 앞으로 당겨서 분리 후 ②번의 코너부분을 잡고 우측으로 가볍게 밀고 앞으로 당겨 분리 후 ③번 방향으로 들어주세요. ②필터 커버의 상하단에 있는 후크부 락을 누르면서 앞으로 당겨서 빼내주세요. ③더스트필터는 프리필터의 후크부 안쪽으로 조립되어있는 상태로 기존 필터 분리 후 새필터를 틀에 넣어 조립해 주세요. ④나머지 탈취필터와 초미세먼지 집진필터도 새 필터로 교체하여 순서대로 조립해주세요. 모든 필터를 다 분리 후 조립할 때에는 꼭 초미세먼지 집진필터 탈취필터 더스트필터 순으로 넣어 주셔야 합니다. ⑤커버필터와 상하단의 후크가 `딱`하는 소리가 날때가지 끝까지 밀어 넣어주세요. ⑥판넬 조립은 분리한 순서의 역방향과 역순으로 고리를 걸어서 장착하는 느낌으로 조립해 주세요.,,https://static.service.skmagic.com/editor/faq/ckimg/a02b92fcc40c4eeb86401e2217d3dec5.png|https://static.service.skmagic.com/editor/faq/ckimg/2c8d206f56bd467e92e2770039d34360.png|https://static.service.skmagic.com/editor/faq/ckimg/199e735a5133448894418cfe62a0fd2a.png|https://static.service.skmagic.com/editor/faq/ckimg/5226621fe7f2441d89e5085daa03aef4.png|https://static.service.skmagic.com/editor/faq/ckimg/f47a0ff234964e44a3b15eb82ff08239.png
공기청정기,[C1] 표시가 떠요. (ACP110),ACP110 모델에서 C1 표시가 뜨고 작동이 안되나요? 센서 전선 단락이 감지되어 발생하는 에러입니다. 전원코드선을 분리한 뒤 30초 후 다시 연결하여 확인해 주세요.,,없음
공기청정기,[drF drS drA OPEN] 표시가 떠요,drF 표시가 뜨고 버튼이 눌리지 않는 경우 확인해 주세요. 전면커버 열림 표시로 커버 분리 후 홈에 맞춰 다시 조립해 주세요. drS 표시가 뜨고 버튼이 눌리지 않는 경우 확인해 주세요. 측면 커버 열림 표시로 커버 분리 후 홈에 맞춰 다시 조립해 주세요. 문구가 dr 5 로 보일 수 있습니다. drA 표시가 뜨고 버튼이 눌리지 않는 경우 확인해 주세요. ACL20C1 ACL25C1 ACL20U1 모델의 경우 전면커버와 조작부 열림 표시로 전면 커버 및 조작부를 안착시켜 주세요. 그외 모델의 경우 전면과 측면커버 모두 열림 표시로 커버 분리 후 홈에 맞춰 다시 조립해 주세요. 문구가 dr R 로 보일 수 있습니다. OPEN 표시가 뜨고 버튼이 눌리지 않는 경우 확인해 주세요. 전면커버 열림 표시로 커버 분리 후 홈에 맞춰 다시 조립해 주세요. ACL1000 모델에만 해당됩니다.,,https://static.service.skmagic.com/editor/faq/ckimg/95560912ba7d4cbe88dca087cd447f38.png|https://static.service.skmagic.com/editor/faq/ckimg/c29a5702f2f64d12a4618212be07a251.png|https://static.service.skmagic.com/editor/faq/ckimg/fb96824966b7416fa97c3a0e87a0a9b5.png|https://static.service.skmagic.com/editor/faq/ckimg/c066c6e8428c4a3b9c571d98fdeec1e3.png
공기청정기,필터 폐기방법이 궁금해요,필터 폐기는 어떻게 해야 하나요? 사용이 끝난 폐필터는 일반종량제 봉투에 넣어서 폐기하시면 됩니다.,,없음
공기청정기,[E1] 표시가 떠요. (ACL1000),ACL1000 모델에서 E1 표시가 뜨고 작동이 안되나요? 팬모터 이상이 감지되어 발생하는 에러입니다. 전원코드선을 분리한 뒤 30초 후 다시 연결하여 확인해 주세요.,,없음
공기청정기,버튼 작동이 안돼요,버튼 잠금 설정을 확인합니다. 잠금 버튼을 3~5초 이상 길게 누를 때마다 잠금 기능이 설정/해제가 됩니다. (단 잠금 버튼은 제품마다 상이합니다.) 버튼을 눌렀을 때 반응이 없고 부저음만 발생하거나 조작부에 자물쇠 모양이 점등되어 있는 경우 버튼 잠금 상태이므로 잠금을 해제해 주세요. 잠금이 해제되지 않거나 잠금해제 방법을 알 수없는 경우 전원 코드선을 분리 후 10초 뒤 다시 연결하여 버튼 조작이 가능한지 확인해 주세요. 제품의 커버가 정상적으로 조립되어 있는지 확인합니다. 커버가 제대로 닫혀있지 않으면 에러가 발생하며 버튼 조작이 되지 않습니다. 커버 분리 후 올바르게 장착해 주세요. 일부 모델의 경우 커버가 제대로 닫혀있지 않으면 [drA] [drS] [OPEN] [drF] 표시가 발생됩니다.,,없음
공기청정기,공기청정기 에너지 효율등급은 어떻게 되나요,2024년 9월 기준 양산제품이며 한국 에너지 공단 등록 내용 기준입니다.,"[표1] | 모델명 | 에너지효율등급 | 소비전력 | 연간에너지 비용 | | --- | --- | --- | --- | | ACL15C1 | 1등급 | 26W | 11,000원/년 (기본료 누진세 제외/1일 8시간,강풍기준) | | ACL20C1 | 1등급 | 33.3W | 14,000원/년 (기본료 누진세 제외/1일 8시간,강풍기준) | | ACL25C1 | 1등급 | 37.8W | 16,000원/년 (기본료 누진세 제외/1일 8시간,강풍기준) | | ACL300VA | 2등급 | 70.2W | 30,000 원 / 년 ( 기본료 누진세 제외 /1 일 8 시간 , 강풍기준 ) | | ACL20U1 | 2등급 | 37W | 16,000원/년(기본료 누진세 제외/1일 8시간,강풍기준) | | ACL130Z ACL131Z | 2등급 | 34W | 14,000원/년(기본료 누진세 제외/1일 8시간) | | ACL131T0 ACL131T1 | 2등급 ('25년1월적용) | 29W | ※어댑터 연결방식으로 에너지효율등급 제외 제품이지만, 에너지 소비효율등급개선으로 '25년1월부터 2등급으로 적용 | | ACL160VA | 3등급 | 57.5W | 24,000원/년 (기본료 누진세 제외/1일 8시간,강풍기준) | | ACL141 | 3등급 | 46.5W | 20,000원/년 (기본료 누진세 제외/1일 8시간,강풍기준) | | ACL16C1 ACL16C2 | 3등급 | 4.7W | 18,000원/년(기본료 누진세 제외/1일 8시간,터보기준) | | ACL22C1 ACL22C2 ACL22P1 ACL22P2 | 3등급 | 80.5W | 34,000원/년(기본료 누진세 제외/1일 8시간,터보기준) | | ACL190 ACL191 ACL192 | 3등급 | 72W | 30,000/년(기본료 누진세 제외/1일 8시간,강풍기준) |",없음
공기청정기,포장박스에 적혀있는 GREEN242/GREEN267/GREEN285 의미가 궁금해요,포장 박스에 적힌 'GREEN+숫자'는 친환경 제품이라는 표시입니다. 해당 제품을 생산할 때 친환경 플라스틱의 함유량을 높혀 적혀있는 숫자만큼의 500ml 페트병 감소 효과가 있음을 의미합니다. 공기청정기 포장 박스에 GREEN 242가 적혀있다면 해당 제품은 500ml 페트병 242개의 감소효과가 있는 친환경 공기청정기 입니다. 'GREEN+숫자'가 적힌 친환경 제품의 커버에 얼룩이 있는 경우 확인해 주세요. 플라스틱을 재활용하여 만든 제품으로 커버에 자연스러운 무늬가 얼룩으로 보여질 수 있습니다.,,https://static.service.skmagic.com/editor/faq/ckimg/dd7ad6087c424e4baad557423d63d389.png
공기청정기,취침모드 작동시 소음이 나요,취침모드 설정시 LED화면이 소등되며 최소 풍량으로 청정기가 운전됩니다. 내부에 이물질이 들어가지 않았는지 확인해 주세요. 전원코드 분리 후 10분뒤 다시 연결하여 취침모드로 재설정하여 확인해 주세요. 확인 후 동일 증상이라면 서비스 점검이 필요합니다.,,없음
공기청정기,필터 분리/교체/조립 방법이 궁금해요 (ACLV32 ACLV35),제품 가운데 레버를 이용하여 필터 커버를 분리해야합니다. 다음 내용을 확인해 주세요 필터 분리 및 교체 방법을 확인해 주세요. ①필터 커버에 상단 아래에 있는 레버를 아래로 당기면서 필터 커버를 분리해 주세요. -필터 커버 자체가 빠질 수 있으니 확 떨어지지 않도록 천천히 분리해 주세요. ②필터커버 좌우에 필터가 1세트씩 장착되어 있으므로 교체하려는 필터를 분리 후 순서에 맞게 재장착해주세요. -프리필터 조립시 프리필터와 미드필터를 먼저 조립 한 후 필터커버에 넣어주세요. ③필터커버는 제품 홈에 맞추어 끝까지 밀어 넣어주세요. 필터 커버가 분리되어도 공기청정기 작동이 멈추지 않는경우 확인해 주세요. 2019년 이전 생산제품은 필터커버 분리 시 팬 동작이 중지됩니다. 2019년 이후 생산제품은 필터커버 분리 시에도 팬은 작동됩니다. 필터 커버 분리 후 팬이 작동되어도 손이 닿을 수 없는 구조에 회전날개가 장착되어 안전합니다.,,https://static.service.skmagic.com/editor/faq/ckimg/26fa1fe26bc04345a11ed743c1f71b60.png|https://static.service.skmagic.com/editor/faq/ckimg/968c4bbdd2674259ba8a8fe04178391e.png
공기청정기,필터 분리/교체/조립 방법이 궁금해요 (ACL131),필터 분리 및 교체 방법을 확인해 주세요. ①제품 전원을 OFF 시킨 후 아답터 연결을 분리해 주세요. ②평평한곳에서 제품을 약 45˚ 기울여 제품 밑면의 필터커버를 분리해 주세요. ③반드시 제품이 세워진 상태로 수직으로 들어올려 필터를 빼내어주세요. 제품을 눕혀서 진행할 경우 프리필터에 쌓인 먼지가 떨어질 수 있습니다. ④새 필터의 포장비닐을 제거 후 제품을 거꾸로 세워 새 필터를 넣어주세요. ⑤필터커버와 제품의 삼각형 표시부를 서로 일치시켜 끼워 넣고 레버가 닫힐때까지 밀어서 조립해주세요. ⑥제품을 세운 뒤 전원을 켜고 [모드] 버튼을 3초간 눌러 필터리셋을 시작해 주세요.,,https://static.service.skmagic.com/editor/faq/ckimg/3ad4a90799a7482f82fe4c87113a52b1.png|https://static.service.skmagic.com/editor/faq/ckimg/1c669e46639a431caa5c3cb0a0535e94.png|https://static.service.skmagic.com/editor/faq/ckimg/170cec974f7543d78ad801ad5b130629.png|https://static.service.skmagic.com/editor/faq/ckimg/847e493afd27421a9fffffade1d265f9.png
공기청정기,작동 중 갑자기 동작이 멈췄어요,작동 중 제품에 이상이 감지되면 에러가 표시되면서 동작이 멈춥니다. 에러표시 확인 후 자가조치 또는 서비스 점검이 필요합니다. 에러표시 없이 작동 중 전원이 꺼진다면 AI 기능 설정 여부를 확인해 주세요. AI 기능 설정시 [좋음] 상태가 15분 유지되면 대기상태로 변경이 됩니다. 대기 상태일 경우 제품 조작부에는 [AI+자동모드+와이파이] 램프에만 점등이 되고 전원은 OFF됩니다.,,없음
공기청정기,빨간네모 또는 [PO] 표시가 떠요 (ACP110),표시창에 빨간네모 또는 PO가 뜨고 부저음이 발생하는 경우 증상을 확인해 주세요. 다음 내용을 확인해 주세요 ACP110 모델에서 빨간네모 또는 PO 표시가 뜨고 부저음이 발생하는 경우 확인해 주세요. 1일 12시간 사용 기준 4개월이 경과되면 필터 청소 및 교체주기를 알려주는 알림으로 필터 청소 및 교체를 진행해 주세요. 1일 작동시간에 따라 [PO] 발생시기는 상이합니다. 별도의 조작을 하지 않아도 24시간 점등 후 자동 해제됩니다. 필터 청소 및 교체 후 초기화(리셋) 방법을 확인해 주세요. 필터교체 알림이 표시되지 않았더라도 필터를 교체하게 되면 필터 초기화(리셋) 작업을 진행해 주셔야 합니다. ①전원을 켜주세요. ②필터의 먼지는 청소기 등으로 제거해 주시고 오염이 심한 필터는 새필터로 교체해 주세요. *프리필터를 제외한 모든 필터는 물청소가 불가합니다. ③필터 청소 및 교체 후 [ 예약]과 [잠금] 버튼을 동시에 3초 이상 누르면 필터 초기화(리셋) 작업이 진행됩니다.,,https://static.service.skmagic.com/editor/faq/ckimg/b3e1eafd2c024123970aaefa53a3bb28.png
공기청정기,사용설명서가 없어요 어떻게 확인해야하나요,제품 구매시 공용으로 제공되는 간단설명서가 포함되어있습니다. 그외 제품 모델별 상세사용설명서는 제품에 부착된 QR코드 접속 및 서비스 홈페이지를 통해 확인이 가능합니다. 다음 내용을 체크해 주세요 서비스센터 홈페이지에서 사용설명서를 확인해 주세요. SK매직서비스센터 접속 쉬운해결 제품 사용설명서 제품을 선택하여 확인해 주세요. SK매직서비스센터 접속 쉬운해결 제품 사용설명서 모델명만 검색해 주세요. (예시 - GRAB320 GRAB420 GRAC290 …) <온라인서비스센터 제품사용설명서 화면> 제품의 QR코드를 확인해 주세요. 모델코드가 기재되어있는 QR코드가 부착되어있어야만 QR코드 이용이 가능합니다. (제품 생산년도에 따라 차이가 있습니다.) QR코드로 접속하여 제품 사용설명서 IOT 사용설명서 요리가이드를 확인해보실 수 있습니다. 모델에 따라 내용에 차이가 있을 수 있습니다. QR코드로 접속하여 확인해 주세요. ①스마트폰에서 카메라를 켜고 QR코드를 비추면 상단에 알림이 표시됩니다. ②해당 알림을 클릭하여 접속해 주세요. ③사용설명서 카테고리를 선택 후 확인해주세요.,,https://static.service.skmagic.com/editor/faq/ckimg/66064447561549958208a613ca1bcd21.png|https://static.service.skmagic.com/editor/faq/ckimg/2c9afbf5c8ea4ff98110899691206fc9.png|https://static.service.skmagic.com/editor/faq/ckimg/94ac0d5ba1d040ae997348f06050f340.png
공기청정기,먼지가 눈으로는 보이는데 공기청정기 오염도는 변화가 없어요,공기청정기의 먼지센서는 사람의 눈에 보이지 않는 미세먼지를 측정합니다. 미세먼지는 머리카락 굵기의 약 1/6정도로 훨씬 더 작은 크기입니다. 이불이나 옷을 털었을 때 눈에 보이는 먼지 또는 햇빛에 반사되어 보이는 먼지는 입자가 큰 먼지로 공기가 순환되면서 먼지 무게로 인해 바닥에 가라앉아 미세먼지 수치 변화에 영향을 주지 않을 수 있습니다.,,없음
공기청정기,모션공기청정기에 현재시간 표시가 궁금해요,IOT 연결시 LED 표시부에 미세먼지 수치에서 현재시간으로 자동적으로 변경이 됩니다. 미세먼지 수치 확인을 원하실 경우 화면 전환 버튼을 이용해 주시면 됩니다. 제품에 표시되는 시간과 실제 현재 시간은 약 30초정도 차이가 발생될 수 있습니다. 제품과 핸드폰 서버간의 통신과정에서 전송시간이 발생되는 부분으로 약간의 시간 오차는 발생될 수 있습니다. 제품의 현재 시간 표시가 갑자기 미세먼지 수치로 변할 수 있습니다. 무선통신 상태가 불안정할 경우 IOT 연결이 끊기거나 제대로 연결 유지가 안되는 경우가 발생될 수 있습니다. 이때 현재시간 표시는 먼지 수치로 변경이 되며 다시 무선통신상태가 안정화가 되면 먼지 수치에서 현재시간으로 다시 표시가 됩니다.,,없음
공기청정기,모션공기청정기 에러가 발생해요 (ACL140 ACL141),전원코드선을 분리한 뒤 30초 후 다시 연결하여 확인해 주세요.,[표1] | 에러 | 발생원인 | | --- | --- | | TEMP | 온도/습도 센서 단선 에러 | | GAS | 가스센서 단선 에러 | | dust | 먼지센서 단선 또는 센서 팬이상 에러 | | PIR/PIC/PIL | 모션감지센서 단선 에러 |,없음
공기청정기,모터 작동이 안돼요,송풍구에서 바람이 전혀 나오지 않거나 팬 동작소리가 나지않는 경우 확인해 주세요. 버튼 조작부의 램프가 점등되어있거나 버튼은 작동되지만 윙~ 웅~ 팬 작동 소리가 나지않는 경우 전원코드선을 분리 후 30초 후 재연결하여 확인해 주세요. 버튼 조작부의 램프가 꺼져있거나 버튼 작동도 되지 않는 경우 전원 공급 상태를 확인해 주세요.,,없음
공기청정기,좌측 먼지센서 모델 및 청소방법,좌측 먼지센서 모델 가스센서 위치 확인방법 ①전면커버를 하단부를 당긴 후 뒤로 올리면서 분리해 주세요. ②전면커버 분리 후 프리필터 양쪽 고정후크(노랑색) 상단 중간(빨간색)에 있습니다. (아래 이미지참고) 먼지센서 위치 확인 및 청소방법 먼지센서 위치는 전면 기준으로 손잡이 아래 좌측(CA필터 에너지 효율등급 스티커 부착된 부분 옆)에 있습니다. 가로 3cmX세로4cm 직사각형모양 (아래 이미지참고) 청소방법 : 물 묻힌 면봉으로 렌즈를 먼저 닦아준 뒤 마른 면봉으로 한번 더 닦아주세요. 청소 후 일시적으로 센서 수치가 높아질 수 있으며 30분이내로 정상 작동되니 안심하셔도 됩니다.,[표1] | 모델명 |  | | --- | --- | | ACLV100 | ACL200 | | ACLV200 | ACL210 | | ACLV20 | ACL211 | | ACL150U | ACL150B | | ACLV09 | ACL170Z | | ACLV12 | ACL130Z | | ACL201 | ACL120Z |,https://static.service.skmagic.com/editor/faq/ckimg/4ca407580b5b4deb90d00ae328cf749a.png|https://static.service.skmagic.com/editor/faq/ckimg/18b02d1d02e548b9a5c54285e4c19ca5.png
공기청정기,올클린 디아트 공기청정기 필터 교체 알람램프 점등 시기와 필터 리셋(초기화) 방법,올클린 디아트 공기청정기에서 '필터를 교체 후 리셋 진행 필요' 알림이 떠요. 올클린 디아트 공기청정기는 필터 수명이 5~10% 남았을 때 자동으로 알림 문구가 표시됩니다. 해당 알림은 회전 버튼 또는 설정 버튼을 누르면 사라지지만 필터 교체 후 리셋을 진행하지 않으면 48시간 주기로 문구가 계속 표시됩니다. 필터 리셋(초기화) 방법 ①설정 버튼을 두 번 터치하여 [제품관리] 메뉴로 이동합니다. ②[제품관리] 화면에서 '설명' 버튼을 3초 이상 길게 눌러 [필터 수명 확인] 메뉴로 이동합니다. ③[필터 수명 확인] 화면에서 설정 버튼을 한 번 터치하여 [필터 리셋] 메뉴로 이동합니다. ④[필터 리셋] 화면에서 설정 버튼을 3초 이상 길게 눌러 리셋(초기화)을 완료합니다. 필터 잔여 수명 확인 방법 ①설정 버튼을 두 번 터치하여 [제품관리] 메뉴로 이동합니다. ②[제품관리] 화면에서 설정 버튼을 3초 이상 길게 눌러 [필터 수명 확인] 메뉴로 이동합니다. ③[필터 수명 확인] 화면에서 설정 버튼을 3초 이상 길게 누르면 필터의 남은 수명을 확인할 수 있습니다.,,https://static.service.skmagic.com/editor/faq/ckimg/33e03436b26f48b6835dd1752de0c554.png|https://static.service.skmagic.com/editor/faq/ckimg/235fbd0acae24515815d8a36230860a7.png
공기청정기,공기청정기에서 물흐르는 소리 꾸르륵 소리가 나요,가습 공기청정기에서 발생하는 소리인지 확인이 필요합니다. 물통에 물을 담아 수조부에 조립시 물통에서 물이 빠져나갈 때 꾸르륵하는 소리 및 물이 수조부로 흘러들어가면서 물 흐르는 소리가 발생할 수 있습니다. 가습 기능이 있는 공기청정기에서 발생하는 정상적인 소음으로 안심하고 사용하셔도 됩니다.,,없음
공기청정기,요리 냄새에 공기청정기 먼지수치가 반응해요,연기 유수분 입자가 공기청정기 먼지센서에 먼지로 인식되어 감지될 수 있습니다. 구이류 찌개류 등 요리를 할 경우 냄새외에 눈에 보이지 않는 미세먼지 연기 유수분 입자가 발생합니다. 이때 발생한 연기와 유수분 입자들이 먼지센서에 감지되어 먼지수치의 변화가 생깁니다. 연기와 유수분 입자들은 공기중에 떠다니면서 공기청정기로 흡입이 되고 필터 수명 및 성능에 영향을 미칩니다. 요리시에는 공기청정기를 끄고 환기를 해주세요.,,없음
공기청정기,코어 360˚ 공기청정기 필터는 어떻게 구성되어 있나요 (ACL131),All-in-One Care 필터 극세사 프리필터 : 큰먼지 머리카락 등을 제거합니다. 초미세먼지 집진필터 : 공기중의 미세먼지를 제거합니다. 탈취필터 : 생활 악취 및 유해가스를 제거합니다. 일체형으로 3단계 구성이며 교체 권장 주기는 12개월입니다. 펫 더블케어 필터 반려동물의 털날림은 물론 배변 냄새까지 케어해주며 탈부착형 필터로 사용이 편리합니다. 올인원 케어 필터에 부착하여 사용하며 교체 권장 주기는 3개월 입니다. 펫필터는 별도로 구매하여 사용하실 수 있습니다. (구성품 아님) 해당 제품 필터는 교체용 필터로 물청소는 절대 불가합니다. 필터는 소모품이므로 오염이 심하거나 냄새가 날때는 교체주기가 지나지 않더라도 필터를 구입하여 교체해 주세요.,,https://static.service.skmagic.com/editor/faq/ckimg/40a0e2f0833542e2b42e654c8778cef8.png|https://static.service.skmagic.com/editor/faq/ckimg/d011a7bf19ad4dedb8f28569a805f2fd.png
공기청정기,모션공기청정기의 모션기능 감지센서에 2명 이상이 다른 위치에서 감지되면 어떻게 작동되나요?,모션기능이란? PIR(적외선) 감지 센서로 열원의 움직임을 감지하여 생활먼지가 발생 가능한 방향으로 제품을 회전하여 보다 효과적인 공기청정을 수행하는 기능입니다. 모션기능 감지센서에 2명 이상이 다른 위치에서 감지된 경우 작동 방법을 확인해 주세요. 두명 이상의 사람이 서로 다른 방향에서 이동시 PIR(적외선)감지 센서에 최초로 먼저 감지된 방향으로 제품이 회전합니다. PIR(적외선)감지 센서는 인체의 움직임 외에도 열원의 갑작스러운 변화에 (온풍기 에어컨바람 햇빛 난로등) 의해서도 반응 할 수 있습니다.,,없음
공기청정기,올클린 디아트 공기청정기 작동 소음이 너무 커요.,외부 미세먼지 수치가 높은지 확인해 주세요. 자동 모드로 작동 시 외부 미세먼지의 영향으로 클린램프가 나쁨 매우 나쁨으로 작동하게 될 경우 팝업이 2단으로 진행되고 모터가 빠르게 회전하면서 작동 소음이 커질 수있습니다. 자동 모드로 설정되어 있다면 수동모드의 '중'모드로 작동해 주세요. 수동 모드의 '중'모드로 설정 시 팝업단계는 1단으로 고정되고 클린램프는 오염도에 따라 변경됩니다. 설정된 풍량으로 고정되어 작동하므로 자동모드에 비해 작동 소음이 감소될 수 있습니다. 외부 미세먼지 유입을 차단할 수 있도록 베란다 문 창문 등을 잘 닫고 사용해 주세요. 먼지센서 감도를 '둔감'으로 조정하여 사용해 주세요. 먼지센서가 흡입하는 공기의 양은 매우 적기 때문에 같은 공간에 놓인 공기청정기라도 공기질 표시에 다소 차이가 발생할 수있습니다. 공기청정기 작동시 클린램프가 계속 나쁨(빨간색) 또는 좋음(파란색) 상태일 경우 감도를 민감하게 조절해서 사용할 수 있습니다. 먼지센서를 청소해 주세요. 먼지센서를 주기적으로 청소하지 않으면 센서 성능이 저하되어 감도가 낮아지므로 주기적인 청소를 권장합니다. ①먼지센서 커버는 아랫부분에 손가락을 넣어 위로 올린 후 앞으로 당겨 분리해 주세요. ②물 묻힌 면봉으로 렌즈를 먼저 닦아준 뒤 마른 면봉으로 한번 더 닦아주세요. (아래 이미지 참고) 단 ACL140 ACL141 ACL131 모델은 진공청소기를 이용하여 센서의 먼지 흡입구를 청소해 주세요. ③먼지센서 청소가 끝난 후 역순으로 커버를 조립한 후 사용해 주세요.,,https://static.service.skmagic.com/editor/faq/ckimg/69d76a7ed9f44a4a9ce2d097d12643c9.png|https://static.service.skmagic.com/editor/faq/ckimg/fe418d4b6cbd4c66bf8fb4667c74de93.png
공기청정기,먼지수치가 갑자기 올라가거나 빈번하게 변해요,문이 열려있거나 개방된 장소에서 사용중이신가요? 외부 공기가 유입되는 장소는 외부 미세먼지의 영향을 받아 제품의 먼지 수치에도 잦은 변화가 발생될 수 있습니다. 지속하여 외부 공기가 유입되는 장소에서 사용할 경우 필터 수명에도 영향이 발생하므로 밀폐된 장소에서 사용을 권장합니다. 밀폐된 공간에서 사용중인데 먼지수치가 갑자기 변하나요? 공기가 순환하며 차가운공기는 가라앉고 따뜻한 공기는 위로 올라오는 대류현상이 발생합니다. 이때 공기 중 미세먼지도 함께 이동을 하게 되면서 센서에 감지되면 갑자기 수치가 오르거나 내려갈 수 있습니다. 제품 주변에서 가습기를 사용하시나요? 가습기 사용시 가습기에서 나오는 분무형태의 물분자를 먼지센서가 먼지 입자로 인식하여 정확한 먼지 수치를 표시하지 못할 수 있습니다. 가습기가 없는 밀폐된 공간에서 확인해 주세요. 먼지센서 청소는 해보셨나요? 먼지센서가 오염된 경우 먼지입자를 인식하는 성능에 저하가 발생하므로 환경에 맞는 주기를 정하여 지속적인 청소가 필요합니다. 먼지센서 청소방법을 확인해 주세요. 제품 측면에 센서커버 분리 후 면봉에 물을 약간만 묻혀 센서렌즈와 먼지토출구 유입구를 닦은 후 마른 면봉으로 다시 닦아 수분을 제거해주세요. 강한 힘을 가하는 경우 센서가 이탈될 수 있으므로 주의해주세요. ACL140 ACL141 ACL131 모델은 진공청소기를 이용하여 먼지센서의 흡입구를 청소해 주세요.,,https://static.service.skmagic.com/editor/faq/ckimg/92d5fda32c6049d2afc9542e6ecaabe5.png
공기청정기,냄새가 나는데 가스오염도는 변화가 없어요,가스센서는 사람의 후각으로 맡을 수 없는 유해가스를 감지하므로 모든 냄새에 반응을 하지는 않습니다. 가스센서는 냄새를 유발하는 미립자에 산소가 이온화되는 정도를 감지합니다. 제품이 설치된 환경에서 냄새를 유발하는 미립자에 산소원자가 포함되어있지 않으면 사람의 후각으로는 냄새를 맡을 수 있으나 제품의 가스센서에서는 감지가 안될 수 있습니다. 가스센서가 정상적으로 감지하는지 테스트를 진행합니다. ①향수를 손바닥에 뿌려 손바닥을 가스센서에 직접 가져가대본다. ②가스램프의 색상이 변화되면 가스센서는 정상 작동 중입니다.,,없음
공기청정기,모션공기청정기 모션기능 작동이 안돼요,모션 공기청정기의 모션 기능은 [모션] 또는 [전면집중] 설정시에만 동작합니다. 작동 모드의 설정 상태를 확인해 주세요. [모션] [전면집중] 설정시에만 모션기능이 동작하므로 다른 모드로 작동되고 있다면 [모드선택버튼]을 눌러 [모션] 또는 [전면집중] 모드로 선택해 주세요. 모션기능 감지 센서의 위치 및 작동 원리를 확인해 주세요. ACL140 모델은 로고를 마주보고있는 자세로 전면과 좌/우측 총 3개의 PIR 센서가 있습니다. ACL141 모델은 로고를 마주보고있는 자세로 좌/우측 총 2개의 PIR 센서가 있습니다. ACL140 모델은 센서에 감지되어 회전된 상태에서는 전면 PIR 센서만 움직임을 감지하며 전면 PIR 센서에 감지되어 회전된 상태부터 작동시간을 측정합니다. PIR 센서에 감지되어 모션기능 작동시 회전 각도 및 기능 작동 시간을 확인해 주세요. ACL140 모델은 대기상태로 좌/우측 PIR 센서에 열원이 감지되면 감지된 방향으로 65도 회전하며 회전된 상태로 전면 PIR 센서에 추가 감지가 되면 30초 추가 감지되지않으면 5초 후 원위치로 돌아옵니다. ACL141 모델은 대기상태로 좌/우측 PIR 센서에 열원이 감지되면 감지된 방향으로 65도 회전하며 회전된 상태로 30초 후 원위치로 돌아옵니다. PIR 센서의 감지 범위를 확인해 주세요. 제품과 약 3m 거리 이내에서 측면의 감지 센서는 약 40도 정면의 감지센서는 약 60도 범위내에서만 감지할 수 있습니다. 움직임이 너무 빠르거나 두꺼운 옷을 입은 경우 감지 센서에 정상적으로 감지가 되지 않을 수 있습니다.,,https://static.service.skmagic.com/editor/faq/ckimg/43d0dfcb422f45ccaed5ed92971557e7.png|https://static.service.skmagic.com/editor/faq/ckimg/a4b774e1a08a4859959dd6f15fbf3a31.png
공기청정기,모션공기청정기가 사람의 움직임이 없는데 저절로 회전을 해요,모션기능이란? PIR(적외선) 감지 센서로 열원의 움직임을 감지하여 생활먼지가 발생 가능한 방향으로 제품을 회전하여 보다 효과적인 공기청정을 수행하는 기능입니다. 모션공기청정기가 혼자서 회전하는 경우 확인해 주세요. P IR(적외선)감지 센서는 인체의 움직임 외에도 물체(온풍기 에어컨바람 햇빛 난로등)의 열원에 의해서도 반응을 할 수 있습니다. 강아지등 동물의 적외선도 감지되므로 감지된 방향으로 반응을 할 수 있습니다. 단 빠른 속도로 움직여서 감지 범위를 벗어자면 반응하지 않을 수 있습니다. 사람의 움직임 없이 제품이 저절로 회전되어도 제품 이상 동작이 아닌 모션 작동의 정상적인 반응입니다.,,없음
공기청정기,가습기능을 사용해도 습도변화가 없어요/가습이 안돼요 (ACLV09H ACLV15H ACLV200),가습기 기화방식이란? 흔한 가습기처럼 분무 형태가 아닌 널어놓은 빨래처럼 자연적으로 물이 증발되는 가습방식입니다. 기화식의 경우 물방울의 입자가 매우 작아 공기중으로 넓게 증발되어 가습범위가 넓지만 습도변화가 미비할 수 있습니다. 가습이 잘 되고있는지 궁금한가요? 가습필터를 올바르게 장착하고 가습 표시램프가 켜져있는지 확인해 주세요. 공기청정기의 송풍구에서 바람이 나오고 물통의 물이 줄어든다면 정상적으로 가습이 되고 있는 상태입니다. 습도의 변화가 없거나 가습 물통에 물이 줄어들지 않나요? 이미 습도가 높은 환경에서 사용시 상대적으로 가습량이 줄어듭니다. 풍량이 강할수록 증발되는 가습량이 많아집니다. 취침모드 또는 약풍처럼 풍량이 약하게 설정되어있다면 가습량이 줄어들어 습도변화가 미비할수 있습니다. 제품 권장 평수보다 넓거나 밀폐 되지 않은 공간에서 사용시 습도의 변화가 없을 수 있습니다. 겨울철 실내외 온도차가 클 경우 가습기능을 사용하여도 온도차로 인하여 수분이 응축되어 습도가 잘 오르지 않을 수 있습니다. 가습필터를 수조부에 올바르게 장착하고 수조부 및 가습필터에 이물질이 쌓여있다면 가습 성능에 영향을 미칠 수 있으므로 수조부와 가습필터는 주기적으로 청소해 주세요.,,없음
공기청정기,초미세먼지 집진필터와 U필터를 바꿔서 사용할 수 있나요,초미세먼지 집진필터와 U필터는 서로 바꿔서 사용할 수 없습니다. 필터 사이즈는 구조상 동일하나 각 필터의 성능 차이로 인해 호환하여 사용은 불가합니다. U필터는 초미세먼지 집진필터에 비해 기공이 더 촘촘한 구조로 되어있어 제품의 모터 회전 속도등 가동값이 다르게 설계되어 있습니다. 필터를 오조립하여 사용하는 경우 풍량차이로 인해 소음 발생 및 청정능력이 저하될 수 있습니다. 제품 사양에 맞게 나온 각 제품의 전용 필터를 사용하는게 가장 좋은 효과를 볼수 있습니다. 동일한 종류의 필터라도 서로 다른 제품에 장착하여 사용할 수 없습니다. 필터의 소재는 동일하나 필터의 사양이 달라 적용 제품이 아닌 다른 제품에 장착하여 사용이 불가합니다. ACLV16(초미세먼지 집진필터 11급) ↔ ACL160(초미세먼지 집진필터 13급) 호환 불가합니다. ACLV20(초미세먼지 집진필터 11급) ↔ ACL201(초미세먼지 집진필터 13급) 호환 불가합니다.,,없음
공기청정기,가습모드 설정은 어떻게 하나요? (ACLV200H ACLV09H ACLV15H),적용모델 : ACLV09 ACLV15 가습 ON/OFF 선택 버튼이 없습니다. 물통에 물을 채워 넣으면 자동으로 가습 기능이 시작되며 물통과 수조부의 물을 비우면 가습기능은 OFF됩니다 가습기능 작동시에는 [가습 LED]가 점등되며 물통에 물이 부족하거나 가습기능을 사용하지 않을 경우 [급수 LED] 점등됩니다. 습도 설정은 불가합니다. 적용모델 : ACLV200 가습 선택 버튼이 있습니다. [가습]버튼을 누를때마다 가습기능 설정이 ON/OFF 됩니다. 가습기능 작동시에는 [가습 LED]가 점등되며 가습기능을 사용하지 않을 경우 또는 가습 동작 중 물이 부족할 경우는 [급수 LED] 점등됩니다. 습도는 40% 50% 60% 설정 가능합니다.,,https://static.service.skmagic.com/editor/faq/ckimg/a7d742cfaf4f4a6883ade67d92801f85.png|https://static.service.skmagic.com/editor/faq/ckimg/8c0adf2d28df4de3bfe9507b8a372c21.png
공기청정기,공기청정기 무빙휠(바퀴)이 잘 움직이지 않아요,무빙휠(바퀴)이 장착된 모델을 확인해 주세요. 적용모델 : ACL140M ACL141M ACL15C1 ACL20C1 ACL25C1 ACL20U1 ACLV20 ACL150UA 무빙휠(바퀴)이 잘 움직이지 않는 경우 확인해 주세요. 제품 출고시 무빙휠에 보호캡이 장착되어있거나 테이프가 붙혀져있습니다. 제품을 비스듬히 기울여 아래 무빙휠을 확인해 주세요. 모델별 무빙휠(바퀴) 회전 원리를 확인해 주세요. ① 적용모델 : ACL140M ACL141M 총 4개의 무빙휠이 장착되어 있으며 로고가 새겨진 전면을 기준으로 앞뒤로만 이동 가능합니다. ② 적용모델 : ACL15C1 ACL20C1 ACL25C1 ACL20U1 총 4개의 무빙휠이 장착되어 있으며 로고가 있는 전면의 휠 2개는 360도 회전하고 후면의 휠 2개는 앞뒤로만 이동 가능합니다. 앞뒤 이동형 휠은 360도 회전형 휠로 교체가 가능하며 희망하시는 경우 서비스 점검이 필요합니다. 단 비용은 유상입니다. ③적용모델 : ACLV20 ACL120U ACL150U 총 4개의 무빙휠이 장착되어 있으며 로고가 새겨진 전면을 기준으로 좌우로만 이동 가능합니다.,,https://static.service.skmagic.com/editor/faq/ckimg/a0828f20c70141678c921d6e2de8b9b1.png|https://static.service.skmagic.com/editor/faq/ckimg/1258eaa3abe145db8992400c943a8927.png
공기청정기,공기청정기가 파손됐어요,제품이 파손된 경우 확인해 주세요. 전면 또는 측면 후면 커버 내부 그릴 가습 물통 송풍구 등 분리가 가능한 부품의 경우 별도로 구매하여 자가 교체가 가능합니다. 전원코드선 버튼 조작부 내부 센서와 같이 분리되지 않는 부품의 경우 구매 및 자가조립이 불가하여 서비스 접수가 필요합니다. 모델에 따라 내용에 차이가 있을 수 있습니다.,,https://static.service.skmagic.com/editor/faq/ckimg/15a1f89f1b814ea6a7bb253e7e165970.png
공기청정기,[E2] 표시가 떠요. (ACL1000 ACLR11B),ACL1000 ACLR11B 모델에서 E2 표시가 뜨고 작동이 안되나요? 가스센서에 이상이 감지되어 발생하는 에러입니다. 전원코드선을 분리한 뒤 30초 후 다시 연결하여 확인해 주세요.,,없음
공기청정기,물통에 물이 남아있는데 [급수] 램프에 불이 들어와요,제품에서 수조부 분리 후 수조부 내에 있는 수위센서가 정상적으로 조립되어 있는지 확인해 주세요. 수위센서가 빠져있는 경우는 축을 구멍에 맞춰 조립해 주세요. 수위센서를 임의로 분리하지 마세요. 수조부내 수위센서를 손으로 위 아래로 움직여 주세요. 수조부에 물이 담기면 수위센서가 위로 떠올라야 합니다. 수위센서가 이물질로 인해 수위 감지를 못하는 경우 브러쉬(칫솔)를 이용하여 청소를 진행해 주세요.,,https://static.service.skmagic.com/editor/faq/ckimg/490ebdff155b4eda9db745bdf35937cc.png|https://static.service.skmagic.com/editor/faq/ckimg/ba366e4eed354a12addcfb8386dfd90f.png
공기청정기,공기청정기 가습 기능의 원리는 무엇인가요?,공기청정기의 가습은 자연기화식 방식입니다. 가습기능 적용 모델 : ACLV200 ACLV09 ACLV15 기화식 가습방식은 세탁물이 건조될때 수분이 기체가 되어 방출되는 상태와 같은 원리로 분무형태가 눈에 보이지 않습니다. 단계별 필터를 통과한 청정공기가 수조부의 물을 흡수한 가습필터를 통과하면서 수분을 함유한 청정가습공기가 만들어져 배출됩니다. 기화식 가습방식은 제품이 설치된 장소의 실내 상대습도와 온도에 영향을 받습니다. 가습기능 설정 방법 ①적용모델 : ACLV09 ACLV15 별도의 가습 ON/OFF 버튼이 없어서 물통에 물을 넣으면 자동으로 가습 기능이 시작되며 습도 설정이 불가능합니다. ②적용모델 : ACLV200 가습버튼으로 가습기능을 ON/OFF 설정할 수 있습니다. 습도는 40% 50% 60% 설정 가능합니다. 장마철 등 습도가 높을 경우 물통 및 수조부에 물을 제거하여 가습기능을 OFF하여 사용해 주세요.,,없음
공기청정기,모션공기청정기 전면집중모드는 무엇인가요?,전면집중모드란? 정화된 공기를 전면의 송풍구로만 집중하여 토출시키는 기능입니다. 전면집중모드 작동시 송풍구는 최대 3단으로 팝업되며 풍량은 주변 공기상태(먼지/가스) 변화에 따라 자동으로 조정됩니다. 전면집중모드 작동시 자동모드와 모션모드 기능이 동시에 활성화됩니다.,,없음
공기청정기,UV살균 동작시 냄새가 발생하나요? (ACL20U1),UV살균 기능 동작 시 병원 냄새가 나요. 탈취 필터에서 제거되지 않은 초미세 유기화합물이 UV아크 모듈을 통과하며 분해되는 과정에 발생하는 냄새입니다. 인체에 안전하나 밀폐된 공간에서 냄새가 심하여 불편하다면 환기를 진행하며 사용해 주세요. UV살균 기능을 계속 사용해도 냄새가 지속적으로 발생해요. 평소 익숙한 냄새로 감지하기 어려우나 공기 중에 부유하던 유기화합물이 지속적으로 살균 과정을 통해 분해되면서 냄새가 발생할 수 있습니다. 인체에 안전하나 밀폐된 공간에서 냄새가 심하여 불편하다면 환기를 진행하며 사용해 주세요. UV살균 기능은 주3시간 이상 사용을 권장합니다. UV살균 기능을 사용하지 않을 경우 냄새가 심할 수 있습니다. UV살균기능을 켜고싶다면 [화면전환]버튼 5초이상 눌러 주세요.,,https://static.service.skmagic.com/editor/faq/ckimg/6942317ac70e434e8eeac547052d5b69.png
공기청정기,UV살균기능 설정방법 (ACL20U1C),UV살균 기능은 ON/OFF 가능한 기능입니다. 조작부의 [화면전환] 버튼을 5초이상 누르면 설정 가능합니다. [UV살균점등] UV살균은 기본설정이 아님으로 전원을 켜면 UV기능을 다시 설정해 주셔야 합니다. UV살균 설정시 송풍구 내부UV LED가 동작되며 살균중 표시를 위해 하단 무드등(파란불빛)이 켜집니다. UV살균+취침모드 사용시 하단무드등은 꺼집니다.,,https://static.service.skmagic.com/editor/faq/ckimg/059445d606524f82b3d3a250e1b2f04e.png|https://static.service.skmagic.com/editor/faq/ckimg/063c926034d645dd9791a0aefed0be20.png
공기청정기,모션공기청정기 모션기능이란 무엇인가요? (ACL140M ACL141M),모션기능이란? PIR(적외선)감지 센서로 열원의 움직임을 감지하여 생활먼지가 발생 가능한 방향으로 제품을 회전하여 보다 효과적인 공기청정을 수행하는 기능입니다. ACL140M 모션기능 ①정면 대기상태에서는 좌/우측 PIR센서에 열원 움직임 감지시 감지된 방향으로 65도 회전 ②회전된 상태에서 전면 PIR센서에 열원이 감지되면 해당위치에서 30초간 작동 후 원위치 ③회전된 상태에서 전면 PIR센서에 열원이 감지되지 않으면 해당위치에서 5초간 작동 후 원위치 PIR센서가 정면 좌/우 총 3개가 있습니다. ACL141M 모션기능 ①정면 대기상태에서는 좌/우측 PIR센서에 열원 움직임 감지시 감지된 방향으로 65도 회전 ②회전된 상태에서 40초 작동 후 원 위치 PIR센서가 좌/우 총 2개가 있습니다. PIR(적외선)센서 감지 범위 기준 기본 대기상태와 회전된 상태에서의 PIR센서의 감지 범위가 상이합니다.,,https://static.service.skmagic.com/editor/faq/ckimg/11cc6769c67743168c9f73956dd9425b.png
공기청정기,올클린 디아트 공기청정기 모델별 필터 사양,올클린 디아트 공기청정기는 평수에 따라 사이즈가 다르며 펫전용 모델만 필터 색상이 다릅니다. 일반 모델의 필터 색상은 초록색 이고 펫전용 모델의 필터는 파란색 입니다.,[표1] | 모델명 | ACL16C1A | ACL16C2A | ACL22C1A | ACL22C2A | ACL22P1C | | --- | --- | --- | --- | --- | --- | | 평수 | 16평 | 16평 | 22평 | 22평 | 22평 | | 색상 | 오트밀베이지 | 다크그린 | 오트밀베이지 | 다크그린 | 실버 | | 구분 | 일반 | 일반 | 일반 | 일반 | 펫전용 | | 필터사이즈 | 25.5cm(지름) x 35.5cm(높이) | 25.5cm(지름) x 45.5cm(높이) |  |  |  | | 제품이미지 | https://static.service.skmagic.com/editor/faq/ckimg/db0293475ed2461e95f533c499cfd4ec.png | https://static.service.skmagic.com/editor/faq/ckimg/fc2829538da74cb3ac747ac0d4fa0f71.png | https://static.service.skmagic.com/editor/faq/ckimg/3afece3f3f0b4206a6d5f2ce518e3d87.png | https://static.service.skmagic.com/editor/faq/ckimg/cbb27f37ee3f404db91fc8db653a3add.png | https://static.service.skmagic.com/editor/faq/ckimg/b915bec8fb184790aa70a5fa2070ca19.png | | 필터이미지 | https://static.service.skmagic.com/editor/faq/ckimg/2b7f28fb4da0488ea940ed85a8a2e7a0.png | https://static.service.skmagic.com/editor/faq/ckimg/92925ea9b9f44dc0af9eb74fbecfcbdc.png | https://static.service.skmagic.com/editor/faq/ckimg/26c0cb7d2c9c4d0ebd96e8ce5fdff6b2.png | https://static.service.skmagic.com/editor/faq/ckimg/dc8b2aa767b448cbb55c196d4664f767.png | https://static.service.skmagic.com/editor/faq/ckimg/5cad43c57c0b4986acb1d71e6517c04c.png |,https://static.service.skmagic.com/editor/faq/ckimg/db0293475ed2461e95f533c499cfd4ec.png|https://static.service.skmagic.com/editor/faq/ckimg/fc2829538da74cb3ac747ac0d4fa0f71.png|https://static.service.skmagic.com/editor/faq/ckimg/3afece3f3f0b4206a6d5f2ce518e3d87.png|https://static.service.skmagic.com/editor/faq/ckimg/cbb27f37ee3f404db91fc8db653a3add.png|https://static.service.skmagic.com/editor/faq/ckimg/b915bec8fb184790aa70a5fa2070ca19.png|https://static.service.skmagic.com/editor/faq/ckimg/2b7f28fb4da0488ea940ed85a8a2e7a0.png|https://static.service.skmagic.com/editor/faq/ckimg/92925ea9b9f44dc0af9eb74fbecfcbdc.png|https://static.service.skmagic.com/editor/faq/ckimg/26c0cb7d2c9c4d0ebd96e8ce5fdff6b2.png|https://static.service.skmagic.com/editor/faq/ckimg/dc8b2aa767b448cbb55c196d4664f767.png|https://static.service.skmagic.com/editor/faq/ckimg/5cad43c57c0b4986acb1d71e6517c04c.png
공기청정기,올인원 플러스 필터 교체 방법이 궁금해요.,올인원 플러스 필터 교체 방법을 확인해 주세요. 기존 필터 상단캡 제거 시 하단 프레임을 잡고 분리하면 좀 더 쉽게 분리 할 수있습니다. 기존 필터에서 먼지등이 날릴 수 있음으로 새 필터의 포장 비닐을 이용해 기존 필터를 감싼 후 프레임을 제거해 주세요. 향균 프리필터 조립 시 향균 프리필터를 먼저 조립한 후 상부캡을 조립하면 콤비필터 벌어짐 없이 좀 더 쉽게 조립할 수 있습니다. 상부캡 조립 시 표시부에 잘 맞추어 조립해 주세요. 표시된 화살표와 프레임의 기둥 부분을 잘 맞추어 조립해 주세요.,,https://static.service.skmagic.com/editor/faq/ckimg/83fb3ea7c59f4baa97955aff090a8701.png|https://static.service.skmagic.com/editor/faq/ckimg/78a617e519b7479a99bcb5a61eb6c3cc.png|https://static.service.skmagic.com/editor/faq/ckimg/504a737affb443ae956e1cf15d0e2e08.png
공기청정기,송풍구가 제대로 올라오지 못하고 기울어졌어요/제품이 원위치로 안돌아오고 돌아가 있어요,제품의 팝업과 회전의 위치를 초기화 합니다. ①전원버튼을 눌러 전원을 꺼주세요. ②제품의 전원코드를 분리하여 10초를 기다려 주세요. ③전원코드를 다시 연결한 후 전원버튼을 눌러 작동해 주세요. 초기화시 팝업과 회전의 위치가 원점을 찾게 되어 원위치로 원상복귀가 됩니다.,,https://static.service.skmagic.com/editor/faq/ckimg/df45fe5df3f5442b99720bc9c7b48b44.png
공기청정기,UV광촉매 살균이 궁금해요 (ACL20U1),UV광촉매 살균이란? 이산화 티타늄이 코팅된 광촉매 모듈에 UV-A(자외선) 광원을 조사하면 생성되는 이온 ‘OH-’ 가 세균 바이러스의 세포막을 손상시켜 사멸시키는 기능입니다. UV살균기능을 켜고싶다면 [화면전환]버튼 5초이상 눌러 주세요.,,https://static.service.skmagic.com/editor/faq/ckimg/e149caeb1dea418c914f16d673958732.png
공기청정기,[C2] 표시가 떠요,ACP110 모델에서 C2 표시가 뜨고 작동이 안되나요? 센서 전선 합선이 감지되어 발생하는 에러입니다. 전원코드선을 분리한 뒤 30초 후 다시 연결하여 확인해 주세요.,,없음
공기청정기,자동모드와 집중모드 바람세기가 똑같아요(ACL20C1 ACL25C1 ACL20U1),공기청정기 센서가 좋음(파란색)으로 표시되어 있나요? 자동모드와 집중모드 모두 통합 공기질 상태에 따라 바람세기가 변동됩니다. 통합 공기질 상태(센서)가 좋은 경우 자동모드와 집중모드 모두 1단계로 가동됩니다. 자동모드 통합공기질 상태에 따라 3단계로 풍량이 변경되며 오염도에 따라 자동동작 됩니다. 집중모드 통합공기질 상태에 따라 5단계로 풍량이 변경되며 먼지 오염이 발생했을 때 빠르게 정화하는 용도입니다. 조작부 [모드]버튼으로 자동모드와 집중모드를 선택 할 수 있습니다. 일반 가정환경에서 사용할 때 [자동모드]사용을 권장합니다. 거실 또는 사무실 등의 환경에서 사용할 때 [집중모드]사용을 권장합니다.,,https://static.service.skmagic.com/editor/faq/ckimg/5efb7e12506848419e1176557a5d789a.png
공기청정기,외관 청소 방법이 궁금해요,외관 청소를 진행해 주세요. 흡입구 송풍구의 먼지는 진공 청소기로 제거해 주세요. 진공청소기로 큰 먼지를 제거한 후 부드럽고 마른 천으로 닦아주세요. 흡입구 안쪽까지 청소가 필요한 경우 커버 분리 후 동일한 방법으로 안쪽부분도 청소해 주세요.,,https://static.service.skmagic.com/editor/faq/ckimg/cb90515f28a84b18b1997f19771a58bb.png
공기청정기,송풍구에서 나오는 바람이 약해졌어요,필터 청소 및 필터 교체가 필요할 수 있으므로 필터 교체 주기를 확인해 주세요. 필터의 오염으로 기공이 이물로 막혀 공기순환이 원활하지 않은 경우 송풍구에서 배출되는 바람이 약해질 수 있으니 필터를 분리하여 청소해 주세요. 프리필터만 물청소가 가능하며 그 외 필터는 큰 먼지만 제거해 주세요. 물청소는 절대 불가 합니다. 교체용 필터는 교체 주기에 맞춰 새 필터로 교체해 주세요. 설치환경에 따라 필터 교체 주기는 달라질 수 있으며 권장 교체 주기가 되지 않았더라도 필터의 오염이 심한 경우 교체가 필요합니다. 작동중인 공기청정기의 풍량을 확인해 주세요. [약풍] 모드로 지속 작동하는 경우 수동으로 풍량 버튼을 눌러 조절하여 송풍구로 배출되는 바람 세기에 변화가 있는지 확인해 주세요. 자동모드 설정시 오염도 변화에 따라 풍량이 자동적으로 조절되어 작동됩니다.,,없음
공기청정기,공기청정기마다 먼지수치 및 오염농도가 달라요,자사 제품 2대 이상 사용중인 경우 확인해 주세요. 한 공간에 2대 이상 제품을 설치한 경우라도 먼지수치 및 오염농도는 다르게 표시될 수 있습니다. 같은 공간이라도 공기 중 떠다니는 먼지 분포도가 달라 오염농도가 다르며 제품별로 센서 위치 및 센서 종류가 달라 제품에서 감지되는 오염농도가 서로 상이할 수 있습니다. 먼지센서 오염시 센서 기능 저하의 원인이 되므로 먼지센서도 주기적인 청소가 필요합니다. 타사 제품과 자사 제품 2대 이상 사용중인 경우 확인해 주세요. 각 회사 제품에 적용된 센서는 종류 및 감지원리 민감도 등 차이가 있으므로 같은 공간이라도 서로 감지되는 정도의 차이가 발생할 수 있습니다.,,없음
공기청정기,제품에서 발생하는 UV-A(자외선) 불빛은 해롭지 않나요 (ACL20U1C),자외선은 사람의 눈에 보이지 않는 색으로 제품 외부로 방출되어도 자연광보다 낮아 안전합니다. 제품 외부에서 눈에 보이는 파랑 보라빛의 자외선은 가시광선 영역과 겹쳐 색상이 있는 빛으로 보입니다. 해당 제품은 자외선 A 파장대를 사용하며 일반적으로 사용하는 C파장대의 제품보다 안전합니다.,,없음
공기청정기,[nn] 표시가 떠요. (ACP110),ACP110 모델에서 nn 표시가 뜨고 작동이 안되나요? 모터 작동에 이상이 감지되어 발생하는 에러입니다. 전원코드선을 분리한 뒤 30초 후 재연결하여 확인해 주세요.,,없음
공기청정기,송풍구 한쪽에서만 바람이 나와요 (ACLV32 ACLV35),절전모드 기능이란? 팬과 모터가 양쪽이 아닌 한쪽만 작동되어 소비전력을 최소화 시킬 수 있습니다. 우측팬과 모터만 작동되어 우측 송풍구에서만 정화된 공기가 배출됩니다.,,https://static.service.skmagic.com/editor/faq/ckimg/ee8f1d7565a84acb9eca29c724718636.png
공기청정기,ACL16C1A ACL16C2A ACL22C1A ACL22C2A ACL22P1C 먼지센서 위치 확인방법,먼지센서 위치 확인방법 제품 뒷면 CA인증필터 스티커가 부착된 곳에 먼지센서와 가스센서가 있습니다. 먼지센서 청소방법 물 묻힌 면봉으로 렌즈를 먼저 닦아준 뒤 마른 면봉으로 한번 더 닦아주세요. 청소 후 일시적으로 센서 수치가 높아질 수 있으며 30분이내로 정상 작동되니 안심하셔도 됩니다.,,https://static.service.skmagic.com/editor/faq/ckimg/0b2e4c0416f948be88e11668e2fdf06c.png|https://static.service.skmagic.com/editor/faq/ckimg/d3f88c96333a454babfa00c1f53ab901.png
공기청정기,ACLV32 ACLV35 ACL300VA ACP240 ACL220U ACL251B 먼지센서 및 가스센서 위치 확인방법,가스센서 위치 확인방법 표시부 잠금 손잡이를 밑으로 내린 뒤 필터부를 잡아 당겨 주세요. 먼지센서 위치 확인 및 청소방법 전면 우측 손잡이 아래 CA인증필터와 에너지효을등급 스티커가 부착된 부분에 있습니다. ①먼지센서 커버 아래쪽에 손가락을 넣어 앞으로 당겨 분리해 주세요. ②물 묻힌 면봉으로 렌즈를 먼저 닦아준 뒤 마른 면봉으로 한번 더 닦아주세요. 청소 후 일시적으로 센서 수치가 높아질 수 있으며 30분이내로 정상 작동되니 안심하셔도 됩니다.,,https://static.service.skmagic.com/editor/faq/ckimg/e90cf872e58343aabcf254fe365bf970.png|https://static.service.skmagic.com/editor/faq/ckimg/fb20faee85834d148baf6bcd9c01b942.png|https://static.service.skmagic.com/editor/faq/ckimg/5d24e03712c540de8477a41c2d40d055.png
공기청정기,올클린 디아트 공기청정기 전원OFF후 소음이 발생해요 작동이 안 멈춰요.,청정 팝업은 전원ON/OFF시 송풍 바람 방향이 전면 위치를 확인할 때까지 360℃ 회전합니다. 제품 전원은 꺼져 있으나 청정 팝업은 계속 회전하며 팝업 위치가 전면을 향하는 순간 멈추게 됩니다. 이때 청정 팝업이 회전하며 '우~웅~' 하는 소음이 발생됩니다.,,https://static.service.skmagic.com/editor/faq/ckimg/a44ed214aff64378bdb7d5f4aeda4ce7.png
공기청정기,ACL20C1 ACL25C1 ACL20U1 ACL15C1 먼지센서 및 가스센서 위치 확인방법,먼지센서 및 가스센서 위치 확인방법 에너지효율등급 및 CA인증필증 스티커가 부착된 후면커버를 양쪽으로 들어 올려 분리해 주세요.( 이미지 참고) 먼지센서 청소방법 물 묻힌 면봉으로 렌즈를 먼저 닦아준 뒤 마른 면봉으로 한번 더 닦아주세요. (이미지 참고) 청소 후 일시적으로 센서 수치가 높아질 수 있으며 30분이내로 정상 작동되니 안심하셔도 됩니다.,,https://static.service.skmagic.com/editor/faq/ckimg/18a842b3c3654b9ea67a01bd98664515.png|https://static.service.skmagic.com/editor/faq/ckimg/543172aa777e49f4af0c3f7430f57e4e.png
공기청정기,ACLV16 ACL160V ACL120U ACP111 센서 위치 확인방법,온도/습도센서 및 가스센서 위치 확인방법 (이미지 참고) 먼지센서 위치 확인 및 청소방법 전면 우측 손잡이 아래 CA인증필터와 에너지효을등급 스티커가 부착된 부분에 있습니다. ①먼지센서 커버 아래쪽에 손가락을 넣어 앞으로 당겨 분리해 주세요. ②물 묻힌 면봉으로 렌즈를 먼저 닦아준 뒤 마른 면봉으로 한번 더 닦아주세요. 청소 후 일시적으로 센서 수치가 높아질 수 있으며 30분이내로 정상 작동되니 안심하셔도 됩니다.,,https://static.service.skmagic.com/editor/faq/ckimg/d4db63b208fc4f3d86f0bdd7b0f64ab1.png|https://static.service.skmagic.com/editor/faq/ckimg/fb20faee85834d148baf6bcd9c01b942.png|https://static.service.skmagic.com/editor/faq/ckimg/5d24e03712c540de8477a41c2d40d055.png
공기청정기,올클린 디아트 공기청정기 집중 청정 모드 및 순환 청정 모드,집중청정 기능이란? 공기의 흐름을 한 방향으로 집중하여 송풍하며 청정 팝업 부스터는 회전하지 않습니다. 순환청정 기능이란? 공기의 오염 상태에 따라 집중 순환 송풍을 자동으로 선택하여 공간의 오염도를 빠르게 감소시킵니다. 꼼꼼한 청정이 필요한 공간에 180℃ 회전하여 보다 넓은 공간을 빠르게 정화합니다. 청정 팝업 부스터가 전면 기준 좌우 90℃ 방향으로 회전하며 반복 작동됩니다. <순환청정 동작 방식> '순환청정'선택 시 30분간 좌우 90℃ 방향으로 회전하며 작동합니다. 30분 회전 종료 시점에 공기질을 체크하여 공기질 상태에 따라 작동합니다. ①30분 회전 종료시점 공기질 좋음(보통) 상태 : 집중모드로 변경되고 회전하지 않습니다. ②30분 회전 종료시점 공기질 나쁨(매우나쁨)상태 : 30분간 좌우 90℃ 방향으로 회전하며 작동합니다. 집중청정 및 순환청정 바람토출방식 집중청정모드는 회전하지 않고 작동되므로 한 방향으로만 집중적으로 정화된 공기를 빠르게 보낼 수 있습니다. 순환청정모드는 90℃ 회전하며 작동되고 공기 오염도에 따라 집중 및 순환청정으로 변경되며 작동하여 오염된 공간을 빠르게 정화할 수 있습니다.,,https://static.service.skmagic.com/editor/faq/ckimg/da62bdd8c4bf4aefbec33732eda5fff9.png|https://static.service.skmagic.com/editor/faq/ckimg/2fc4d131375f450d83c8212e98aa7e00.png
공기청정기,ACL131T0 ACL131T1 먼지센서 위치 확인방법,먼지센서 위치 확인방법 (이미지 참고) ACL131T0 ACL131T1 가스센서가 없는 모델입니다. 청소기로 청소 가능합니다.,,https://static.service.skmagic.com/editor/faq/ckimg/6eb0b7156997454f925fbe83b1cd7939.png
공기청정기,커버를 분리해도 바람이 나와요 (ACLV32 ACLV35),2019년 이전 생산제품 필터 커버 분리 시 팬 동작이 중지됩니다. 팬(FAN) 회전날개 부분이 막혀있지 않아 손이 닿게 되면 상해가 발생할 수 있어 필터 커버 분리시 팬 동작이 중지됩니다. 2019년 이후 생산제품 필터 커버 분리후에도 팬은 작동됩니다. 팬(FAN) 회전날개 부분이 막혀있어 손이 닿을 수 없는 구조로 필터 커버 분리 후에도 팬은 작동합니다.,,https://static.service.skmagic.com/editor/faq/ckimg/bb591e55dc5f43d69e51594da88d6b19.png
공기청정기,서비스센터 IoT 연결된 제품 삭제 방법이 궁금해요,서비스센터 APP에서 IoT 연결된 제품 삭제 방법을 확인해 주세요. ①서비스센터 로그인 후 IoT를 실행해 주세요. ②가전 목록에서 해당 모델 우측의 [삭제]버튼을 눌러 해당 제품을 삭제해 주세요.,,https://static.service.skmagic.com/editor/faq/ckimg/a47503559dc1406bb4a7074bab01adbc.png
공기청정기,올클린 공기청정기 먼지농도 905로 표시되고 계속 나쁨 상태에요.,화면전환 버튼을 눌러 PM10으로 변경할 경우 먼지농도가 999로 표시되는지 확인해 주세요. 처음 전원을 켰을 때 PM2.5로 셋팅되며 화면전환 버튼을 누르면 PM2.5PM10PMPM1.0꺼짐 순으로 변경 가능합니다. 최저 먼지농도는 PM2.5(초미세먼지)_905 PM10(미세먼지)_999 PM1.0(극초미세먼지)_360으로 표시됩니다. 후면 커버 분리 후 먼지센서 커버가 열려있거나 조립이 잘 되어 있는지 확인해 주세요. ①조립 상태 확인방법 ②조립방법 먼지센서 청소를 진행해 주세요. 먼지센서 청소 미흡으로 인해 센서성능이 저하될 수 있습니다. 먼지센서 청소는 4주/1회 주기로 청소해 주세요. 청소방법 : 물 묻힌 면봉으로 구멍 3개를 닦은 뒤 물을 묻히지 않은 면봉으로 다시 닦아주세요. 먼지센서 센서테스트 및 청소 후에도 먼지농도가 변하지 않는다면 센서 성능저하로 서비스 접수가 필요합니다.,,https://static.service.skmagic.com/editor/faq/ckimg/455497ac15fa4d81a7657af14e899c47.png|https://static.service.skmagic.com/editor/faq/ckimg/d5987032fef244b3a5f32419af8d7d90.png|https://static.service.skmagic.com/editor/faq/ckimg/055511bd2d3a4443b0957cd7ad67aad4.png|https://static.service.skmagic.com/editor/faq/ckimg/1bcaaf1c63c441f28c11bf8fe73edb09.png
공기청정기,올클린 공기청정기 먼지농고 5라고 표시되고 계속 좋음 상태에요.,화면전환 버튼을 눌러 PM10으로 변경할 경우 먼지농도가 12로 표시되는지 확인해 주세요. 처음 전원을 켰을 때 PM2.5로 셋팅되며 화면전환 버튼을 누르면 PM2.5PM10PMPM1.0꺼짐 순으로 변경 가능합니다. 최저 먼지농도는 PM2.5(초미세먼지)_5 PM10(미세먼지)_12 PM1.0(극초미세먼지)_3로 표시됩니다. 먼지센서 테스트시 동일한지 확인해 주세요. 먼지농도가 올라가고 클린램프가 빨간색 또는 주황색으로 변경된다면 정상입니다. 안심하고 사용해 주세요. 먼지센서 청소를 진행해 주세요. 먼지센서 청소 미흡으로 인해 센서성능이 저하될 수 있습니다. 먼지센서 청소는 4주/1회 주기로 청소해 주세요. 청소방법 : 물 묻힌 면봉으로 구멍 3개를 닦은 뒤 물을 묻히지 않은 면봉으로 다시 닦아주세요. 먼지센서 센서테스트 및 청소 후에도 먼지농도가 변하지 않는다면 센서 성능저하로 서비스 접수가 필요합니다.,,https://static.service.skmagic.com/editor/faq/ckimg/c7390b144bfb47c089e797b8ebb26603.png|https://static.service.skmagic.com/editor/faq/ckimg/ab4538bcf6ab429f97807fc5bb15d5ac.png|https://static.service.skmagic.com/editor/faq/ckimg/1bcaaf1c63c441f28c11bf8fe73edb09.png
공기청정기,ACL191T ACL192T ACL190P 먼지센서 위치 확인방법,먼지센서 위치 확인방법 뒷면 판넬 분리 시 확인할 수 있습니다. ACL191T ACL192T ACL190P 가스센서가 없는 모델입니다.,,https://static.service.skmagic.com/editor/faq/ckimg/af3a009e02c7411299a629e0d3088d0c.png
공기청정기,ACL141 ACL140 먼지센서 및 가스센서 위치 확인방법,가스센서 위치 확인방법 가스센서는 전면커버 분리 시 상단 중앙에 위치되어 있습니다. ①전면커버 분리 후 후크가 걸려있는 하단부를 위쪽으로 당겨 올려 주세요. ②조립시에는 하단부 후크를 먼저 걸고 아래 방향으로 커버를 내리면서 조립해 주세요. 먼제센서 위치 확인방법 ①뒷면 커버를 분리해 주세요. ②상단에 후크가 걸려있어 판넬 하단부를 위로 당겨 올려 주세요. ③조립시에는 상단 후크를 먼저 걸고 아래로 내리면서 조립해 주세요. 온습도센서 먼지센서는 청소기 또는 솔을 이용하여 청소가 가능합니다.,,https://static.service.skmagic.com/editor/faq/ckimg/d8e91d4a6d4c441f9de034f87aa17d39.png|https://static.service.skmagic.com/editor/faq/ckimg/6f7405a26a6e4d4badecdafef2fafeff.png
공기청정기,외부 미세먼지 농도가 보통(초록색)인데 클린램프가 나쁨(빨간색)이에요.,거주 지역의 미세먼지 농도를 확인해 주세요. 거주 지역의 미세먼지 농도가 보통(초록)이더라도 미세먼지(초미세먼지 포함)사이즈가 아주 작기 때문에 창 문 틈이나 현관문을 여닫을때 마다 계속 유입되어 공기청정기 작동에 영향을 줄 수 있습니다. 제품을 좁은 공간으로 이동하여 30분이상 작동해 주세요. ①화장실로 이동하여 환풍기를 끄고 30분이상 작동해 주세요. ②클린램프가 파란색(좋음) 또는 초록색(보통)으로 바뀐다면 제품은 정상적으로 작동 중입니다. 먼지센서 쪽에 박스테이프를 붙이고 클린램프가 파란색(좋음) 또는 초록색(보통)으로 변경되는지 확인해 주세요. ①먼지센서를 박스테이프로 붙이고 미세먼지 유입을 완전히 차단한 상태로 작동해 주세요. ②10분이상 작동시 클린램프가 파란색(좋음)이나 초록색(보통)으로 바뀐다면 제품은 정상적으로 작동 중입니다.,,https://static.service.skmagic.com/editor/faq/ckimg/075b433585cd4ba0abb686656f727eb3.png|https://static.service.skmagic.com/editor/faq/ckimg/7a197d1fa12445c694acdeb40ff39458.png|https://static.service.skmagic.com/editor/faq/ckimg/5e5bb50ff53d4274b7937b26f30c9240.png
공기청정기,올클린 공기청정기 바퀴가 변경되었어요.,제품 사용 편리성을 위해 변경 되었습니다. 변경 전 제품의 전면부를 잡고 이동해야하는 불편함이 있어 2023년 2월부터 앞/뒤 바퀴 모두 회전형으로 설계하여 변경되었습니다.,,https://static.service.skmagic.com/editor/faq/ckimg/28cb4d4772e5479faffd4b6c4c06c12e.png
공기청정기,제품별 에너지효율등급 한국 에너지 공단에서 조회하는 방법,①한국 에너지공단 홈페이지 접속(https://www.energy.or.,,https://static.service.skmagic.com/editor/faq/ckimg/ae82defd73d44802b35379d246e0851b.png|https://static.service.skmagic.com/editor/faq/ckimg/7ef4c1fe78c248f0ba3ed62cdff1470a.png|https://static.service.skmagic.com/editor/faq/ckimg/dd7aaf85138e4b22bcdfca0c5a6398f7.png|https://static.service.skmagic.com/editor/faq/ckimg/8a981d6eafd0404e8a614d8b2e5a312c.png|https://static.service.skmagic.com/editor/faq/ckimg/7f1daf04c8594b02ac703ec37c8d6996.png|https://static.service.skmagic.com/editor/faq/ckimg/dbc7cd9aa0994ed7a8cf494dbe52c28b.png
비데,노즐에서 물이 안나와요,노즐은 움직이지만 노즐에서 물이 나오지 않은 경우 확인해 주세요. 정상적으로 물공급이 되고 있나요? 제품 설치 장소에 단수가 되었다면 수돗물이 정상적으로 공급될 때까지 기다려 주세요. 제품에서만 물이 나오지 않는다면 중간밸브 및 수도밸브의 잠김 상태 또는 급수 호스의 꺾임 눌림 등이 없는지 확인해 주세요. 중간밸브는 수도배관에 따라 모양과 설치 위치가 상이할 수 있습니다. 원터치 필터가 장착된 모델인가요? 원터치 필터가 장착된 모델은 필터를 잘못 조립했을 경우에도 물이 공급되지 않으므로 중간밸브를 잠근 후 다시 조립한 뒤 확인해 주세요.,,https://static.service.skmagic.com/editor/faq/ckimg/55910afea34a436ea8dd7e6b705bb5a4.png|https://static.service.skmagic.com/editor/faq/ckimg/725a8ac37e6a4029b1c10fce86680851.png
비데,온수램프가 깜박거리고 작동이 안돼요,온수 버튼이 깜빡이며 작동되지 않는 경우 확인해 주세요. 비데의 입/출수 온도 센서 과열 및 단선으로 발생되는 에러입니다. 전원코드선을 분리한 후 1시간 뒤 연결해도 해결되지 않는 경우 서비스 접수가 필요합니다.,,없음
비데,전원이 안들어와요/작동 중 전원이 꺼져요/차단기가 내려가요,제품의 전원이 전혀 들어오지 않거나 사용중 갑자기 전원이 꺼진 경우 확인해 주세요. 다음 내용을 확인해 주세요 제품의 전원코드선이 연결된 콘센트를 확인해주세요. 제품의 전원코드선이 콘센트에 정상적으로 잘 연결되어 있는지 확인해 주세요. 제품의 전원코드선이 콘센트에 연결되어 있다면 해당 콘센트에 드라이기 등 소형 전기제품를 연결하여 콘센트의 전원공급 상태가 정상인지 확인해 주세요. 콘센트에 여러 제품을 연결하여 사용시 전력 과부하로 인해 누전차단기가 내려가거나 작동 중 전원이 꺼질 수 있으므로 제품을 단독으로 연결하여 사용해 주세요. 대기전력 차단 콘센트에 연결하여 사용하는 경우 콘센트 상태를 [상시]로 설정하시거나 일반적인 콘센트에 연결하여 사용해 주세요. <대기전력 차단콘센트 이미지> 설치된 장소에 누전차단기를 확인해주세요. 제품이 설치된 장소에 누전차단기(두꺼비집)가 내려가 있는건 아닌지 확인해 주세요. 누전차단기가 내려가 있다면 다시 원상복구하여 사용해 주세요. <누전차단기 예시 이미지> 멀티콘센트로 연결하여 사용하는 경우 멀티콘센트를 확인해주세요. 멀티콘센트의 노후화로 작동이 안될 수 있으니 멀티콘센트를 교체한 후 확인해 주세요. ON/OFF스위치가 없는 정격용량 250V 16A 이상의 멀티콘센트를 사용해 주세요. 벽면콘센트와 멀티콘센트에 여러 제품을 연결하여 사용시 전력 과부하로 인해 누전차단기가 내려가거나 작동 중 전원이 꺼질 수 있으므로 제품을 단독으로 연결하여 사용해 주세요.,,https://static.service.skmagic.com/editor/faq/ckimg/43ef292173b648a99e10f027e5f0d4a4.png|https://static.service.skmagic.com/editor/faq/ckimg/efac5526c713497e9f767873b1ad4a17.png
비데,리모컨 작동이 안돼요 (도기버블비데),비데 본체 전원이 꺼져있거나 리모컨의 건전지 방전 및 페어링 연결이 끊겨있을 경우 리모컨이 작동되지 않습니다. 비데 본체 전원이 OFF되어 있다면 리모컨 작동이 되지 않습니다. 본체 전원을 확인해 주세요. 비데 본체에 있는 전원 버튼 또는 리모컨의 전원 버튼을 이용하여 비데 본체의 전원을 켜주세요. 전원이 켜지지 않는다면 비데 전원코드선을 분리 후 다른 가전제품을 연결하여 콘센트 상태를 확인해 주세요. 리모컨 전원 버튼 옆 건전지 램프가 점등된 경우 확인해 주세요. 건전지 교체 알림 램프가 점등되면 건전지를 교체해 주세요. 건전지 교체 시기가 지나 완전 방전된 경우엔 램프에 불이 들어오지 않으므로 그런 경우에도 건전지를 교체하여 확인해 주세요. AAA사이즈 건전지 3개가 들어갑니다. 건전지의 [+-] 극을 잘 확인하시어 3개를 모두 교체해 주세요. 비데 본체와 리모컨의 페어링(블루투스) 연결 상태를 확인해 주세요. 비데 본체와 리모컨은 블루투스 연결 방식으로 페어링 연결을 하여 사용하셔야 합니다. 사용 중에도 연결이 끊길 수 있습니다. 페어링이 끊긴 경우 리모컨의 버튼을 누를때마다 모든 점등 램프가 불이 켜졌다가 꺼지는 증상이 나타납니다. 페어링은 초기 설치시 또는 리모컨 교체시에 반드시 진행되어야합니다. 리모컨 페어링 방법 비데 본체 버튼으로 진행해 주셔야 합니다. ①비데의 콘센트가 연결된 상태로 본체의 버튼을 눌러 전원을 OFF해주세요. (버튼은 변좌에 앉았을 때 기준 왼쪽에 있습니다.) ②[세정] 버튼을 3초 이상 '삐' 소리가 날때까지 눌러주세요. ③'삐' 소리가 나면 거의 동시에 [비데] 버튼을 짧게 한번 눌러주세요. ④'띠리링' 소리가 나고 비데 본체에 전원이 켜지면 페어링이 완료된 것입니다. 리모컨 버튼을 눌러 작동여부를 확인해 주세요.,,https://static.service.skmagic.com/editor/faq/ckimg/f1d1a0ad63794f819aa2581569d163c2.png|https://static.service.skmagic.com/editor/faq/ckimg/3920eb97018947ebaaa671bb420f1149.png|https://static.service.skmagic.com/editor/faq/ckimg/704b389cd8424140a15540f820737acc.png
비데,비데 필터 교체는 어떻게 하나요,비데 필터는 별도로 구매가 가능하며 자가교체 또는 서비스 접수를 통하여 교체 받으실 수 있습니다.,,https://static.service.skmagic.com/editor/faq/ckimg/248247b46d854dcaae287ddf781ec320.png|https://static.service.skmagic.com/editor/faq/ckimg/0e84e773acc8458daef476753fc445ee.png|https://static.service.skmagic.com/editor/faq/ckimg/4bcd8809ddcb46829a3f355952f536e1.png
비데,도기버블세정 기능이 안돼요 (도기버블비데),사용자가 시트에 앉아있는 상태로 도기버블세정기능을 작동하였나요? 사용자가 앉아있지 않은 상태에서만 작동하며 사용자가 앉아있는 경우 착좌센서가 사용자를 감지하여 버블세정기능 작동을 제한합니다. 도기버블비데 모델 : BIDS31 BIDS32 BIDS33 BIDS34 BIDS35 도기버블세정제를 확인해 주세요. 세정제의 잔여량을 확인해 주세요. 모두 소진되었을 경우 새로 구매하셔서 세정제를 교체 후 사용해 주세요. 세제통이 들뜨지 않게 홈에 잘 맞춰 조립되어있는지 확인해 주세요. 도기버블세정 기능 외 다른 기능도 작동하지 않나요? 온수 수압 등 다른 기능도 설정이 되지 않는다면 제품의 전원 공급 상태 및 리모컨 페어링 건전지 방전 등 다른 증상을 확인해야 합니다. 버블 세정 작동 시 분사 노즐이 회전 되지 않고 한 자리에 고정되어 세정제가 분사 된다면 서비스 점검이 필요합니다.,,없음
비데,비데 온수가 따뜻하지 않아요,겨울철 영하의 온도로 비데 설치장소(실외설치 및 외풍발생 등 환경적인 요인)가 낮은 온도로 유지된다면 영향을 받을 수 있습니다. 비데 사용중 온수로 바뀌나요? 노즐 기능을 사용할 경우 호스 관로에 남아 있던 실온 상태의 물이 1~2초 가량 먼저 분사되어 차갑다고 느낄 수 있습니다. 이후 온수가 나온다면 정상적인 증상이므로 안심하고 사용하시면 됩니다. 절전모드가 설정되어있나요? 앉지 않은 상태임에도 절전 램프가 점등되어 있다면 절전모드 기능 해제 후 시트[강]으로 설정해 주세요. 절전모드가 설정된 경우 제품 미사용 상태에서는 [약]단계보다 더 낮아진 온도로 온수가 유지되므로 따뜻함을 느끼지 못할 수 있습니다. 조작부 버튼을 누르거나 착좌센서에 인식된 경우 절전모드가 일시 해제되고 온수가 설정된 온도로 오르기 시작하여 바로 따뜻함을 느끼지 못할 수 있습니다. 온수 설정 단계를 확인해 주세요. [강] [중] [약] 3단계 조절이 가능하며 온수가 따뜻하지 않다면 [강]으로 설정 후 사용해 주세요. 온수온도 : 약33℃ 중36℃ 강39℃ (모델별 상이),,없음
비데,노즐과 노즐커버 청소는 어떻게 하나요,노즐 청소 방법을 확인해 주세요. ①전원코드선이 연결된 상태로 전원을 OFF해주세요. ②[정지] 또는 [세정]버튼을 3초 이상 눌러 노즐이 앞으로 나오면 칫솔을(브러쉬) 이용하여 노즐을 청소해 주세요. ③청소가 끝나면 눌렀던 [정지] 또는 [세정]버튼을 다시 3초 이상 눌러 노즐이 완전히 들어가면 전원을 켜주세요. 노즐 커버 청소 방법을 확인해 주세요. ①노즐 커버 위 고정용 플라스틱을 위로 밀어 제거한 후 노즐커버도 동일한 방법으로 분리하여 노즐커버와 주변을 청소 후 역순으로 조립하여 사용해 주세요.,,https://static.service.skmagic.com/editor/faq/ckimg/d47f40a5b7ec4102b23c0d0bb84d0267.png|https://static.service.skmagic.com/editor/faq/ckimg/5e8383a9fa594164bfea7cb5097a807c.png
비데,이사를 하는데 비데 이전설치는 어떻게 해야하나요,서비스 요청시 분리 비용과 재설치 비용은 각각 발생됩니다. [이용 요금안내] 에서 비용 확인이 가능합니다. 구독제품을 일반구매제품으로 접수시 비용이 추가될 수 있습니다. 제품 이동서비스는 불가하므로 분리된 제품은 부속품들을 빠짐없이 챙기신 후 설치하는 장소까지 옮겨주셔야 합니다. 리모컨 적용 모델은 리모컨과 리모컨거치대도 함께 옮겨주세요. 재설치 장소의 화장실에 타사 비데가 설치되어있다면 미리 제품 분리 작업을 해주셔야 합니다. 타사 비데는 분리 및 재설치가 불가합니다.,,없음
비데,수압램프가 깜박거리고 버튼 작동이 안돼요,제품을 설치한 장소에 단수가 발생하였거나 밸브가 잠겨있나요? 제품에 물이 공급되지 않는 경우 발생하는 표시로 원수 공급 상태를 확인해 주세요. 제품을 설치한 장소에 단수가 발생하였다면 수도 공급이 이루어질때까지 기다린 후 사용해 주세요. 제품이 설치된 원수도배관의 밸브 또는 제품에 연결된 중간밸브가 잠겨있는 경우 열림상태로 돌린 후 사용해 주세요. 중간밸브는 수도배관에 따라 모양과 설치 위치가 상이합니다. 원터치필터 제품이거나 초기 설치한 제품은 필터를 재 조립한 후 확인해 주세요. 전원 코드선을 분리한 뒤 30초 후 재연결하여 확인해 주세요.,,https://static.service.skmagic.com/editor/faq/ckimg/8c86ee9fedeb415b89b71db5568d25fe.png|https://static.service.skmagic.com/editor/faq/ckimg/fe6a4a717d22477ebd2c42e6322dc7b4.png
비데,노즐이 나오지 않아요/들어가지 않아요,노즐이 나오지 않는 경우 확인해 주세요. 착좌센서가 있는 모델은 인체가 감지되어야 비데 세정 쾌변 마사지 좌욕 기능을 사용할 수 있습니다. 시트에 바르게 앉아 확인해 주세요. (단 어린이 기능 제외) 시트위에 물기가 있거나 변좌커버(변기 시트커버)를 별도로 부착해서 사용하는 경우 센서 감지가 어려울 수 있으니 커버를 분리 후 확인해 주세요. 비데로 물 공급이 이루어지지 않으면 노즐이 작동하지 않으므로 단수 상태 또는 원수도밸브 중간밸브 열림 상태를 확인해 주세요. 원터치필터 제품이거나 초기 설치한 제품은 필터를 다시 조립한 후 확인해 주세요. 노즐도어(커버)가 열리지 않아 노즐이 나오지 못하는 경우 서비스 접수가 필요합니다. (아래 이미지 참고) 노즐이 들어가지 않는 경우 확인해 주세 요. 노즐 사용중 전원이 갑자기 차단되는 경우 발생할 수 있습니다. 전원코드선을 분리한 뒤 30초 후 재연결하여 확인해 주세요.,,https://static.service.skmagic.com/editor/faq/ckimg/8732a096559a4a7aa17a93b33024cd86.png
비데,버블세정제가 새요 (도기버블비데),버블세정제가 누수되는지 확인해 주세요. 세정제는 1일 2회 이상 약 4개월 사용이 가능합니다. 세제 사용으로 소모된 경우는 세정제 구매 후 교체가 필요합니다. 세정제가 누수되어 화장실 바닥 또는 변기 내부로 흐르는 경우 서비스 접수가 필요합니다.,,https://static.service.skmagic.com/editor/faq/ckimg/647656117c6f4e57b9ab3faf0aaf6cd2.png
비데,도기 청소를 해야하는데 비데를 분리할 수 있나요,간편탈부착 버튼이 있는 경우 간편탈부착버튼을 누르면서 비데 본체를 앞으로 당겨 분리해 주세요. 본체는 분리가 되고 도기에는 비데 고정부품(고정판 브라켓)이 그대로 조립되어 있습니다. 도기 청소 이후 비데 본체를 고정판 홈에 맞춰 앞에서 뒤로 밀어서 끼워주세요. 간편탈부착버튼이 없는 경우 도기 하단 비데 고정 너트를 분리하여 본체를 들어올려 분리해 주셔야 합니다. 이 경우 비데 고정부품(고정판 브라켓)은 비데 본체에 조립된채 분리가 되므로 더 깔끔한 도기 청소를 하실 수 있습니다.,,https://static.service.skmagic.com/editor/faq/ckimg/732bb6c3a1044fb0a62ee973649cc30e.png|https://static.service.skmagic.com/editor/faq/ckimg/cc3c4a7d3cb2442dafb17c765a093a48.png
비데,비데에서 물이 새요,누수 발생 위치를 확인해 주세요. 버튼조작부 및 노즐 등 비데 본체에서 누수가 발생된다면 전원코드선 분리 후 서비스 접수를 해주세요. 필터연결부 및 급수호스 부분에서 누수가 발생된다면 중간밸브를 잠근 후 서비스 접수를 해주세요. 도기(변기)의 문제로 누수가 발생하는 경우 관련 업체로 문의해 주세요.,,없음
비데,노즐팁 분리/교체/조립 방법이 궁금해요,노즐팁 분리 및 교체 방법을 확인해 주세요. ①전원코드선이 연결된 상태로 전원을 OFF 해주세요. ②[정지] 또는 [세정]버튼을 3초이상 누르면 노즐이 앞으로 나옵니다. (모델에 따라 정지/세정 버튼 선택이 다름) ③노즐 안쪽을 한손으로 잡고 다른 한손으로 노즐팁을 당겨 노즐에서 분리해주세요. ④새 노즐팁을 홈에 맞춰 조립해주세요. ⑤눌렀던 [정지] 또는 [세정]버튼을 다시 3초 이상 눌러주시면 노즐이 들어갑니다. 자가교체가 불가한 노즐팁을 확인해 주세요. BID051 BID052 BID5280 BID8270 모델과 같이 풀스테인레스 재질의 노즐팁은 자가교체가 불가하여 서비스 접수가 필요합니다.,,https://static.service.skmagic.com/editor/faq/ckimg/9efea9bab4c34e8ba0c3fad866f2cd90.png|https://static.service.skmagic.com/editor/faq/ckimg/343fbd1e24d64c7a830764e267856a8f.png
비데,비데 노즐에서 물이 새요,비데를 작동하지 않아도 노즐에서 물이 계속 흐르거나 떨어진다면 서비스 점검이 필요합니다. [세정]이나 [비데] 기능처럼 노즐 동작이 종료된 이후 노즐이 들어가면서 노즐세척이 자동으로 진행됩니다. 노즐세척으로 인해 노즐부분으로 물이 나오는 것은 정상입니다. 비데를 작동하지 않아도 노즐부분에서 물이 지속적으로 새는 증상은 서비스접수가 필요합니다.,,없음
비데,제품 관리 서비스를 더 자주 받고 싶어요.,더 자주 관리 서비스를 받기 원하실 경우 월 관리 비용을 추가하여 기존보다 단축된 관리 서비스를 받아보실 수있습니다. 단 정수기 제빙기 비데 공기청정기 일부 모델에 한해 신청 가능합니다.,,없음
비데,비데에서 이상한 소리가 나요,웅~ 윙하는 소리가 발생하나요? 적용모델 : BID5210 BID094 BID096 BIDS31 BIDS32 BIDS33 BIDS93 BID051 수압펌프 및 에어펌프가 적용된 모델은 윙 웅하는 펌프 작동 소음이 발생합니다. 삐삐 띵띵 삐- 하는 소리가 발생하나요? 필터 연결 부품의 이상 또는 급수 수압의 이상으로 발생할 수 있습니다. 전원코드선을 분리한 뒤 30초 후 재연결하여 확인해 주세요.,,없음
비데,노즐에서 물이 아래로 흘러요,노즐을 사용한 직후 노즐이 들어가면서 물이 아래로 흐르는 경우 확인해 주세요. 노즐은 작동이 종료된 후 들어가면서 자가노즐세척을 진행합니다. 이때 물을 위로 분사하지 않고 노즐쪽으로 흐르도록 진행하기 때문에 발생하는 증상으로 이는 정상입니다. 노즐을 사용하려 했으나 물이 옆으로 또는 아래로 흘러 사용이 불가한 경우 확인해 주세요. 비데나 세정 기능처럼 노즐 기능 사용중에는 노즐에서 나오는 물이 위로 분사가 되어야 합니다. 물 분사 기능 사용중 물이 옆으로 또는 아래로 흐른다면 전원 코드선을 분리한 뒤 20초 후 다시 연결하여 확인해 주세요.,,없음
비데,도기(변기)에서 누수가 돼요,비데의 전원코드를 분리한 후에도 누수가 지속 발생하나요? 비데 전원코드를 분리한 후에도 누수가 발생된다면 도기(변기) 등 화장실 내부의 문제로 관련 업체로 문의해 주세요. 비데 설치 후 변기 물넘침 물 안내려감 등의 증상도 비데 제품의 이상이 아닙니다. 비데 전원코드를 분리한 후 누수가 멈췄다면 비데의 누수 증상으로 전원코드선을 분리한 상태로 서비스 접수를 진행해 주세요.,,없음
비데,비데 수압이 약해요/강해요,수압이 강하거나 약한 경우 제품 상태를 점검해 주세요. [수압] 버튼을 이용하여 수압 단계 조절시 단계별로 변화가 있다면 제품은 정상입니다. 비데의 수압은 제품으로 유입되는 원수의 수압 그대로 분사됩니다. 수도배관과 중간밸브를 조금 더 개방하거나 닫아 원수의 수압을 조절해 주세요. 비데로 물을 공급하는 호스가 꺾이거나 눌린 부분은 없는지 확인해 주세요. 변기물을 내리면 변기 물통에 물을 채우기 위해 순간적으로 많은 물이 들어가 비데로 유입되는 수압이 약해질 수 있습니다. 필터를 장기간 교체하지 않거나 노즐 청소가 되지 않으면 물이 정상적으로 통과하지못해 수압이 약해질 수 있으므로 교체 및 청소를 진행해 주세요. 점검 시 제품에는 이상이 없으나 사용자가 느끼기에 수압이 강한 경우 사용방법을 확인해 주세요. 노즐이 앞 뒤로 움직이는 무브기능을 사용할 경우 물줄기가 한곳으로 분사되어 비교적 수압이 강하다고 느낄수 있습니다. 이때 무브기능 사용 시 도움이 됩니다. 무브기능 사용방법은 세정이나 비데 기능 작동 중 해당 버튼을 한번 더 누르면 무브기능이 작동됩니다. 수압의 세기는 사용자가 느끼는 주관적인 차이가 있을 수 있습니다.,,없음
비데,비데가 파손됐어요,제품이 파손된 경우 확인해 주세요. 노즐커버(덮개) 리모컨 리모컨거치대 세정제 등 분리가 가능하거나 교체용 부품의 경우 별도로 구매하여 자가 교체가 가능합니다. 전원코드선 일체형 버튼조작부 시트 시트커버와 같이 분리되지 않는 부품의 경우 구매 및 자가교체가 불가하여 서비스 접수가 필요합니다. 모델에 따라 내용에 차이가 있을 수 있습니다.,,https://static.service.skmagic.com/editor/faq/ckimg/12e2cfe232ce448484454c3f2a13cd33.png
비데,겨울철 한파로 비데에서 물이 안 나와요.,겨울철 영하의 온도로 비데 설치장소(실외설치 및 외풍발생 등 환경적인 요인)가 낮은 온도로 유지된다면 수도나 호스가 얼어 비데 물이 안 나올수 있습니다. 화장실 변기물이 정상적으로 내려가고 물이 다시 채워지는지 또는 화장실 세면대의 물이 정상적으로 나오는지 확인해 주세요. 비데 호스는 변기 밸브 배관에 연결하므로 변기 물이 나오지 않으면 비데는 작동되지 않습니다. 수도배관의 밸브 잠김 동파 여부를 확인하신 뒤 정상적으로 물 공급이 된 이후 사용해 주세요. 건물 외부 화장실에 설치하거나 난방 장치가 없는 장소 등 낮은 온도에 지속 노출될 경우 연결수도 또는 호스가 얼수있습니다. 날씨가 따뜻해지거나 난방을 통해 호스가 녹으면 비데 물 공급이 정상화되어 다시 비데 사용이 가능해집니다. 수도계량기 수도배관 급수호수가 얼어 붙지 않도록 한파에 대비해 주세요. 단수 또는 동파 등 환경적인 요인으로 인한 서비스 점검 요청 시 서비스 비용이 발생됩니다.,,https://static.service.skmagic.com/editor/faq/ckimg/acf4c3d7e3da48f29dcdb24278916397.png
비데,어린이(아이)기능만 작동되고 비데나 세정기능은 작동이 안돼요,착좌센서가 있는 모델을 사용중이신가요? 착좌센서가 있는 모델은 인체가 감지되어야 비데 세정 쾌변 마사지 좌욕 기능을 사용할 수 있으니 시트에 바르게 앉아 확인해 주세요. 시트위에 물기가 있거나 변좌커버(변기 시트커버)를 별도로 부착해서 사용하는 경우 센서가 오작동 할 수 있어요. 온수수압변좌온도(시트) 어린이(아이)기능은 착좌센서의 영향을 받지 않아요. 비데와 세정기능은 착좌센서의 감지여부에 따라 작동이 되지만 어린이(아이) 기능은 착좌센서가 있더라도 센서의 영향을 받지 않습니다. 모델에 따라 착좌센서의 위치는 좌/우 상이합니다. 착좌센서가 없는 모델을 사용중이신가요? 콘센트 분리 후 10초 뒤 연결하여 작동 여부를 확인해 주세요. 이후에도 동일 증상이라면 서비스 점검이 필요합니다.,,https://static.service.skmagic.com/editor/faq/ckimg/63d6836af2a84f51b190daaf1e622669.png
비데,수압 온수 변좌의 단계를 설정해도 계속 초기화되어있어요,제품의 전원이 꺼졌다 다시 켜지면 기존에 설정되어있던 수압 온수 변좌온도의 단계가 초기화됩니다. 비데 사용시마다 버튼 설정이 항상 초기화가 되어있다면 확인해 주세요. 비데의 각 기능별 설정값은 전원이 다시 켜지는 경우에 초기화 됩니다. 화장실 전등 스위치를 끄면 비데 전원도 함께 꺼지는지 확인해 주세요. 비데도 함께 꺼지는 경우 화장실 전등스위치와 화장실 내부 전기가 같이 연결 되어 있는것입니다. 화장실 전등스위치와 내부 전기가 연결되어있는 경우 비데의 문제가 아니므로 사용이 불편하시다면 전기전문업체에 의뢰하여 전기공사를 받으셔야 합니다. 화장실 전등스위치와 내부 전기가 연결되어있지 않다면 비데의 전원 공급이 잘 되고 있는지 콘센트 상태를 확인해 주세요.,,없음
비데,비데 설치가 가능한 환경과 불가능한 환경이 궁금해요,비데 설치가 가능한 환경을 확인해 주세요. 저수압 환경에서 비데를 설치하여 사용하려는 경우 수도직결식과 펌프급수식의 제품중에서 펌프급수식의 제품으로 설치를 권장합니다. 단 물을 공급할 때 소음이 발생할 수 있습니다. 연결할 수도에서 도기(변기)까지의 거리가 2M이하인 경우 설치가 가능합니다. 도기(변기)의 세로 지름이 525mm이상이며 변기 커버 고정부의 넓이가 14~20cm 경우 설치가 가능합니다. 비데 설치가 불가능한 환경인지 확인해 주세요. 설치하려는 장소에 전원콘센트가 없는 경우 설치가 불가합니다. 화장실 내에 콘센트가 없다면 전기전문업자를 통해 별도로 전기 공사를 하셔야 합니다. 수도가 부식되거나 파손된 경우 설치가 불가합니다. 비데 커버나 시트가 세면대 문 벽 선반에 간섭되는 경우 설치가 어려울 수 있습니다. 일체형 직각형 콜러형 좁은 라운드형 도기(변기) 모양은 설치가 불가합니다.,,https://static.service.skmagic.com/editor/faq/ckimg/8e3a3bd3e2e74ecf9c4ce70d6e041aa9.png|https://static.service.skmagic.com/editor/faq/ckimg/dbb5e154c98e4490b9a0b40272f9a792.png|https://static.service.skmagic.com/editor/faq/ckimg/6f14a83009ed431589c0fdfafc592b87.png
비데,도기 버블비데 리모컨이 고장나면 비데를 사용할 수 없나요,리모컨 작동이 되지 않는 경우 본체 옆면 비상버튼을 사용해 주세요. 리모컨 작동이 되지 않는 경우 비데에 앉은 기준 좌측에 버튼을 사용해 주세요. 리모컨 분실 고장 및 건전지 방전 등 리모컨 사용이 어려울 경우를 대비하여 본체 좌측에 비상버튼이 있습니다. 본체에는 [정지] [세정] [비데] [전원] 버튼 사용이 가능합니다. 본체의 버튼이 작동되지 않는 경우 비데의 전원 상태를 확인해 주세요. 비데 본체 전원이 OFF되어 있다면 전원버튼 외 작동이 되지 않습니다. 전원이 꺼져있는 경우 본체에 전원버튼을 이용하여 전원을 켜주세요. 전원이 켜지지 않는다면 비데 전원코드선을 분리한 뒤 다른 가전제품을 연결하여 콘센트 상태를 확인해 주세요.,,https://static.service.skmagic.com/editor/faq/ckimg/5a5251dfb6bc4abea6b35db179cca508.png|https://static.service.skmagic.com/editor/faq/ckimg/0a5d80a58a9f4edaba60266f1b29fd6f.png
비데,비데 연결호스 필터 연결부에서 누수가 돼요,호스 및 필터 연결부의 너트 마모 조임이 느슨해져서 누수가 발생될 수 있습니다. 원수도밸브 또는 중간밸브를 잠그고 누수가 되는 비데 호스나 필터를 분리하여 다시 조립해주세요. 비데 필터 연결부 누수시 여유분의 필터를 보유하고 있다면 새 필터로 교체해주세요. *비데 필터 교체 방법이 궁금하다면? [비데 필터 교체는 어떻게 하나요] ← 바로가기 클릭,,없음
비데,시트 및 시트커버(비데 뚜껑)를 닫을때 확 떨어져요,시트 또는 시트커버(비데 뚜껑)를 닫을때 서서히 내려오지 않고 한번에 확 떨어지는 경우는 시트와 시트커버 양옆에서 잡아주는 부품이 파손되어 발생하는 증상입니다. 비데 기능 작동에 영향을 미치진 않지만 사용이 불편한 경우 서비스 점검이 필요합니다.,,없음
비데,도기 버블 비데 리모컨 페어링 방법,새 제품 초기설치 및 리모컨 교체시 리모컨과 본체의 페어링 작업이 필요합니다. 페어링 방법 페어링 연결은 리모컨이 아닌 필히 본체 좌측면(앉은기준)에 있는 버튼을 이용하셔야 합니다.,"[표1] | https://static.service.skmagic.com/editor/faq/ckimg/6e00d0a89ed044259ae0463dfa4fdf89.png | https://static.service.skmagic.com/editor/faq/ckimg/dac6a3ab99754aaaaa88de6700654e87.png | https://static.service.skmagic.com/editor/faq/ckimg/6a59267c1e90474aa8a5e0a94ef3e0cb.png | | --- | --- | --- | | ①전원을 OFF해주세요. 이때, 콘센트는 연결되어 있어야 합니다. | ②[세정] 버튼을 3초이상 `삐` 소리가 날때까지 눌러주세요. | ③'삐' 소리 동시에 [비데] 버튼을 짧게 한번 눌러주세요. '띠리링' 소리가 나고 전원이 켜지면 페어링이 완료된것입니다. 리모컨 버튼을 눌러 작동여부를 확인해 주세요. |",https://static.service.skmagic.com/editor/faq/ckimg/6e00d0a89ed044259ae0463dfa4fdf89.png|https://static.service.skmagic.com/editor/faq/ckimg/dac6a3ab99754aaaaa88de6700654e87.png|https://static.service.skmagic.com/editor/faq/ckimg/6a59267c1e90474aa8a5e0a94ef3e0cb.png
비데,비데 노즐팁이 빠졌어요,노즐팁 조립 방법 ①전원을 OFF 해주세요. (콘센트는 연결) ②[정지] 또는 [세정]버튼을 3초이상 누르면 노즐이 앞으로 나옵니다. (모델에 따라 정지/세정 버튼 선택이 다름) ③노즐 안쪽을 한손으로 잡고 다른 한손으로 노즐팁부분을 홈에 맞춰 끼워주세요. ④눌렀던 [정지] 또는 [세정]버튼을 다시 3초 이상 눌러주시면 노즐이 들어갑니다.,,https://static.service.skmagic.com/editor/faq/ckimg/0942ee5e98bc4a6ab0cd75a994f61494.png
비데,비데에서 '웅~'  '윙~' 하는 소리가 나요,수압펌프 적용모델 : BID5210 BID094 BID096 저수압지역에 설치 가능하도록 비데 내 수압펌프가 내장되어 있습니다. 에어펌프 적용모델 : BIDS31 BIDS32 BIDS33 BID051 BIDS93 다량의 공기가 물살과 혼합되어 부드러운 세정감을 느낄 수 있도록 에어펌프가 내장되어있습니다. 수압펌프와 에어펌프가 내장되어 있는 제품은 작동시 펌프 동작 소리가 크게 들릴 수 있으나 정상적인 작동소음입니다.,,없음
비데,노즐에서 저절로 물이 분사가 돼요,비데를 조작하지 않았는데 혼자서 노즐이 나오고 물이 분사되었다면 확인해 주세요. 사용 직후 노즐이 들어가면서 물이 나온다면 노즐 자가세척기능이 작동하는 상태이므로 안심하셔도 됩니다. 버튼을 조작하지 않았는데도 비데나 세정 기능을 사용하는것처럼 노즐에서 물이 분사 된다면 전원코드선을 분리한 후 20초 뒤 다시 연결해 주세요.,,없음
비데,비데에서 '삐삐'  '띵띵' 부저음이 발생해요,비데에서 발생하는 부저음 (삐삐 띵띵 삐~)은 서비스 점검이 필요합니다. 예상원인 디스플레이 및 내부 부품에 습기침투로 인해 부저음 발생 필터 연결 부품의 이상으로 부저음 발생 급수 수압의 이상으로 부저음 발생,,없음
비데,시트와 시트커버(비데 뚜껑)을 올리면 뒤로 고정이 안되어있어요,비데 뒤쪽의 장애물로 인해 여유 공간이 부족한 경우 발생하는 증상입니다. 다음 내용을 체크해 주세요 시트 및 시트커버를 올렸을때 최소 90도 이상 뒤로 젖혀져 고정될 공간이 필요하지만 세면대나 선반처럼 뒤쪽에 장애물이 있는 경우 여유공간이 충분하치 못해 뒤로 고정되어있지 못하고 계속 앞으로 쏠려 떨어지게 됩니다. 이런 경우 비데 고정부품을 조금 앞으로 이동하여 설치위치를 변경해주세요. 단 앞으로 비데 위치를 조정할 경우 도기보다 비데가 튀어나오는 경우는 사용이 불편할 수 있으므로 위치 조정이 불가합니다.,,https://static.service.skmagic.com/editor/faq/ckimg/d25fed0a146747bd83efaf271b0df9b3.png
비데,비데에서 전기가 통해요,건조 송풍구 내부에는 건조히터 변좌 시트 내부에는 히터 열선이 내장되어있어 물청소 및 습기침투로 인해 누전 현상이 나타날 수 있습니다. 비데 전원코드를 분리하고 건조를 해주세요. 물청소 후 제품에 물기가 남아있다면 닦아서 제거해주시고 제품 전원 코드를 분리하여 1~2시간 자연건조를 한 후에 전원코드를 다시 연결해 주세요. 이후에도 지속적으로 전기가 느껴진다면 서비스 점검이 필요합니다. 접지콘센트에 연결되어있는지 확인해 주세요. 비데 전원코드가 연결된 콘센트에 접지단자가 있는지 확인해 주세요. 접지가 되어있지 않은 콘센트에 연결시 제품에서 미세 전류가 느껴질 수 있습니다. 콘센트 접지공사는 전기 전문업체로 의뢰해 주셔야합니다.,,https://static.service.skmagic.com/editor/faq/ckimg/93bc34770d1e4597af7fb3293f0bfdc0.png
비데,비데 작동시 노즐에서 처음 나오는 물이 차가워요,노즐 사용시 1-2초 정도 물이 차갑게 나오는 경우 확인해 주세요. 노즐 기능 사용시 호스 관로에 남아있던 물이 먼저 분사되면서 1~2초정도 실온상태의 물이 나와 차갑다고 느끼실 수 있습니다. 이후 온수가 나온다면 정상적인 증상이므로 안심하고 사용하시면 됩니다.,,없음
비데,매직절전 기능은 무엇인가요,매직절전이란? 일정시간 비데를 사용하지 않을때 시트의 온도와 온수의 온도를 자동으로 낮추어 유지하는 기능으로 전기 사용량을 줄여줍니다. 매직절전 [매직절전]버튼을 눌러 절전기능을 ON/OFF 할 수 있습니다. 착좌센서가 있는 제품의 경우 사용 후 착좌센서에 5분이상 감지가 없는 경우 절전모드로 자동 설정되며 착좌센서에 인체가 감지되면 이전에 설정했던 램프가 점등되며 절전기능은 해제됩니다. 착좌센서가 없는 제품의 경우 비데 사용 후 버튼 조작이 없을 시 1시간 뒤 절전모드로 자동 설정되며 조작부 버튼을 1회 눌러야 절전기능이 해제됩니다.,,https://static.service.skmagic.com/editor/faq/ckimg/c36134db6fd54c29b22169a4a2ce57a4.png
비데,노즐커버(덮개) 청소/교체 방법이 궁금해요,노즐커버(덮개) 교체 방법을 확인해 주세요. 노즐 커버 위 고정용 플라스틱을 위로 밀어 제거한 후 노즐커버도 동일한 방법으로 분리하고 역순으로 조립이 가능합니다. 노즐커버(덮개) 청소 방법을 확인해 주세요. 노즐커버(덮개)를 분리한 후 주변과 노즐커버를 부드러운 솔로 청소해 주세요. 노즐덮개가 지속적으로 빠져 분리가 된다면 서비스 점검이 필요합니다. 모델에 따라 내용에 차이가 있을 수 있습니다.,,https://static.service.skmagic.com/editor/faq/ckimg/5e8383a9fa594164bfea7cb5097a807c.png
비데,비데를 안방화장실에서 거실화장실로 옮기고 싶어요 (자택 내 위치이동),비데의 위치 이동이 필요한 경우 설치된 장소의 수전과 분리/설치가 반드시 필요합니다. 비데 이동이 필요한 경우 확인해 주세요. 비데를 사용하는 환경(화장실)의 특성상 1개의 수전에 1개의 도기(변기)로 이루어져 있기 때문에 비데의 위치를 변경하는 경우 거리와 관계없이 수전 분리 후 재설치가 필요합니다. 분리와 재설치 비용은 각각 발생되며 서비스 접수가 필요합니다. 새롭게 설치하려는 도기(변기)에 타사 비데가 설치되어있는 경우 미리 제품 분리 후 서비스 접수를 해주셔야 합니다. (타사 비데는 분리 및 재설치 불가합니다.,,없음
비데,물 분사가 멈추지 않아요,비데 사용이 끝나고 일어났는데도 물이 멈추지 않고 분사되는 경우 확인해 주세요. 2015년 5월 이전 생산제품 중 착좌센서가 있는 모델은 사용자가 센서에 감지되지 않는 경우 스스로 정지하나 안전을 위하여 [정지]버튼 사용을 권장합니다. 2015년 5월 이후 생산제품은 착좌센서와 관계없이 물이 분사되는 기능 작동 중 정지를 원하는 경우 반드시 [정지]버튼을 눌러야만 물 분사 작동이 정지됩니다. 물 분사 기능은 일정시간 이후 자동으로 정지되나 그 전 작동 종료를 원하실 경우 필히 [정지]버튼을 눌러주셔야합니다. [정지]버튼을 눌러도 물이 멈추지 않는 경우 확인해 주세요. 물 분사 기능은 일정시간이 지나면 자동으로 멈추게 됩니다. 자동으로 멈추면 전원코드선을 분리한 뒤 20초 후 재연결하여 확인해 주세요. 강제로 멈춰야 할 상황일 때만 전원코드선을 분리해 주세요.,,없음
비데,비데 사용시 노즐 위치가 안맞아요,노즐위치는 한국인의 기본체형에 맞게 설계가 되어있으나 사용자의 체형과 앉는 위치에 따라 차이가 날 수 있습니다. 노즐 위치가 맞지 않을 경우 [노즐] 버튼의＜＞화살표를 이용하여 노즐위치를 조절해서 사용해 주세요. 노즐 위치 조절은 모델에 따라 8단계 10단계로 조절 할 수 있습니다. 노즐위치는 사용시마다 설정해 주셔야 합니다. 한번 설정된 노즐 위치가 저장되지 않습니다.,,https://static.service.skmagic.com/editor/faq/ckimg/ef1cd32cf2bc49829fe1f98c81dc8314.png
비데,도기버블세정기능은 어떻게 작동하나요,버블세정기능은 리모컨에 있는 [도기버블세정] 버튼을 눌러서 사용해 주시면 됩니다. 착좌에 감지가 되지 않은 상태에서 작동 가능하며 작동이 시작된 후에는 센서에 감지가 되더라도 멈추지 않으므로 작동을 멈추고 싶다면 꼭 [정지]버튼을 눌러 주셔야 합니다. 버블세정기능 동작 순서 버블세정(20초) 전해수생성(40초) 전해수 도기살균(15초) 버블세정 1회 작동시간은 총 75초로 진행됩니다. 별도로 장착되어있는 버블노즐이 회전하면서 버블세정제가 분사되며 작동이 됩니다.,,https://static.service.skmagic.com/editor/faq/ckimg/6bc98d95e84d49719ed07313d1897434.png|https://static.service.skmagic.com/editor/faq/ckimg/171c4cf6fefe4286b645631594cec809.png
비데,버블세정제는 얼마나 사용할 수 있나요?,1일 2회 사용기준으로 4개월간 사용하실 수 있습니다. 버블세정제 용량 : 200ml 버블세정 1회 분사량 : 0.8ml 1일 2회 사용 기준으로 4개월마다 버블세정제를 교체해 주시면 됩니다. 1일 2회이상 사용도 가능하지만 구독로 사용시 교체주기가 4개월이므로 케어 서비스 방문전 세정제가 다 소모된다면 별도로 구매해 주셔야 합니다. 버블세정제는 필히 전용세제만 사용이 가능합니다. 주방세제 및 다른 세제 사용은 불가하며 제품의 고장원인이 됩니다.,,https://static.service.skmagic.com/editor/faq/ckimg/51fece916aea44528e7a154ab686c8f9.png
비데,중간밸브/T자밸브/볼밸브를 설치하고 싶어요,자가 설치 전 주의사항을 확인해 주세요. 전문가의 안전한 설치를 희망하시는 경우 유상 방문 서비스가 가능합니다. 반드시 설치 전 방법을 먼저 정독하여 필요한 부품이나 자가 설치가 가능한 환경인지 등을 확인해 주세요. 모델에 따라 내용에 차이가 있을 수 있습니다. 중간밸브를 이용한 설치 방법을 확인해 주세요. ①연결하려는 화장실 수도의 밸브를 잠근 후 양변기로 연결된 급수호스 밸브를 분리해 주세요. ②중간밸브에 반드시 고무패킹을 조립 후 고무패킹 방향이 화장실 수도에 닿도록 연결하고 반대쪽엔 양변기로 연결된 급수호스를 연결해 주세요. ③중간밸브 중간에 비데로 연결된 튜빙호스를 연결한 뒤 튜빙호스의 반대 방향은 비데 본체에 연결해 주세요. ④중간밸브와 화장실 수도 밸브순으로 밸브를 열어주세요. ⑤비데의 전원코드선을 연결하여 전원을 켜고 1-2분 뒤 노즐에서 스스로 물이 흐르면 정상적으로 설치되었습니다. T자밸브와 볼밸브를 이용한 설치 방법을 확인해 주세요. ①연결하려는 화장실 수도의 밸브를 잠근 후 양변기로 연결된 급수호스 밸브를 분리해 주세요. ②T자밸브의 은색 부분이 화장실 수도에 닿도록 연결하고 반대쪽엔 양변기로 연결된 급수호스를 연결한 뒤 중간밸브 중간에 튜빙호스 어댑터를 연결해 주세요. ③튜빙호스 어댑터에 비데 튜빙호스를 연결하고 튜빙호스의 반대 방향은 비데 본체에 연결해 주세요. ④튜빙호스 전체 길이의 3분의 2정도 지점에서 절단하고 절단한 호스를 볼밸브 양쪽에 연결한 뒤 빨간색 클립을 조립해 주세요. 볼밸브의 용도 : 원터치 필터 교체 시 급수를 차단해야 함으로 파란색 볼밸브를 먼저 잠 그고 진행해야 합니다. 파란색 볼밸브가 설치되지않았다면 변기 쪽 수도밸브를 잠그고 필터 교체가 가능합니다. ⑤튜빙호스 중간의 볼밸브와 화장실 수도 밸브순으로 밸브를 열어주세요. ⑥비데의 전원코드선을 연결하여 전원을 켜고 1-2분 뒤 노즐에서 스스로 물이 흐르면 정상적으로 설치되었습니다.,,https://static.service.skmagic.com/editor/faq/ckimg/3289f17e258143cea0f1f62dd77d5105.png|https://static.service.skmagic.com/editor/faq/ckimg/3f61fb806cf4472282ae540affbb6375.png|https://static.service.skmagic.com/editor/faq/ckimg/a0515e290feb4198a91f068bf499cc41.png|https://static.service.skmagic.com/editor/faq/ckimg/b6cfe166c1314d37a43a66c49a9485c4.png|https://static.service.skmagic.com/editor/faq/ckimg/3289f17e258143cea0f1f62dd77d5105.png|https://static.service.skmagic.com/editor/faq/ckimg/64b67755a1cf4d539fdccd19277f6b94.png|https://static.service.skmagic.com/editor/faq/ckimg/b03fec6e33a84d368ae2af44fbd9821b.png|https://static.service.skmagic.com/editor/faq/ckimg/1765c22fc38e4114a7fe0b95c7385ccf.png
비데,도기 버블 비데 리모컨 건전지 교체 방법,리모컨 버튼 작동시 '띵띵' 부저음이 발생되며 건전지 교체 알림 램프가 점등된다면 건전지교체를 해주셔야합니다. 리모컨 건전지는 AAA타입 총 3개가 들어있으며 교체시에는 새건전지로 구입하여 3개 모두 다 교체해주세요. 건전지 교체 방법을 확인해 주세요. ①리모컨 하단 또는 측면 건전지캡을 'ㅡ' 자 드라이버 또는 동전을 이용하여 분리해주세요. ②건전지 '-'극 '+'극 방향을 잘 확인하여 리모컨의 건전지 투입구쪽으로 넣어주세요. ③건전지 3개를 모두 교체 후 건전지캡을 재조립해주세요. ④리모컨이 정상적으로 작동되는지 확인 해 주세요. 건전지 교체 후에도 안되는 경우에는 페어링 연결 이 필요합니다. 건전지는 소모품이므로 구독관리 및 무상보증기간이더라도 별도 구매 후 교체 해주셔야합니다.,,https://static.service.skmagic.com/editor/faq/ckimg/61081522311348988f640f5a58184039.png
비데,비데 노즐 구멍 한 개에서만 물이 나와요,기능에 따라 물이 출수되는 물 분사 구멍의 위치가 구분되어 있습니다. 노즐팁의 물 분사 위치를 확인해 주세요. 2 in 1 노즐의 형태로 비데와 세정 선택시 각 물 분사 구멍 위치가 구분되어 작동합니다. 물 분사 구멍의 모양 및 개수는 모델에 따라 상이합니다.,,https://static.service.skmagic.com/editor/faq/ckimg/f6700b7cdce046709a709dc5554d1f94.png
비데,버튼을 누를 때 나는 소리를 끄고싶어요/켜고싶어요,버튼 부저음(버튼음)은 ON/OFF기능이 없으며 음량 조절 또한 불가합니다. 모델에 따라 버튼 조작시 부저음 발생 유 무에는 차이가 있습니다.,,없음
비데,시트가 따뜻하지 않아요,변좌온도(시트) 설정 단계를 확인해 주세요. [강] [중] [약] 3단계 조절이 가능하며 변좌가 따뜻하지 않다면 [강]으로 설정 후 사용해 보세요. 겨울철에는 시트 뚜껑을 닫아 온도를 보존 해주면 보다 따뜻하게 사용이 가능합니다. 비데가 설치된 장소의 온도가 낮은가요? 겨울철 또는 화장실 내부가 외풍이나 환경적인 요인으로 인해 낮은 온도로 유지된다면 노출되어 있는 비데 시트도 영향을 받을 수 있습니다. 절전모드가 설정되어있나요? 절전모드란 ? 일정시간 비데를 사용하지 않을 때 시트의 온도와 온수온도를 자동으로 낮추고 유지하여 전기 사용량을 줄여주는 기능입니다. 절전모드가 설정되어 있는 경우 변좌온도가 [약]단계보다 더 낮은 온도로 유지되므로 따뜻함을 느끼지 못할 수 있습니다. 조작부 버튼을 누르거나 착좌센서에 인식된 경우 절전모드가 일시 해제되고 시트온도가 설정된 온도로 오르기 시작하여 바로 따뜻함을 느끼지 못할 수 있습니다. 착좌센서가 없는 제품의 경우 조작부 버튼을 1회 눌러야 절전 기능이 해제됩니다. 착좌센서가 있는 제품의 경우 착좌센서에 인체가 감지되면 램프가 이전에 설정했던 단계로 점등되며 절전 기능은 해제됩니다.,,https://static.service.skmagic.com/editor/faq/ckimg/1fa2601a2f29417e96297d23ade2a832.png
비데,노즐커버(덮개)가 파손 됐어요/분실 했어요,노즐커버(덮개)가 파손되거나 분실한 경우 부속품으로 구매가 가능합니다. 노즐커버(덮개) 조립 방법을 확인해 주세요. 노즐 커버 위 고정용 플라스틱을 위로 밀어 제거한 후 노즐커버도 동일한 방법으로 분리하고 역순으로 조립이 가능합니다. 노즐커버(덮개)가 지속적으로 빠져 분리가 된다면 서비스 점검이 필요합니다. 모델에 따라 내용에 차이가 있을 수 있습니다.,,https://static.service.skmagic.com/editor/faq/ckimg/5e8383a9fa594164bfea7cb5097a807c.png
비데,장기간 미사용시 제품 관리방법이 궁금해요,인테리어 공사 또는 여행 등 장기간 미사용하는 경우 확인해 주세요. 제품을 분리 후 장기간 보관하는 경우 확인해 주세요. 전원코드선을 뽑은 후 제품을 도기에서 분리하였다면 제품 밑면 배수캡을 열어 내부의 물을 완전히 제거한 후 보관해 주세요. 제품이 연결된 상태로 장기간 미사용하는 경우 확인해 주세요. 제품의 전원을 차단하기 위해 전원콘센트를 분리해 주세요. 누수 사고 방지를 위해 원수도밸브 또는 중간밸브를 잠궈 주세요.,,https://static.service.skmagic.com/editor/faq/ckimg/75b434ba9c2a414ca242f7643aacc05c.png
비데,버블세정 기능이 두번씩 작동해요,버블세정 동작의 원리를 알아볼까요 버블세정 동작 원리 버블세정 기능의 1회 작동시간은 총 75초입니다. 버블세정(20초) 전해수생성(40초) 전해수 도기살균(15초) -버블세정 20초 분사가 끝나고 전해수 생성 단계 40초동안은 디스플레이 LED램프만 점멸되고 버블세정 노즐의 작동이 멈춥니다. 이때 사용자는 버블세정기능이 끝났다고 생각할수 있으나 완료되면 다시 버블세정 노즐에서 전해수가 15초간 분사가 되어 두번 작동 또는 오작동이라고 생각하실 수 있습니다.,,https://static.service.skmagic.com/editor/faq/ckimg/861a37a5f8ed43498d8eb0ea6cf7507d.png
비데,비데 건조가 안돼요/건조 바람이 약해요,건조 바람이 차갑거나 약하다 느껴지는 경우 확인해 주세요. 건조 1단계(약)는 히터 작동없이 팬만 작동하며 상온의 바람으로만 건조됩니다. [중] 또는 [강]으로 온풍 온도를 높여서 작동해 주세요. 건조 바람은 노즐 옆 송풍구에서 나오며 바람의 방향 조절은 불가합니다. 사용자의 체형 및 위치에 따라 바람이 느껴지는 정도의 차이가 있을 수 있습니다. 겨울철 또는 환경적인 요인으로 실내온도가 낮은 경우 건조 바람이 차갑게 느껴질 수 있습니다. 효율적인 건조기능 사용을 위해 휴지로 물기를 가볍게 닦아준 뒤 건조 기능을 사용해 주세요. 건조 단계 조절은 바람의 세기(풍량)를 조절하는 것이 아닌 바람의 온도를 조절하는 것입니다. 건조 기능이 전혀 작동되지 않는 경우 확인해 주세요. 착좌센서가 있는 모델의 경우 센서에 감지되어야 건조기능이 작동이 됩니다. 올바른 자세로 앉아 확인해 주세요. 착좌센서 감지 후에도 건조기능 작동시 바람이 전혀 나오지 않는다면 서비스 점검이 필요합니다.,,https://static.service.skmagic.com/editor/faq/ckimg/7f3b54412a0e4af8b1d7f5505853a734.png|https://static.service.skmagic.com/editor/faq/ckimg/a056556b06574e92a6be7ad0dd908e8a.png
비데,설치시 고정너트를 하부가 아닌 상부로 고정하여 설치를 할 수 있나요 (치마형도기 설치),자사 비데는 기본적으로 하부체결방식의 설치부품이 부속품으로 포함되어있습니다. 하부체결식으로 설치가 불가한 경우입니다. 도기 뒤쪽으로는 손을 넣을 수 없고 측면은 막혀있어서 하부로 너트를 체결할 공간이 없습니다. 하부체결방식으로 설치가 불가한 경우는 상부에 너트를 조립할 수 있도록 설치 부품을 교체해야 합니다. 재설치 접수시 서비스매니저가 방문하여 설치 부품 교체 후 설치를 진행해 드리며 설치 및 부품 교체 비용은 유상입니다.,,https://static.service.skmagic.com/editor/faq/ckimg/a320727540c94accbc41fb99ab04359a.png|https://static.service.skmagic.com/editor/faq/ckimg/03959f4682bd4d7b8bb32afb5da366d4.png|https://static.service.skmagic.com/editor/faq/ckimg/c619910be6ba49f8b587512db7f4ca02.png
비데,비데 살균기능이란 무엇인가요,노즐살균기능이란? 전해수(전기분해로 만들어진 살균수)와 UV(자외선)램프로 노즐을 살균 세척합니다. 살균은 수돗물 자가 세척UV램프 살균전해수 살균순으로 작동하며 사용자가 감지될 경우 중지됩니다. 노즐이 사용되는 기능을 작동 한 후 자동으로 진행되며 필요한 경우 수동으로 [노즐살균]버튼을 눌러 작동 시킬 수 있습니다. 살균시 'Skmagic'로고 주변 바 형태의 디스플레이에 백색 램프가 점등되어 살균부위 및 살균 상태를 확인할 수 있습니다. 도기살균기능이란? 전해수(전기분해로 만들어진 살균수)를 도기 내부에 살포하여 살균 세척합니다. [도기살균]버튼을 눌러 수동으로 작동 가능하며 도기 살균시에는 시트 커버를 꼭 닫아 주세요. 살균은 수돗물 자가 세척전해수 살균순으로 작동하며 사용자가 감지될 경우 중지됩니다. 살균시 'Skmagic'로고 주변 바 형태의 디스플레이에 백색 램프가 점등되어 살균부위 및 살균 상태를 확인할 수 있습니다. 물통 유로살균기능이란? 전해수(전기분해로 만들어진 살균수)로 급수되는 물이 담긴 물통과 물이 흐르는 유로로 흘려보내며 살균 세척합니다. 수동 작동은 불가하며 제품 미사용 시간을 기준으로 2시간마다 30초간 자동으로 살균 작동합니다. 살균시 'Skmagic'로고 주변 바 형태의 디스플레이에 백색 램프가 점등되어 살균부위 및 살균 상태를 확인할 수 있습니다. 모델에 따라 내용에 차이가 있을 수 있습니다.,,https://static.service.skmagic.com/editor/faq/ckimg/f5a43f55f9cb4d2e8df73c2441bd5256.png|https://static.service.skmagic.com/editor/faq/ckimg/c4ec64c8f2e74e499abb41ceeec6f01d.png|https://static.service.skmagic.com/editor/faq/ckimg/057d525a83ae49d79add30eab2c19555.png
비데,비데 수압 조절이 안돼요,다른곳에서의 물 사용이 있을 경우 변동수압으로 인해 일시적으로 비데 수압에 영향을 미칠 수 있습니다. [수압]버튼을 이용하여 수압의 세기를 강/중/약으로 조절하여 변화가 있는지 확인해 주세요. 강/중/약으로 수압세기 설정시 수압의 변화가 있다면 정상입니다. 수압은 고객님들마다 느끼는 주관적인 차이가 있을 수 있습니다. 수압을 강/중/약 단계를 변경해도 수압의 변화가 전혀 없을 경우 또는 변동수압의 영향도 없고 수압 세기를 변경하지 않았는데 이전에 비해 수압이 갑자기 약해졌거나 강하게 나올 경우 서비스 점검이 필요합니다.,,없음
비데,노즐UV살균기능 작동이 안돼요,노즐 UV 살균 기능이 있는 모델은 노즐 동작이 종료된 후 자동으로 노즐 UV 살균이 진행되며 필요시 수동으로 버튼을 눌러 작동을 할 수 도 있습니다. 노즐 UV살균기능이란? UV(자외선)램프로 노즐과 노즐 주변의 세균 곰팡이들의 증식 능력을 억제시키는 기능입니다. 노즐 UV살균기능 작동이 되지 않는 경우 확인해 주세요. 노즐 UV살균 램프는 외부에서 보이지 않으며 노즐 UV살균 기능이 작동할 때 눈에 보이는 파란 불빛은 UV램프가 아닌 UV살균이 되고 있음을 알려주는 알림 램프입니다. (아래 이미지 참고) 수동버튼 작동하여 보았을 때 노즐UV살균중임을 알리는 램프인 파란 불빛이 보이지 않는 경우 전원코드선을 분리한 뒤 30초 후 재연결하여 확인해 주세요.,,https://static.service.skmagic.com/editor/faq/ckimg/6e65451c5d334eba9dd046e6c66639ee.png
비데,화장실 불을 끄면 비데 전원이 꺼져요,화장실 전등스위치를 확인합니다. 화장실 전등 스위치를 켜면 비데 전원이 들어오고 전등스위치를 끄면 비데 전원이 꺼지는 경우는 화장실 내부의 전기가 화장실 전등 전원과 같이 연결이 되어있기 때문입니다. 이때 제품의 전원이 꺼졌다 다시 들어오면서 설정되어있었던 조작부의 기능들은 전부 초기화가 됩니다.(수압램프에만 불이 들어옵니다.) 해당 증상은 비데의 문제가 아닙니다. 사용이 불편하시다면 전기전문업체로 전기공사를 의뢰해 주세요.,,없음
비데,건조시에 냄새가 나요,건조 기능 사용시 건조히터 및 환경적인 요인으로 냄새가 발생할 수 있습니다. 새제품 및 건조기능을 오랜만에 사용하게되면 건조히터 특유의 발열 냄새가 날 수 있습니다. 이는 반복적으로 사용하면 자연적으로 날아가는 냄새입니다. 건조 송풍구에 물 이물질등으로 오염된 경우 건조바람이 나오면서 암모니아 및 약품 냄새처럼 느껴질 수 있습니다. 이는 사용자의 비데 사용습관 도기 청소상태 등 환경적인 요인이 크므로 건조 송풍구부분을 부드러운 천을 이용하여 주기적으로 청소해주세요. (물청소금지 - 송풍구 내부에는 히터가 있어 물이 들어갈 경우 고장의 원인이 됩니다) 환경적인 요인으로 발생하는 냄새는 주기적으로 환기를 시키고 도기와 비데 청소를 진행해주세요. 건조기능 사용시 갑자기 타는 냄새가 심하게 발생된다면 서비스 점검이 필요합니다.,,없음
비데,버블세정 사용 횟수는 어떻게 확인하나요,제품 전원이 켜지는 시점을 기준으로 24시간을 체크하여 1일 버블세정 작동에 대한 사용 횟수를 알려줍니다. 1일 1회 사용시 디스플레이 램프의 절반이 블루 LED로 켜집니다. 1일 2회 사용시 디스플레이 램프 전체가 블루 LED로 켜집니다. 1일 3회 이상 사용시 디스플레이 램프 전체가 블루 LED로 점멸됩니다. 3회이상 사용시 정확한 사용 횟수 확인은 불가합니다. 1일 2회 사용기준이므로 버블세정기능 사용시 블루LED가 계속 점멸된다면 이미 버블세정 기능을 3회이상 작동 했다는 의미입니다. 전원코드 분리 시 버블세정 사용 횟수는 초기화 됩니다.,,https://static.service.skmagic.com/editor/faq/ckimg/2addd305cc8f412b9c8754e97a5db7b7.png
비데,온수/수온버튼 사용방법이 궁금해요,온수(수온) 버튼이란? 세정수의 온도를 조절할 수 있는 버튼입니다. 온수(수온) 버튼을 이용하여 물의 온도를 설정해 주세요. 온수(수온)버튼에 +- 모양이 함께 있는 경우 + - 버튼을 눌러 설정이 가능하며 온수(수온)버튼만 있는 경우 온수(수온)버튼을 반복하여 누르면 세정수 온도 조절이 가능합니다. 버튼을 누르면 온도에 따라 램프가 점등되며 원하는 단계에서 5초이상 조작이 없는 경우 자동으로 저장됩니다. (일부 모델은 노즐 사용중에도 조절이 가능합니다) 전원이 꺼졌다 켜지는경우 마지막 설정값은 초기화되고 기본 설정값인 1단계로 설정됩니다. BID040/B40 모델의 대기 상태에서 [- +] 표시 램프는 수온 설정 상태를 나타냅니다. 단계별 물 온도를 확인해 주세요. 약 1단계는 상온 2단계는 34℃ 3단계는 36℃ 4단계는 38℃ 5단계는 40℃ 입니다. 모델에 따라 설정 가능한 단계수 및 온도는 상이합니다. 모델에 따라 내용에 차이가 있을 수 있습니다. ​​​​​​​,,없음
비데,비데 버튼조작부의 방향을 변경할 수 있나요,버튼 조작부는 시트에 앉은 기준 우측에 위치해 있습니다. 비데의 버튼 조작부는 위치를 변경할 수 없습니다. 비데의 버튼 조작부는 사용자가 앉은 기준 우측으로 설계되어 위치 변경은 불가합니다.,,https://static.service.skmagic.com/editor/faq/ckimg/2832418c72154e54bdc50f17fb498006.png
비데,내부 물통에 담겨있는 물은 어떻게 빼야하나요,배수캡 분리 방법 ①본체 간편 탈부착버튼을 이용하여 비데 본체만 도기에서 분리해주세요. 간편탈부착이 없는 제품은 본체 하단의 고정너트를 분리하셔야합니다. ②일자드라이버를 이용하여 배수캡을 분리 후 내부 물을 빼주세요.,,https://static.service.skmagic.com/editor/faq/ckimg/6c6eef6e2db34c70bfdfaa134ce9f8b5.png|https://static.service.skmagic.com/editor/faq/ckimg/a43e8dd9aff746f58cd7ca43e967bc11.png
비데,중간밸브가 파손 노후되어 교체가 필요해요,중간밸브는 수도배관과 비데호스(비데 필터)를 연결하기 위한 설치부품으로 교체 시 누수 발생 위험이 있습니다. 안전한 교체를 위해 서비스 접수가 필요합니다.,,없음
비데,BID040N BIDB40N 제품의 거름망 청소 방법이 궁금해요,거름망이 이물질로 막히게되면 노즐에서 물이 정상적으로 분사가 되지 않거나 물이 나오지 않을 수 있습니다. 이런 경우 필히 거름망 청소를 진행해주셔야합니다. 적용 모델 - BID040N BIDB40N 다음 내용을 체크해 주세요 거름망 청소 방법 ①비데로 물이 공급되지 않도록 수도밸브를 잠궈주세요. ②제품 조작부 아래로 연결되어있는 호스를 제품과 분리해주세요. ③제품에 조립되어있는 거름망을 돌려서 분리해주세요. ④작고 부드러운 솔로 거름망 사이 이물질을 제거해주세요. ⑤거름망 청소 후 분리한 반대방향으로 돌려서 조립해주세요. ⑥비데 호스도 제품과 다시 연결해주세요. ⑦수도밸브를 개방하여 누수 여부를 확인해 주세요. BID040N BIDB40N 모델은 필터가 장착되어있지 않습니다.,,https://static.service.skmagic.com/editor/faq/ckimg/57f162f6ed404846a833f9146b17d8d4.png|https://static.service.skmagic.com/editor/faq/ckimg/ffccb59a320641f3affe54f4fa87abee.png|https://static.service.skmagic.com/editor/faq/ckimg/b94e41be4dc64186961883517893ca9b.png
비데,본체 및 전원코드가 파손됐어요,전원 코드 및 제품 외관의 파손은 서비스 점검이 필요합니다. 제품 외관은 자가적으로 분리 및 조립이 불가합니다. 전원코드선도 제품 내부에 연결된 부품으로 별도로 판매되지 않으며 자가 교체가 어려운 부분으로 서비스 접수가 필요합니다.,,없음
비데,정수 필터 폐기방법이 궁금해요,비데 정수필터를 폐기해야하는 경우 확인해 주세요. 정수필터란? 물속의 이물질을 걸러내어 물을 이용하기 적합한 상태로 만들어주는 장치입니다. 정수 필터 폐기는 어떻게 해야 하나요? 사용이 끝난 폐필터는 일반종량제 봉투에 넣어서 폐기하시면 됩니다.,,없음
비데,비데 본체가 흔들려요,비데 설치시 고정너트가 덜 조여졌거나 사용시 사용자의 외력에 의해 고정너트가 헐거워질 수 있습니다. 고정너트 설치 위치를 확인 후 헐거워진 너트를 조여주세요. 하부체결식 너트 제품 좌우측 밑면에 있는 고정너트를 손으로 힘껏 조여주세요. 상부체결식 너트 본체간편탈부착버튼을 이용하여 본체를 분리 후 ＋자 드라이버를 이용하여 나사를 꽉 조여주세요. 나사 조립 후 본체를 다시 끼워주세요.,,https://static.service.skmagic.com/editor/faq/ckimg/bc20ea73eb1248989f6c9c66d3ec1bb6.png|https://static.service.skmagic.com/editor/faq/ckimg/05c26b600fd14c1a94fcbbbed1bba131.png
비데,비데 설치가 가능한 도기(변기) 사이즈는 어떻게 되나요,다음 내용을 체크해 주세요 국내 표준사이즈(KS규격) 기준 중대형 도기사이즈라면 설치가 가능합니다. 단 사이즈가 작은 소형도기 수입도기는 사이즈 및 도기 형태가 상이하여 설치가 불가합니다. 도기 사이즈를 확인해 주세요. KS규격 도기 사이즈(A) 470mm (대형도기) -설치 가능 440mm (중형도기) -설치 가능 420mm (소형도기) -설치 불가 소형도기는 비데가 도기보다 앞으로 더 돌출되어 사용이 불편하므로 설치가 어렵습니다. 참고 도기 형태에 따라 설치가 불가한 경우도 있으니 도기 형태 및 설치환경 확인도 필요합니다.,,https://static.service.skmagic.com/editor/faq/ckimg/95563ef140ce4d61943016f1073248e7.png
비데,해외에서 비데 사용이 가능한가요,국내전용 제품으로 해외에서는 사용이 불가합니다. 설치 부품도 국내 규격화된 사이즈로 해외에서는 설치가 불가 할 수 있습니다. 국내 220V 60HZ 전압과 주파수가 맞지 않을 경우 제품 고장 및 안전사고 발생의 원인이 될수 있습니다. 해외에서 사용 중 제품의 문제 발생시 AS 및 처리가 불가합니다.,,없음
비데,설치 후 변기 물통에 물이 늦게차요 물통에서 소리가 나요.,비데와 변기는 별개입니다. 변기 부속품인 부레(볼탑) 또는 탱크볼의 문제는 비데와 무관합니다. '삐~익' '뿌웅~' '탁탁' 물 흐르는 소리 비데 또는 세정기능 작동 후 바로 변기물을 내림으로 비데 소음으로 생각할 수있습니다. 원수도밸브 수압이 너무 셀경우 배관이 부딪히면서 '탁탁'소음이 발생될 수 있습니다. 원수도밸브를 조절해 주세요. 변기 부속품인 탱크볼 불량으로 인해 비데 설치 후 변기 물통에 물이 차오르지 않고 물 흐르는 소리가 계속 날 수 있습니다. 비데 전원 코드 분리후에도 소음이 발생된다면 변기 문제일 수 있습니다. 변기 물통에 물이 늦게 차오르나요? 부레(볼탑)은 원수도 자바라와 연결되어 있습니다. 급수배관을 연결할 때 육각 너트를 너무 쎄게 조립하게 되면 자바라 내부의 급수 호스가 꺾이면서 변기 물통에 물이 늦게 찰 수있습니다. 변기 부속품의 문제는 비데와 무관함으로 가까운 설비 업체로 문의해 주세요.,,https://static.service.skmagic.com/editor/faq/ckimg/b27c1585c8984dd9be668a06bd2bf94b.png
비데,매직절전 모드에서 다른 버튼램프가 안꺼져요,착좌센서가 있는 비데를 사용중이신가요? 절전모드를 설정해 두었다면 5분이상 착좌센서에 사용자가 감지되지않는 경우 자동으로 절전모드가 작동됩니다. 절전 버튼을 제외한 모든 램프가 OFF됩니다. 착좌센서가 없는 비데를 사용중이신가요? 절전모드를 설정해 두었다면 1시간 이상 버튼조작이 없는 경우 자동으로 절전모드가 작동됩니다. 절전 버튼을 제외한 모든 램프가 OFF됩니다.,,https://static.service.skmagic.com/editor/faq/ckimg/6e36cec319cc4bde891d9f4ab79d4b0d.png
비데,변좌/시트버튼 사용방법이 궁금해요,변좌(시트) 버튼이란? 변좌(시트)의 온도를 조절할 수 있는 버튼입니다. 변좌(시트) 버튼을 이용하여 온도를 설정해 주세요. 변좌(시트)버튼에 +- 또는 < > 모양이 함께 있는 경우는 해당 버튼을 눌러 설정이 가능하며 변좌(시트)버튼만 있는 경우 변좌(시트)버튼을 반복하여 누르면 온도 조절이 가능합니다. ​​​​​​ 버튼을 누를때마다 온도에 따라 램프가 점등되며 원하는 단계에서 5초이상 조작이 없는 경우 자동으로 저장됩니다. 전원이 꺼졌다 켜지는경우 마지막 설정값은 초기화되고 기본 설정값인 1단계로 설정됩니다. BID040/B40 모델의 대기 상태에서 [- +] 표시 램프는 수온 설정 상태를 나타내며 변좌온도를 확인하고싶은 경우 변좌 버튼을 1회 누르면 5초 정도 변좌온도가 나타납니다. 단계별 변좌 온도를 확인해 주세요. 약 1단계는 상온 2단계는 34℃ 3단계는 36℃ 4단계는 38℃ 5단계는 40℃ 입니다. 모델에 따라 설정 가능한 단계수 및 온도는 상이합니다. 모델에 따라 내용에 차이가 있을 수 있습니다.,,없음
비데,여름철 비데 위생 관리방법,여름철 화장실의 습한 환경이 지속되면 비데 고장 및 곰팡이 발생의 원인이 될 수 있습니다. ①비데와 욕실 바닥벽면 등 욕실의 물기를 제거해 주세요. ②욕실 사용 후 문을 열어 지속 환기 시켜주세요. 이때 창문을 열고 환풍기도 함께 가동해 주세요. ③욕실 문을 열어놓은 상태에서 제습기 등을 함께 사용하면 욕실 습기를 빠르게 제거할 수 있습니다. 노즐커버 청소 방법을 확인해 주세요. 노즐커버(노즐덮개 노즐 덕트)는 분리가 가능합니다. 노즐커버 양쪽을 엄지 손가락으로 들어 올려 분리 후 청소해 주세요. (건조부에 물이 들어가지 않게 주의해 주세요) 노즐 청소 방법을 확인해 주세요. 전원 콘센트가 연결되어 있는 상태에서 제품의 전원만 끄고 정지 또는 세정버튼을 3초이상 길게 눌러주세요. 노즐이 앞으로 나오면 브러쉬(솔) 등으로 가볍게 청소해 주세요. 청소가 끝나면 다시 노즐이 들어갈 수 있도록 정지 또는 세정버튼을 길게 눌러주세요.,,https://static.service.skmagic.com/editor/faq/ckimg/c734fa65d2ac463a8393b35f9279e531.png|https://static.service.skmagic.com/editor/faq/ckimg/208ffdcd26fb4dc98ce6a9e6bb892f31.png|https://static.service.skmagic.com/editor/faq/ckimg/902067084a0246b69b7dd201cdb066e6.png|https://static.service.skmagic.com/editor/faq/ckimg/3657b2fb4222440b869c57f08d5343ed.png|https://static.service.skmagic.com/editor/faq/ckimg/6e6e090258f34a2c9d5009917f5bba7a.png
비데,어린이 기능이 궁금해요.,어린이 버튼은 반드시 시트에 앉은 상태에서 사용해 주세요. 어린이 버튼 기능을 확인해 주세요. 작은 체구의 어린이가 착촤 센서에 감지되지 않아도 어린이 버튼으로 세정과 건조 동작이 한번에 가능합니다. 어린이 전용 기능으로 노즐 위치가 최대한 앞으로 나오며 수압 온수온도 건조온도(건조 모델에 한함) 등이 어린이에게 적합하게 설정되어 있습니다. 어린이 기능 사용중에도 노즐 온수 수압 등 각 버튼으로 변경이 가능합니다. 어린이 버튼 작동시 약 세정1분 + 건조1분이 작동되고 자동으로 정지되며 사용중 [정지]버튼으로 강제 정지할 수 있습니다. 모델에 따라 내용에 차이가 있을 수 있습니다.,,https://static.service.skmagic.com/editor/faq/ckimg/404741768a0f40f89ed142c284fbb0c4.png
비데,수압이 약한 장소에도 비데 설치가 가능한가요?,비데를 설치하려는 장소의 수압이 약한가요? 비데 급수방식은 수도 직결식 과 펌프 급수식 으로 나뉘어 있습니다. ① 수도 직결식 : 수도관을 직접 연결하여 사용하는 모델로 고객댁 자체 수압으로 사용 가능 ② 펌프 급수식 : 저수압용으로 내부 펌프가 내장되어 있는 모델로 저수압 지역에서도 사용 가능 저수압 환경에서 비데를 설치하여 사용하려는 경우 펌프급수식의 제품으로 설치를 권장합니다. 펌프식에 대해 확인해 주세요. 물을 사용하는 기능의 버튼을 누름과 동시에 내장된 펌프에서 물을 끌어당겨 내보내는 방식으로 저수압 환경에서도 일정한 수압으로 사용이 가능합니다. 펌프의 작동 소음이 발생하며 화장실의 경우 소음이 울리며 크게 느껴질 수 있습니다. 펌프식 모델에는 BID3510S BID5210P BID5211D BID5150L BID094P BID096P 등이 있습니다.,,없음
비데,물방울이 맺혀요 물이새요,변기 옆면 또는 뒷면에 물방울이 맺혀있나요? 비데와 맞닿는 변기쪽에 물방울이 맺힌다면 온도차이로 발생한 결로현상 입니다. 화장실 습기 또는 비데와 변기 물통의 온도 차이로 인해 결로현상(물방울 맺힘)이 발생할 수 있습니다. 결로현상은 온도 차이로 발생하는 환경적 요인으로 제품의 이상은 아닙니다.,,https://static.service.skmagic.com/editor/faq/ckimg/8f30d039f12a428cbe4cf817704bea96.png
비데,새제품 설치했는데 제품에 물기가 남아있어요,제품 생산시 정상 작동 상태를 파악하기 위해 제품에 물을 넣고 테스트 작업을 진행합니다. 테스트 후 최대한 물기를 제거하고 출고하고 있으나 약간의 물기가 남아 있는 경우가 있을수 있습니다. 제품 출고 전 검수작업으로 인해 물기가 남아있는것으로 사용했던 제품이나 불량이 아니므로 안심하고 사용하셔도 됩니다.,,없음
비데,수압버튼 사용방법이 궁금해요,모델에 따라 수압버튼의 사용방법 및 원리가 다를 수 있습니다. 수압 버튼이란? 세정수의 세기를 조절할 수 있는 버튼입니다. 수압 버튼을 이용하여 물의 세기를 설정해 주세요. 수압버튼에 +- 또는 < > 모양이 함께 있는 경우는 해당 버튼을 눌러 설정이 가능하며 수압버튼만 있는 경우 수압버튼을 반복하여 누르면 세정수 세기 조절이 가능합니다. 버튼을 누르면 세기에 따라 램프가 점등되며 원하는 단계에서 5초이상 조작이 없는 경우 자동으로 저장됩니다. (일부 모델은 노즐 사용중에도 조절이 가능합니다) 전원이 꺼졌다 켜지는경우 마지막 설정값은 초기화되고 기본 설정값인 3단계로 설정됩니다.,,없음
비데,비데 전원콘센트 길이가 궁금해요,전원콘센트 길이는 약 1.5m정도입니다. 화장실내에 비데 전원 콘센트를 꽂을 수 있는 콘센트가 설치 되어있는지 비데 콘센트 선이 짧지 않은지 설치 전 미리 확인이 필요합니다. 연장 멀티탭이 필요한경우 미리 준비해 주세요.,,없음
비데,무브 기능은 어떻게 사용하나요?,무브 기능이 필요한 경우를 확인해 주세요. 노즐에서 물이 한곳으로 집중 분사되면 수압이 더욱 세다고 느낄 수 있으므로 무브기능으로 움직여 사용해 주세요. 노즐을 전 후로 움직일 수 있어 체형에 관계없이 사용이 가능합니다. 무브 기능 사용 방법을 확인해 주세요. 비데와 세정 기능 사용중 해당 버튼을 한번 더 누르면 노즐이 움직이며 작동됩니다. 모델에 따라 내용에 차이가 있을 수 있습니다.,,https://static.service.skmagic.com/editor/faq/ckimg/bd7e6a4ada8747d3bcbedb29af285c5f.png
비데,비데 설치 시 회색 실리콘 마개의 용도와 분리방법이 알고싶어요,비데의 회색 실리콘 마개의 용도가 무엇인가요? 2022년 7월 5일부터 생산 된 원터치 필터 비데 전 제품들은 내부의 이물질을 막기 위하여 회색 마개를 장착하여 출고되고 있습니다. 비데의 회색 마개를 어떻게 분리해야 되나요? 튀어나와있는 회색 링을 누르면서 회색 실리콘 마개를 당겨 분리 해주세요. 회색 마개 분리 후 호스를 장착해주세요.,,https://static.service.skmagic.com/editor/faq/ckimg/7f3dc1de13ea4bf9803b2abab925680d.png
비데,BIDS31BIDS32BIDS33BIDS34BIDS35 리모컨 거치대 고정 방법,리모컨 거치대 고정 방법을 확인해 주세요. 거치대에 붙어있는 양면 접착테이프를 이용해 고정시키거나 구성품으로 포함되어 있는 나사를 조여 벽과 고정시켜 주세요. 나사 조립은 타일이 파손될 수 있음으로 양면 접착 테이프로 고정하여 설치해 주세요. 이사 또는 리모컨 위치 이동의 사유로 거치대 분리 시 접착테이프의 접착력이 약해질수 있음으로 시중에 판매하는 양면 접착 테이프 구매하여 다시 부착해 주세요. 리모콘 거치대만 별도 구입 가능합니다.,,없음
비데,BID040 마사지 기능이 안돼요.,마사지 기능 사용방법 마사지 기능은 단독으로 사용이 불가합니다. 물이 나오는 '세정' '비데' '어린이' '쾌변' 기능을 사용할 때 마사지 기능을 선택해야 사용이 가능하며 세정수의 수압이 강/약으로 반복되어 자동 조절됩니다.,,https://static.service.skmagic.com/editor/faq/ckimg/967a08cca5da4227915db558a786d0d9.png
비데,겨울철 한파로 인한 제품 결빙 동파 예방 및 조치 방법,겨울철 결빙 동파 예방 방법을 확인해 주세요. 제품이 설치된 장소의 온도가 영하로 내려가지 않도록 관리해 주세요. 영하의 온도에 노출될 수 있는 제품이나 제품의 물통 호스선 수도관등은 내부의 물을 최대한 비워준 후 반드시 옷감이나 보온재로 감싸 주세요. 겨울철 결빙 동파 발생시 조치 방법을 확인해 주세요. 제품에 결빙이 발생된 경우 해당 부위를 따뜻한 물에 적신 수건으로 감싸거나 드라이기를 이용하여 녹여주세요. 결빙된 부위를 직접적인 열에 노출시킬 경우 뜨거운 열기로 인해 손상될 수 있으니 주의해 주세요. 겨울철 피해로 부품이나 제품에 손상이 발생된 경우 서비스 점검이 필요합니다.,,https://static.service.skmagic.com/editor/faq/ckimg/b445c9cd6d094e058a22f3bc99f688bf.png|https://static.service.skmagic.com/editor/faq/ckimg/fc02e4f01a61413a99a5236efbbaa166.png
비데,건조(온풍)기능을 사용하지 않았는데 건조 램프에 초록불이 켜져요.(BIDS17),노즐 살균 버튼(수동살균)을 눌렀는지 확인해 주세요. 노즐살균 버튼을 누르면 수동으로 전해수 살균이 시작됩니다. (착좌시 살균 미진행 노즐 세척만 5초 동작) 처음 노즐 세척은 비데 물탱크 내 일반물로 15초간 세척하고 40초간 물탱크 전해수 살균 후 살균수로 15초간 노즐 부위의 살균을 진행합니다. 건조램프(초록LED)는 물탱크 전해수 살균이 이루어지는 40초 동안만 켜집니다. 2시간마다 자동으로 40초간 물탱크 내에서 전해수 살균이 이루어집니다. (자동살균) 사용자를 감지하지 못했을 때(앉지않은 상태) 2시간 주기로 40초간 전해수 살균 모듈이 동작되며 물탱크 내 살균이 이루어 집니다. 물탱크 내 전해수 살균 동작 40초 동안 '건조' 버튼의 초록색LED램프가 켜집니다. 자동살균 시 노즐세척 과정은 없고 물탱크 내부의 살균만 진행합니다.,[표1] | ①노즐세척(15초) | ②물탱크 전해수살균(40초) 건조램프 초록색LED표시 | ③살균수-노즐세척(15초) | | --- | --- | --- | | 노즐살균 사전단계로 일반 노즐세척과 같이 물탱크 내 필터링된 일반물로 노즐 부위를 세척하는 과정 | https://static.service.skmagic.com/editor/faq/ckimg/d4158f72b8644b4784972f055c39b43d.png |  |,https://static.service.skmagic.com/editor/faq/ckimg/d4158f72b8644b4784972f055c39b43d.png|https://static.service.skmagic.com/editor/faq/ckimg/08e274389cac4c82992128a68e6ac4ff.png
안마의자,MMC145 제품 사용 방법 및 주의 사항이 궁금해요,한국소비자원 X SK매직 안마의자 안전 사용 캠페인 안마의자 MMC145 제품 사용 방법 안내 안마의자 사용법 안마의자 리모컨 간편버튼 사용법 안마강도 조절 사용법 안마의자 주의사항 안내 안마의자 사용 시 주의가 필요한 대상을 확인해 주세요. 성장기 어린이 또는 청소년 경추 척추 요추 등을 수술하고 완전히 회복되지않은 사람 사고나 질병으로 의사의 치료를 받고 있는 사람 급성 질환 악성 종양 심장장애 혈압이상 발작증세 심인성 질환 만성질환 심한당뇨병 기타 피부질환 증세가 있는 사람 의사 소통이 어려운 사람 또는 어린이 열이 높거나 안정을 필요로 하는 사람 임산부 의족 의수 등 신체에 금속 기구를 착용한 사람 체내 투입형 의료기기를 사용하는 사람 제품에 대한 경험과 지식이 부족한 사람 안마의자 사용이 불가한 대상을 확인해 주세요. 중증의 혈행 장애나 혈전증 증세가 있는 사람 (다리에 정맥류 등) 의사가 사용이 불가하다 인정한 사람 안마의자 사용시 주의사항을 확인해 주세요. 등받이나 다리 받침대가 움직일때나 각도 조절시 주변에 어린이나 물건 또는 반려동물 등이 없는하여 안마의자 틈새에 끼이지 않도록 주의해 주세요. 영유아나 아동이 안마의자 위에서 놀거나 올라가지않게 해주세요. 온열기능을 장시간 사용시 저온화상의 위험이 있을 수 있습니다. 온열 작동 부위에 맨살이 닿지 않게하고 온열 기능 사용시 반드시 헤드쿠션을 사용해주세요. 온열기능 사용시 피부가 약한 어린이 노인 환자들은 보호자의 보호하에 주의하여 사용해 주세요.,,https://static.service.skmagic.com/editor/faq/ckimg/cf2287076f2a4356a0afd514e1296263.jpg
안마의자,작동시 소음이 나요,안마의자 작동시 안마기능을 동작시키는 기계부품에서 다양한 작동 소음이 발생합니다. 다음 내용을 확인해 주세요 위잉- 턱 턱 하는 소음이 발생하나요? 안마의자 사용시 모터 내부의 기어 밸트 에어솔레노이드 부품이 작동하며 발생하는 정상 소음입니다. <밸트 및 에어솔레노이드 부품 이미지> 달그락하는 롤러 소음이 발생하나요? 발바닥 위치의 롤러가 회전하며 발생하는 정상 작동 소음입니다. 지잉- 또는 바람 빠지는 소음이 발생하나요? 에어마사지 기능 사용시 에어셀 및 에어펌프가 작동하며 발생하는 정상 소음입니다. <에어셀 및 에어펌프 부품 이미지> 가죽 마찰 소음이 발생하나요? 안마볼이나 에어펌프가 작동하며 움직임이 시트에 전달되어 마찰음이 발생합니다. 작동 소음이 많이 커졌거나 이전에 나지 않던 소음이 발생하나요? 안마의자를 장기간 사용하면 자동차의 엔진 및 구동계통에서 발생음이 증가하는것과 같이 안마의자 동작음이 증가할수있습니다. 오랜시간을 연속하여 사용시 모터 소음이 커질 수 있으므로 안마의자 전원을 끄고 1시간 이후 재작동해 주세요. 초기에 발생하지 않았던 소음이 발생하는 경우 전문가의 점검이 필요합니다. 다음을 확인해주세요. 무중력 모드 및 안마의자를 위 아래로 움직일 때 벽 또는 쇼파 등 사물이 닿는 건 아닌지 확인이 필요합니다. 롤러 작동 시 안마의자 가죽소재에 의해 마찰음이 발생 될 수 있습니다. 안마의자 바닥에 카페트가 깔려있지 않은 경우 발 또는 다리 부분에서 소음이 발생 될 수 있습니다.,,https://static.service.skmagic.com/editor/faq/ckimg/f327a035e8c14c4c8c458b8c92c6a43b.png|https://static.service.skmagic.com/editor/faq/ckimg/c73539e102b546ac9803bb31d39bf537.png
안마의자,안마의자 사용시 주의사항을 알고싶어요,한국소비자원 X SK매직 안마의자 안전 사용 캠페인 안마의자 사용전 주변 환경 및 주의사항을 확인해 주세요. 안마의자 사용 시 주의가 필요한 대상을 확인해 주세요. 성장기 어린이 또는 청소년 경추 척추 요추 등을 수술하고 완전히 회복되지않은 사람 사고나 질병으로 의사의 치료를 받고 있는 사람 급성 질환 악성 종양 심장장애 혈압이상 발작증세 심인성 질환 만성질환 심한당뇨병 기타 피부질환 증세가 있는 사람 의사 소통이 어려운 사람 또는 어린이 열이 높거나 안정을 필요로 하는 사람 임산부 의족 의수 등 신체에 금속 기구를 착용한 사람 체내 투입형 의료기기를 사용하는 사람 제품에 대한 경험과 지식이 부족한 사람 안마의자 사용이 불가한 대상을 확인해 주세요. 중증의 혈행 장애나 혈전증 증세가 있는 사람 (다리에 정맥류 등) 의사가 사용이 불가하다 인정한 사람 안마의자 사용시 주의사항을 확인해 주세요. 등받이나 다리 받침대가 움직일때나 각도 조절시 주변에 어린이나 물건 또는 반려동물 등이 없는하여 안마의자 틈새에 끼이지 않도록 주의해 주세요. 영유아나 아동이 안마의자 위에서 놀거나 올라가지않게 해주세요. 온열기능을 장시간 사용시 저온화상의 위험이 있을 수 있습니다. 온열 작동 부위에 맨살이 닿지 않게하고 온열 기능 사용시 반드시 헤드쿠션을 사용해주세요. 온열기능 사용시 피부가 약한 어린이 노인 환자들은 보호자의 보호하에 주의하여 사용해 주세요.,,https://static.service.skmagic.com/editor/faq/ckimg/cf2287076f2a4356a0afd514e1296263.jpg
안마의자,MMC150 제품 사용 방법 및 주의 사항이 궁금해요,한국소비자원 X SK매직 안마의자 안전 사용 캠페인 안마의자 MMC150 제품 사용 방법 안내 안마의자 사용법 안마의자 리모컨 사용법 안마강도 조절 사용법 안마의자 동작음 안내 안마의자 음성인식 블루투스 사용 안내 안마의자 주의사항 안내 안마의자 사용 시 주의가 필요한 대상을 확인해 주세요. 성장기 어린이 또는 청소년 경추 척추 요추 등을 수술하고 완전히 회복되지않은 사람 사고나 질병으로 의사의 치료를 받고 있는 사람 급성 질환 악성 종양 심장장애 혈압이상 발작증세 심인성 질환 만성질환 심한당뇨병 기타 피부질환 증세가 있는 사람 의사 소통이 어려운 사람 또는 어린이 열이 높거나 안정을 필요로 하는 사람 임산부 의족 의수 등 신체에 금속 기구를 착용한 사람 체내 투입형 의료기기를 사용하는 사람 제품에 대한 경험과 지식이 부족한 사람 안마의자 사용이 불가한 대상을 확인해 주세요. 중증의 혈행 장애나 혈전증 증세가 있는 사람 (다리에 정맥류 등) 의사가 사용이 불가하다 인정한 사람 안마의자 사용시 주의사항을 확인해 주세요. 등받이나 다리 받침대가 움직일때나 각도 조절시 주변에 어린이나 물건 또는 반려동물 등이 없는하여 안마의자 틈새에 끼이지 않도록 주의해 주세요. 영유아나 아동이 안마의자 위에서 놀거나 올라가지않게 해주세요. 온열기능을 장시간 사용시 저온화상의 위험이 있을 수 있습니다. 온열 작동 부위에 맨살이 닿지 않게하고 온열 기능 사용시 반드시 헤드쿠션을 사용해주세요. 온열기능 사용시 피부가 약한 어린이 노인 환자들은 보호자의 보호하에 주의하여 사용해 주세요.,,https://static.service.skmagic.com/editor/faq/ckimg/cf2287076f2a4356a0afd514e1296263.jpg
안마의자,특정 부위 롤러나 두드림이 작동되지 않아요.,롤러 또는 두드림이 작동되지 않는 경우 확인해 주세요. 전원 코드선을 분리한 뒤 30초 후 다시 연결하여 확인해 주세요. PC 휴대폰 등에 일시적인 오류가 발생하는 경우 껐다 켜는것과 동일한 원리입니다.,,없음
안마의자,안마의자 이사를 하는데 이전설치는 어떻게 해야하나요,다음 내용을 체크해 주세요 서비스 요청시 분리 비용과 재설치 비용은 각각 발생됩니다. [서비스센터 홈페이지-이용 요금안내] 에서 비용 확인이 가능합니다. 제품 이동서비스는 불가하므로 제품과 부속품을 빠짐없이 챙기신 후 재설치하는 장소까지 옮겨주셔야합니다. 제품 분해 및 재조립 과정없이 제품 이동이 가능하다면 제품의 전원코드를 분리한 뒤 옮겨주시면 됩니다.,,없음
안마의자,안마의자가 파손됐어요/부품 교체는 어떻게 하나요,안마의자의 일부 부품은 별도로 구매하여 직접 교체할 수 있으나 본체 파손은 서비스 접수가 필요합니다. 다음 내용을 확인해 주세요 제품이 파손된 경우 확인해 주세요. 헤드쿠션 분리형 전원코드선 분리형 리모컨 리모컨주머니 등 분리가 가능하거나 교체용 부품의 경우 별도로 구매하여 자가 교체가 가능합니다. 일체형 전원코드선 일체형 리모컨 시트 안마볼 외관과 같이 분리되지 않는 부품의 경우 구매 및 자가교체가 불가하여 서비스 접수가 필요합니다. 분리가 가능한 부품 교체방법을 확인해 주세요. 리모컨 주머니 헤드쿠션은 벨크로(찍찍이) 또는 지퍼로 장착되어있어 손쉽게 분리 후 장착이 가능합니다. 분리형 리모컨 전원코드선은 본체 또는 본체의 연결선에 꽂는 구조로 손쉽게 분리 후 장착이 가능합니다. 모델에 따라 내용에 차이가 있을 수 있습니다.,,https://static.service.skmagic.com/editor/faq/ckimg/42dd432707c84dc6990de87e3d62396f.png
안마의자,전원이 안들어와요/작동 중 전원이 꺼져요/차단기가 내려가요,제품의 전원이 전혀 들어오지 않거나 사용중 갑자기 전원이 꺼진 경우 확인해 주세요. 다음 내용을 확인해 주세요 안마의자의 타이머 설정 상태를 확인해 주세요. 설정된 안마시간이 경과되면 안마의자가 자동으로 꺼집니다. 수면모드 무중력모드에서 자동 종료시 안전상의 이유로 의자의 위치가 자동으로 복귀되지 않습니다 안마의자의 상태를 확인해 주세요. 안마의자의 전원코드선은 안마의자 본체와도 분리가 가능합니다. 본체와 전원연결 어댑터가 잘 연결되어있는지 확인해 주세요. 본체의 전원스위치가 `ㅣ` 표시 방향으로 켜져있는지 확인해 주세요. 리모컨이 꺼져있다면 리모컨 전원스위치를 켜주세요. 제품의 전원코드선이 연결된 콘센트를 확인해주세요. 제품의 전원코드선이 콘센트에 정상적으로 잘 연결되어 있는지 확인해 주세요. 제품의 전원코드선이 콘센트에 연결되어 있다면 해당 콘센트에 드라이기 등 소형 전기제품를 연결하여 콘센트의 전원공급 상태가 정상인지 확인해 주세요. 콘센트에 여러 제품을 연결하여 사용시 전력 과부하로 인해 누전차단기가 내려가거나 작동 중 전원이 꺼질 수 있으므로 제품을 단독으로 연결하여 사용해 주세요. 대기전력 차단 콘센트에 연결하여 사용하는 경우 콘센트 상태를 [상시]로 설정하시거나 일반적인 콘센트에 연결하여 사용해 주세요. <대기전력 차단콘센트 이미지> 설치된 장소에 누전차단기를 확인해주세요. 제품이 설치된 장소에 누전차단기(두꺼비집)가 내려가 있는건 아닌지 확인해 주세요. 누전차단기가 내려가 있다면 다시 원상복구하여 사용해 주세요. <누전차단기 예시 이미지> 멀티콘센트로 연결하여 사용하는 경우 멀티콘센트를 확인해주세요. 멀티콘센트의 노후화로 작동이 안될 수 있으니 멀티콘센트를 교체한 후 확인해 주세요. ON/OFF스위치가 없는 정격용량 250V 16A 이상의 멀티콘센트를 사용해 주세요. 벽면콘센트와 멀티콘센트에 여러 제품을 연결하여 사용시 전력 과부하로 인해 누전차단기가 내려가거나 작동 중 전원이 꺼질 수 있으므로 제품을 단독으로 연결하여 사용해 주세요.,,https://static.service.skmagic.com/editor/faq/ckimg/a107ec21b68b4dd9b3eb82091535030b.png|https://static.service.skmagic.com/editor/faq/ckimg/43ef292173b648a99e10f027e5f0d4a4.png|https://static.service.skmagic.com/editor/faq/ckimg/efac5526c713497e9f767873b1ad4a17.png
안마의자,MMC155 제품 사용 방법 및 주의 사항이 궁금해요,한국소비자원 X SK매직 안마의자 안전 사용 캠페인 안마의자 MMC155 제품 사용 방법 안내 안마의자 사용법 안마의자 리모컨 사용법 안마강도 조절 사용법 안마의자 동작음 안내 안마의자 주의사항 안내 안마의자 사용 시 주의가 필요한 대상을 확인해 주세요. 성장기 어린이 또는 청소년 경추 척추 요추 등을 수술하고 완전히 회복되지않은 사람 사고나 질병으로 의사의 치료를 받고 있는 사람 급성 질환 악성 종양 심장장애 혈압이상 발작증세 심인성 질환 만성질환 심한당뇨병 기타 피부질환 증세가 있는 사람 의사 소통이 어려운 사람 또는 어린이 열이 높거나 안정을 필요로 하는 사람 임산부 의족 의수 등 신체에 금속 기구를 착용한 사람 체내 투입형 의료기기를 사용하는 사람 제품에 대한 경험과 지식이 부족한 사람 안마의자 사용이 불가한 대상을 확인해 주세요. 중증의 혈행 장애나 혈전증 증세가 있는 사람 (다리에 정맥류 등) 의사가 사용이 불가하다 인정한 사람 안마의자 사용시 주의사항을 확인해 주세요. 등받이나 다리 받침대가 움직일때나 각도 조절시 주변에 어린이나 물건 또는 반려동물 등이 없는하여 안마의자 틈새에 끼이지 않도록 주의해 주세요. 영유아나 아동이 안마의자 위에서 놀거나 올라가지않게 해주세요. 온열기능을 장시간 사용시 저온화상의 위험이 있을 수 있습니다. 온열 작동 부위에 맨살이 닿지 않게하고 온열 기능 사용시 반드시 헤드쿠션을 사용해주세요. 온열기능 사용시 피부가 약한 어린이 노인 환자들은 보호자의 보호하에 주의하여 사용해 주세요.,,https://static.service.skmagic.com/editor/faq/ckimg/cf2287076f2a4356a0afd514e1296263.jpg
안마의자,리모컨 작동이 안돼요,제품의 전원이 꺼져 있거나 리모컨 연결선이 빠져있는 경우 리모컨이 작동되지 않습니다. 다음 내용을 확인해 주세요 안마의자의 전원은 켜져있나요? 제품의 전원코드선이 콘센트에 정상적으로 잘 연결되어 있는지 확인해 주세요. 제품의 전원코드선이 콘센트에 연결되어 있다면 해당 콘센트에 드라이기 등 소형 전기제품를 연결하여 콘센트의 전원공급 상태가 정상인지 확인해 주세요. 본체 뒷면 전원스위치가 ' l ' 방향으로 켜져있는지 확인해 주세요. (단 전원스위치 적용 모델에 한함) 제품 본체에 리모컨 연결선이 잘 조립되어 있나요? 리모컨 연결선은 제품 본체의 전원코드 연결부 옆이나 안마의자에 앉았을 때 우측에 있습니다. 리모컨 연결선이 빠져있는 경우 조립하여 사용해 주세요.,,https://static.service.skmagic.com/editor/faq/ckimg/fe0a160e147a4693822261ccfca551aa.png
안마의자,안마볼 작동이 잘 안돼요,다음 내용을 체크해 주세요 안마볼 위치는 작동 시작 전 체형 스캔 단계에서 조절을 할 수 있습니다. 체형 스캔 단계에서 체형인식이 정확히 되지 않으면 안마볼이 기본위치에서 동작됩니다. 기본위치에서 작동시 동일한 안마볼 위치라도 사용자 체형에 따라 머리까지 올라오거나 또는 어깨 아래까지만 작동될 수 있습니다. 체형 스캔 단계에서는 안마의자에 등이 밀착되도록 몸을 구부리지 않고 앉아주셔야합니다. 체형 스캔 단계는 저장되는 기능이 아니므로 매회 작동시 설정해 주셔야 하며 작동 도중에는 체형에 맞게 안마볼 위치를 변경할 수 없습니다. 안마볼 조정은 체형 스캔 단계에서 부저음이 발생될 때만 가능합니다. <자동 체형 스캔 방법> ①몸을 움츠리지말고 안마의자에 엉덩이허리머리를 최대한 밀착하여 앉아주세요. ②리모컨을 이용하여 제품의 전원을 켜고 모드를 선택해 주세요. ③안마볼이 위 ↔ 아래로 움직이며 체형을 따라 스캔 작업을 시작합니다. *전원을 켜면 모드 선택 전 체형 스캔이 시작되는 모델도 있습니다 ④'삐익~' 소리가 나면서 리모컨 화면에 [등받이 조절 중] 단계가 나오면 방향키를 이용하여 안마볼 위치를 조절해 주세요. 부저음 소리가 울리는 동안 위치 조절을 해주셔야합니다. ⑤체형 스캔이 종료되면 안마 모드가 시작됩니다. 특정부위의 안마는 수동모드의 부위 코스를 선택하고 작동해 주셔야 합니다. 수동모드의 [부위] 모드에서 [전체] [목/어깨] [등/허리] [허벅지/엉덩이] [부분집중] 코스 중 선택하시어 원하는 부위만 마사지를 하실 수 있습니다. *모델에 따라 부위 선택 코스는 상이합니다. <수동모드 부위 설정방법> ①[수동모드] 버튼 또는 메뉴 버튼을 눌러 수동모드를 선택해 주세요. ②[마사지] 모드를 선택 후 [부위] 모드에서 방향키를 이용하여 원하는 부위 코스를 선택해 주세요. [수동모드 마사지 모드 선택 후 부위 코스 선택],,https://static.service.skmagic.com/editor/faq/ckimg/16cb3670814749c79c5583075ebe57a8.png|https://static.service.skmagic.com/editor/faq/ckimg/b95ba70c30754344998bc26be78692cc.png|https://static.service.skmagic.com/editor/faq/ckimg/9abfd5bbcb4941419d9d27b6c8b64e0b.png
안마의자,거실 ↔ 방으로 자택내에서 제품을 옮겨 설치하고 싶어요,다음 내용을 체크해 주세요 안마의자가 문을 통과하기 위해 제품의 분리 작업이 필요하다면 안전한 분리 및 재조립을 위해 서비스 접수를 진행해 주세요. 같은 공간 내 위치이동 요청시 서비스 비용이 발생됩니다.,,없음
안마의자,안마의자와 플레이어/블루투스 연결 방법이 궁금해요,일부 모델은 안마의자를 스피커로 연결하여 사용이 가능하며 모델별로 연결 방법은 상이합니다. 다음 내용을 확인해 주세요 안마의자와 플레이어를 블루투스로 연결하는 방법을 확인해 주세요. 볼륨 및 재생 조절은 스마트폰 또는 음악 플레이어에서만 조작 가능합니다. 적용모델 : MMC150 ①안마의자의 전원을 켜고 핸드폰의 블루투스 기능을 켜주세요. ②핸드폰의 블루투스 목록에서 [RK8903S-XXXX-XXX] 선택해서 연결해 주세요. 적용모델 : MMC146 ①안마의자의 전원을 켜고 핸드폰의 블루투스 기능을 켜주세요. ②핸드폰의 블루투스 목록에서 [MMC146-XXXX-XXXX] 선택해서 연결해 주세요. ③PIN번호 입력창에 [MMC146-XXXX-XXXX] 의 가장 끝 4자리 번호를 입력해 주세요. * PIN번호는 변경이 불가합니다. 적용모델 : MMC135 ①안마의자의 전원을 켜고 핸드폰의 블루투스 기능을 켜주세요. ②핸드폰의 블루투스 목록에서 [MMC135-SKMXXXXXXXX] 선택해서 연결해 주세요. ③PIN번호 입력창에 [1111] 번호를 입력해주세요. * PIN번호는 변경이 불가합니다. 안마의자와 플레이어를 AUX로 연결하는 방법을 확인해 주세요. 적용모델 : MMC145 ① 좌측 팔 앞쪽 AUX 단자에 AUX 연결선을 장착하고 반대편 AUX 단자는 음악플레이어측에 연결해주세요. ②스마트폰 또는 음악 플레이어에서 재생을 시작하면 안마의자 스피커를 통해 음악이 재생됩니다. 볼륨 및 재생 조절은 스마트폰 또는 음악 플레이어에서만 조작 가능합니다. 일부 기기 중 아이폰처럼 휴대폰이나 플레이어에 AUX 단자가 없는 경우 헤드폰 라이트닝포트가 있어야 연결이 가능합니다.,,https://static.service.skmagic.com/editor/faq/ckimg/661fac6833514e9b8597ba0a7ad5a4d8.png|https://static.service.skmagic.com/editor/faq/ckimg/4c3535a0db32467aaa008eb6b69431d8.png
안마의자,에어 기능이 잘 안돼요,다음 내용을 체크해 주세요 에어기능을 설정하여 작동 여부를 확인해 주세요. 에어기능은 [팔/어깨] [팔/엉덩이] [다리/팔] [전체]로 부위 설정이 가능하며 [강/중/약] 에어세기도 설정할 수 있습니다. 부위 및 에어세기 선택 후 에어 기능이 정상적으로 작동되는지 확인해 주세요. <수동모드 에어기능 설정 방법> ①메뉴 버튼을 눌러 [에어코스]를 선택해 주세요. *모델에 따라 [에어 기능] 선택 버튼은 상이합니다. ②[부위] 모드 선택 후 방향키를 이용하여 원하는 부위를 설정해 주세요. ③[에어강도]모드에서 방향키를 이용하여 에어세기를 설정해 주세요.,,https://static.service.skmagic.com/editor/faq/ckimg/e63ca660672b4cd7ab84d7addda4bf48.png|https://static.service.skmagic.com/editor/faq/ckimg/32174f0766cd4a31a61d258d13bb596c.png
안마의자,안마의자 사용시 강도가 약하거나 강해요/강도 조절이 안돼요,안마세기가 강하거나 약한 경우 안마 강도를 조절하여 사용하실 수 있습니다. 다음 내용을 확인해 주세요 강도조절이 불가한 경우 수동모드로 작동중인지 확인해 주세요. 안마볼의 강도는 수동모드에서만 변경이 가능하므로 자동모드에서는 변경이 불가합니다. 에어마사지 강도는 자동모드와 수동모드에서 변경이 가능합니다. 강도 조절 방법을 확인해 주세요. <안마볼 강도 조절 방법> ①수동모드로 안마 기능을 작동해 주세요. ②[안마강도] 버튼 또는 메뉴 [수동모드] [속도]를 선택 한 후 원하는 안마 강도를 선택해 주세요. *안마강도는 3단계~6단계로 모델에 따라 설정 단계가 상이합니다. <에어 강도 조절 방법> ①에어마사지 안마 모드를 작동해 주세요. ②[에어강도] 버튼 또는 메뉴 [에어코스] [에어강도] 를 선택 한 후 원하는 에어마사지 강도를 선택해 주세요. *에어 강도는 3단계 또는 5단계로 모델에 따라 설정 단계가 상이합니다. 안마강도를 조절해도 강하다고 느껴지나요? 헤드쿠션을 꼭 창작하여 사용해 주세요. 안마의자를 눕혀서 사용하면 신체무게에 의하여 안마볼이 닿는 부위의 압력이 세게 느껴질 수 있으므로 안마의자를 세워서 작동해 주세요. 무릎담요나 방석 등을 아래에 깔고 작동해 주세요. 여성모드 또는 숙면모드의 안마코스를 사용해 주세요. 안마 강도 조절시 3D 4D 입체 안마도 [약]으로 설정하여 작동해 주세요. 두드림 주무름 지압 등 사용자에게 맞는 코스로 먼저 적응시간을 갖도록하고 볼 안마가 아프다고 느낄 경우에는 에어마사지 기능을 먼저 사용해 주세요. 수동모드중에서는 파도안마 또는 두드림안마 모드가 가장 약한 강도로 작동합니다. 안마볼 강도를 조절해도 약하다고 느끼는 경우 헤드쿠션을 제거하고 사용해 주세요. 안마의자의 각도를 눕히거나 무중력 모드를 작동해 주세요.,,https://static.service.skmagic.com/editor/faq/ckimg/22e3b6e586744416924e1b7b9ce3b45c.png|https://static.service.skmagic.com/editor/faq/ckimg/725b916fc3604ed799fa6315971a9bd8.png
안마의자,발/종아리 롤러 작동이 안돼요(MMC145),발/종아리 롤러는 자동수동모드 선택 후 리모컨 내 [발바닥롤링]버튼을 눌러 추가하여 사용할 수 있습니다. 발바닥 롤링 버튼을 추가 하지 않을경우 에어압으로만 마사지됩니다. 안마의자 작동 중[발바닥롤링]버튼을 누를때마다 시작하거나 정지할 수 있습니다.,,https://static.service.skmagic.com/editor/faq/ckimg/bf839e263290410480629f5ea1e756d2.png|https://static.service.skmagic.com/editor/faq/ckimg/0ee5df7a4ba4434f810271196a4e2020.png
안마의자,청소는 어떻게 하나요?(MMC145),가죽 부분 청소방법 사용 전/후 가죽 부분은 마른 걸레로 닦아주세요. 오염 물질이 묻었을 경우에는 [중성세제를 묻힌 수건>물을 묻힌 수건>마른 수건]순으로 닦아서 자연 건조해 주세요. 본체(패브릭) 청소방법 오염 물질이 묻은 직후 물티슈 또는 젖은 수건으로 세척 가능합니다. 오염 물질이 묻은 뒤 장시간 방치 할 경우 세척 후에도 얼룩이 남을 수 있습니다. 물을 묻힌 수건 또는 물티슈로 자주 닦거나 세탁할 경우 발수/방수기능이 저하될 수 있으며 원단이 수축될 수 있습니다. 안마의자 청소 및 관리시 주의사항 감전 및 화재의 위험이 있으므로 안마의자의 전원을 꺼주세요. 감전 및 화상의 위험이 있으므로 젖은손으로 플러그를 만지지 마세요. 변색변질 및 화재의 위험이 있으므로 분무식 살충제 휘발유 증기 청소기 등은 사용하지 마세요. 오염이 생긴 후 1~2시간 내에 청소해 주세요. 시간이 많이 지난 후에 청소를 하면 청소가 잘되지 않을 수 있습니다.,,https://static.service.skmagic.com/editor/faq/ckimg/73a72e54938c4914b3c0933fb9eefb71.png
안마의자,온열 기능이 무엇인가요/사용 방법이 궁금해요,안마의자의 온열 기능 및 사용방법을 확인해 주세요. 다음 내용을 확인해 주세요 온열 기능이란? 등 커버 또는 안마볼에 히터를 내장시켜 안마시 온열을 발생시키는 기능입니다. 온열 기능이 설정방법을 확인해 주세요. 적용모델 : MMC150 온도 조절은 상부 안마볼 2개만 조절 가능하며 발바닥 온열 온도는 조절이 불가합니다. ①[온열] 버튼을 눌러 온열 기능을 작동합니다. ②[메뉴] [온열] [온도+  -] [OK버튼]을 눌러주세요. ③[OK버튼]을 누르는 횟수에 따라 온도 조절이 가능합니다. 적용모델 : 그외 모델 ①[메뉴] [온열] [꺼짐/켜짐] 목록에서 켜짐으로 선택하여 온열기능을 설정해 주세요.,,없음
안마의자,무중력 모드가 작동이 안돼요,다음 내용을 체크해 주세요 무중력 기능은 무엇인가요? 신체 무게가 균등하게 분산되는 이상적인 각도로 조절되어 무게 부담을 주지 않으면서 편안하게 안마를 받을 수 있는 기능입니다. 리모컨의 [무중력] 버튼을 누를때마다 무중력 단계 조절 무중력 모드 종료 순으로 작동됩니다. 무중력 모드는 모델에 따라 2단계 또는 3단계로 조절 가능하며 다리와 등받이 위치 조절 버튼을 이용하여 각도 조절도 할 수 있습니다. 안마 종료 후 의자 자동 복귀가 안돼요. 안전상 문제로 수면모드 무중력모드 사용 시 종료 후 의자는 자동으로 복귀되지 않습니다. 리모컨의 전원 버튼을 눌러 수동으로 복귀해 주셔야 합니다. 무중력 버튼을 눌러도 안마의자의 각도 변화가 없다면 서비스 점검이 필요합니다.,,없음
안마의자,안마볼 수평이 안맞아요/위치가 틀어져 있어요,기계적 구조상 안마의자 동작이 멈춘 뒤 안마볼 좌/우 위치가 맞지 않을 수 있습니다. 안마볼이 좌/우 상/하 원을 그리며 작동되기 때문에 대칭이 맞으면 안마의 효과가 떨어질 수 있습니다. 롤링이 되도록 설계되어 있어 비대칭이 정상입니다.,,없음
안마의자,다리길이 고정이 안돼요(MMC145),MMC145모델의 경우 다리길이 조절 기능이 탑재되어 있지 않습니다. 사용자가 직접 다리 마사지 모듈 부분을 밀어야지만 길이가 늘어납니다. 무릎을 굽히거나 다리의 힘을 풀 경우 길이는 고정되지 않으며 다시 원상복구 됩니다.,,https://static.service.skmagic.com/editor/faq/ckimg/7d912a4e8e4740c381a1d7e3b287eb17.png
안마의자,음성인식 기능은 어떻게 사용하나요 (모델 - MMC150),음성인식 기능이란? 리모컨 설정이 아닌 음성명령으로 [자동모드] 코스를 선택해서 작동할 수 있는 기능입니다. 적용모델 - MMC150 다음 내용을 체크해 주세요 음성인식 기능 사용방법입니다. ①음성인식 마이크 위치 방향으로 [음성인식 시작] 이라고 음성명령어를 직접 말씀해 주세요. ②[음성인식 모드를 시작합니다] 라는 안내 멘트가 나오고 20초 이내로 [회복모드/경락모드/스트레칭/숙면모드/남성모드/여성모드] 중 한가지 안마모드를 음성명령어로 직접 말씀해 주세요. ③안마 동작 시간이 종료되거나 [안마 종료] 라고 음성명령을 하면 [안마를 종료합니다] 라는 안내 멘트가 나오며 작동이 종료됩니다. ④작동 종료 후 안마의자의 위치를 원래 상태로 복귀하기 위해서는 리모컨을 이용해 주세요. [원 위치로 복귀?] 라는 문구가 리모컨에 표시되면 리모컨 버튼을 이용하여 '예' 를 선택해주세요. 원래 위치로 안마의자가 복귀됩니다.,,https://static.service.skmagic.com/editor/faq/ckimg/aeef1e7cbba744aa882c2eb63404e9c0.png
안마의자,종아리 롤러 작동이 안돼요 (MMC135),MMC135 종아리 안마방식은 돌기형 에어셀로 작동을 합니다. MMC135모델의 경우 회전롤러가 없으며 회전롤러방식이 아닌 돌기형 에어셀로 종아리 안마가 동작 됩니다. 돌기형 에어셀을 통해 종아리의 뭉친 근육을 에어 안마와 함께 시원하게 풀어줍니다.,,https://static.service.skmagic.com/editor/faq/ckimg/6629d454c26b4a89a248e5c0e8d19138.png
안마의자,간편버튼 작동이 안돼요(MMC145),간편버튼의 전원을 3초이상 눌러주세요. 간편버튼은 안전상 문제로 전원 버튼을 3초이상 눌러준 뒤 ON상태가 되어야 조작을 할 수 있습니다. ON상태시 간편버튼 조작부에 불이 켜집니다. 간편버튼 사용 방법을 확인해 주세요.,"[표1] | 전원 | 안마의자를 켜거나 , 끄려면 [ 전원 ] 버튼을 3 초간 눌러 주세요 . | | --- | --- | | AUTO( 자동 ) | ON 상태에서 [AUTO] 버튼을 누르면 회복모드 ( 파간색 ), 스트레칭 ( 빨간색 ), 숙면모드 ( 초록색 ) 등 3 가지 자동 프로그램으로 들어갑니다 . | | 무중력 | ON 상태에서 [ 무중력 ] 버튼을 누르면 의자가 무중력 위치로 이동하고 , 다시 [ 무중력 ] 버튼을 누르면 원래 위치로 돌아갑니다 . | | 등받이 세움 | [ 등받이 세움 ] 버튼을 누르고 있으면 , 등받이가 올라가고 다리가 내려갑니다 . 버튼에서 손을 떼면 등받이와 다리가 움직이지 않고 각도가 고정됩니다 . | | 등받이 누임 | [ 등받이 세움 ] 버튼을 누르고 있으면 , 등받이가 올라가고 다리가 내려갑니다 . 버튼에서 손을 떼면 등받이와 다리가 움직이지 않고 각도가 고정됩니다 . |",https://static.service.skmagic.com/editor/faq/ckimg/488edd69c8d64ed58a62bdb829a6ae94.png
안마의자,에어강도 3D강도 조절은 어떻게 해야하나요 (MMC155),자동모드 사용중에는 에어강도 3D강도 조절만 가능합니다. ①[자동]버튼을 눌러 이용하려는 안마모드를 선택해 주세요. ②[에어강도]버튼을 눌러 에어강도를 조절해 주세요. 자동모드에서 3D강도 조절방법을 확인해 주세요. ①[자동]버튼을 눌러 이용하려는 안마모드를 선택해 주세요. ②[안마강도]버튼을 눌러 3D강도를 조절해 주세요. 0~4단계까지 조절 가능합니다.,,https://static.service.skmagic.com/editor/faq/ckimg/108e618fd02643ddac0780421e0969d0.png|https://static.service.skmagic.com/editor/faq/ckimg/be4960bc14494682912333d129a1b9ac.png
안마의자,음성 기능 작동이 안돼요 (모델 - MMC150),다음 내용을 체크해 주세요 음성인식 마이크 위치 방향을 확인합니다. 음성인식 마이크 방향을 향해 음성명령어를 직접 말씀해 주셔야 합니다. 주변이 시끄러운 환경이나 명령어의 발음 억양에 따라 인식이 잘 안될 수 있으니 여러번 명령을 시도해주세요. 리모컨 사용 여부를 확인합니다. 음성인식 기능 동작 중 리모컨을 사용할 경우 음성인식 기능이 자동으로 종료됩니다. 음성인식 기능을 다시 사용하실때는 준비단계인 처음부터 다시 시작해 주세요. 안마모드를 확인합니다. 안마모드는 자동모드 코스[회복모드/경락모드/스트레칭/숙면모드/남성모드/여성모드]에 한해 음성명령이 가능합니다. 다른 모드는 음성인식 기능이 동작하지 않습니다. 음성명령어를 확인합니다. 정해져 있는 음성 명령어만 인식할 수 있습니다. 정확한 음성 명령어가 아닌 경우 음성기능은 작동되지 않습니다. 음성 명력어 - [음성인식 시작] [회복모드/경락모드/스트레칭/숙면모드/남성모드/여성모드] [안마 종료] [음성인식 시작] 명령어 이후 20초 이내로 안마모드 명령어가 인식되어야합니다. 리모컨 뒷면에 사용방법이 부착되어 있으니 참고해 주세요.,,https://static.service.skmagic.com/editor/faq/ckimg/54329e61402d4fdfb24d68c2a0eb96ed.png
안마의자,스피커 음량과 재생 목록 설정 방법이 궁금해요,안마의자와 플레이어 연결 방법을 확인해 주세요. 블루투스로 연결이 필요한 경우 먼저 안마의자의 전원을 켜고 핸드폰의 블루투스 기능을 켠 후 핸드폰의 블루투스 목록에서 안마의자를 선택하여 연결해 주세요. AUX단자로 연결이 필요한 경우 좌측 팔 앞쪽 AUX 단자에 AUX 연결선을 장착하고 반대편 AUX 단자는 음악플레이어측에 연결해 주세요. 모델별로 연결 방법이 상이하므로 자세한 내용은 [제품사용설명서] 메뉴를 이용해 주세요. 플레이어로 재생되는 음성의 음량 설정 또는 재생 목록 선택/변경 등 사용 방법을 확인해 주세요. 안마의자와 플레이어를 연결한 경우 안마의자는 스피커의 역할만 가능합니다. 출력되는 음성의 음량 조절 플레이어 목록 변경 등의 조작은 해당 플레이어 기기를 통해 조작해 주세요. 플레이어 기기를 통해 음량을 조절해도 소리가 작게 느껴진다면 확인해 주세요. 안마의자에 내장되어 있는 스피커는 사용자의 청력보호를 위해 일반적인 스피커보다 소리가 작게 출력됩니다.,,없음
안마의자,온열이 약해요/온열이 안되는 것 같아요,온열 기능이 약하다 느껴지는 경우 확인해 주세요. 두꺼운 옷을 입고 사용하는 경우 온열감이 덜 느껴질 수 있습니다. 얇은 의류를 입고 확인해 주세요. 온열 기능을 켜는 시점에 시트의 히터 열선이 가열되는 방식으로 약 5분정도의 시간이 소요됩니다. 시간이 지난 후 확인해 주세요. MMC150 모델 사용중 온열 기능이 약하다 느껴지는 경우 확인해 주세요. 해당 모델은 시트 전체가 아닌 상부 안마볼에 히터가 장착되어있어 안마볼이 움직이면 온열이 느껴지는 부위도 이동됩니다. 온열 온도를 조절할 수 있어 온열이 약하다고 느낄 경우 [메뉴] [온열] [온도＋]를 선택하여 사용해 주세요. (단 발바닥 온열은 조절 불가) 온열 기능 사용시 열기가 전혀 없는 경우 확인해 주세요. 전원 코드선을 분리한 뒤 30초 후 다시 연결하여 확인해 주세요.,,없음
안마의자,새리모컨 화면표시창에 스크래치가 있어요,새상품 설치 후 리모컨에 스크래치(기스)가 있는 경우 아래 내용을 확인해 주세요. 다음 내용을 체크해 주세요 리모컨에 보호필름이 부착되어 있나요? 새 리모컨에는 얇은 보호필름이 부착되어 있습니다. 보호필름이 부착된 위치는 모델별 상이할 수 있으므로 화면표시부(액정) 또는 조작부의 모서리 부분에 스카치테이프를 사용하여 제거해 주세요. 보호필름을 제거하지 않고 사용할 경우 스크래치(기스) 또는 기포가 발생된 것처럼 보일 수 있습니다. [보호필름이 부착되어있는 상태] [보호필름 제거 위치],,https://static.service.skmagic.com/editor/faq/ckimg/a4fcba2ec7f347bc8e8d9f24a4ddf85f.png|https://static.service.skmagic.com/editor/faq/ckimg/5868b89b4650420b9954024079cea998.png
안마의자,무드등(램프)이 켜지지 않아요. (MMC150),무드등 설정 상태를 확인해 주세요. 메뉴 설정 무드등 켜짐(또는 꺼짐) OK버튼을 눌러 설정해 주세요. 무드등 점등 상태를 확인해 주세요.,,https://static.service.skmagic.com/editor/faq/ckimg/4f15300a5a004ab3982cc232c6309591.png|https://static.service.skmagic.com/editor/faq/ckimg/bd0122b033974334bb6e92439e0943ec.png
계약관련,이사하는데 이전설치는 어떻게 해야하나요?,제품에 따라 전문가의 방문 서비스가 필요할 수 있습니다. 서비스 요청시 분리 비용과 재설치 비용은 각각 발생됩니다. [이용 요금안내] 에서 비용 확인이 가능합니다. 구독 제품을 일반구매제품으로 접수시 비용이 추가될 수 있습니다. 제품 이동서비스는 불가하므로 분리된 제품은 부속품들을 빠짐없이 챙기신 후 설치하는 장소까지 옮겨주셔야 합니다. 제품 분리 또는 설치를 위한 공사가 필요하다면 별도의 업체에 의뢰해 주셔야 합니다.,,없음
계약관련,명의변경하려면 어떻게 해야하나요?,서비스센터 (온라인)에서는 별도의 서류 제출없이 명의변경 신청이 가능합니다. 명의변경 신청은 양도인이 직접 신청하셔야 합니다. 신청 단계에서 양수인의 성함 연락처 생년월일 개인사업자의 경우 사업자번호 등 양수인 정보가 필요합니다. 명의변경 대상 제품에 구독료가 청구된 경우 요금 납입 후 명의변경 신청이 가능합니다. 서비스센터(온라인)에서 명의변경 신청이 불가한 경우를 확인해 주세요. 양도인 또는 양수인이 법인사업자일 경우 고객상담센터를 이용해 주세요. 패키지 크로스 단체건 중 일부 SKT할인 SKB할인 계약건은 고객상담센터를 이용해 주세요.,,없음
계약관련,중도 해약 시 위약금 산정 기준이 궁금해요.,해약 정산금 산정기준 약정 및 의무사용기간 내 구독 반환 시 *해약 정산금 이 청구되며 해약 정산금은 위약금 할인반환금 구독등록비 회수폐기비 미납급 일수금으로 구성됩니다. 구독 해약 및 위약금 안내는 [구독 해약/정산 비용안내] 를 통해 확인하실 수 있습니다. 서비스센터 홈페이지를 통해 이용중인 구독 제품의 [위약금 조회] 가 가능합니다.,,없음
계약관련,계약건 양도시(명의변경) 요금을 사용한 날짜만큼만 일할계산하여 납부할 수 있나요?,구독료는 일할계산 납부가 불가합니다. SK매직은 월 단위 회차별 납부방식이므로 일단위 요금 청구 및 납입은 불가합니다. 불가피하게 필요한 경우 양도 양수자가 별도로 협의 후 진행하셔야 하며 문제 발생시 SK매직에서 책임지지 않습니다. 월 단위 회차별 납부방식이란 제품 설치일로부터 1개월 단위로 청구되는 것을 뜻합니다.,,없음
계약관련,명의변경을 할 수 없는 경우도 있나요?,명의변경이 불가한 경우를 확인해 주세요.,,없음
계약관련,제품을 명의변경하여 인수받을 경우 양수일자부터 계약 기간이 새로 시작되는 건가요?,아닙니다. 계약 사항 및 계약 기간은 변경되지 않습니다. 말 그대로 제품의 소유 명의자만 변경되는 것이며 최초 구독 제품을 설치한 시점부터 사용 기간과 납은 계약기간이 그대로 승계됩니다.,,없음
계약관련,사업자번호가 변경 되었습니다. 처리방법을 알 수 있나요?,개인사업자이며 계약자와 대표자가 동일한 경우 사업자등록증을 팩스 또는 이메일로 발송해 주세요. 요청사항과 통화 가능한 휴대전화번호를 기재하신 뒤 발송해주시면 3시간 이내(평일 기준) 수신 확인 문자를 발송해드립니다. 수신 확인 문자를 받지 못하신 경우 서류 재발송 부탁드립니다. 서류 정상 접수 시 3~5일 이내로 담당자가 직접 연락드려 정보변경 처리를 도와드립니다. 팩스 : 070-4758-7728 이메일 : skmagic1@skmagic.com 개인사업자인데 사업자번호 변경 및 계약자와 대표자가 다른 경우 명의변경으로 진행되며 서비스센터 홈페이지에서 간편하게 명의변경 신청 가능합니다. 단 크로스 패키지 등 결합되어 있는 계약 건 또는 SKT할인 SKB할인 유형에 해당하는 경우 홈페이지에서 명의변경이 불가합니다. 법인사업자(관공서)인데 사업자번호가 변경된 경우 서비스센터 홈페이지에서 명의변경 불가합니다.,,없음
계약관련,계약자가 사망했어요.,계약자 사망 시 직계가족에 한하여 명의변경이 가능합니다. 가족관계 증명서에 계약자가 사망으로 표기되어 있지 않을 시 사망진단서를 첨부하셔야 합니다.,,없음
계약관련,법인(관공서) 대표자(상호)가 변경되었습니다. 세금계산서 수정하려면 어떻게 해야하나요?,사업자번호는 변경되지 않고 법인 대표자 또는 상호만 변경된 경우 확인해 주세요. 사업자등록증을 팩스 또는 이메일로 발송해주세요. 요청사항과 통화 가능한 휴대전화번호를 기재하신 뒤 발송해주시면 3시간 이내(평일 기준) 수신 확인 문자를 발송해드립니다. 수신 확인 문자를 받지 못하실 경우 서류 재발송 부탁드립니다. 서류 정상 접수 시 3~5일내로 담당자가 직접 연락드려 정보변경 처리를 도와드립니다. <팩스> 070-4758-7728 <이메일> skmagic1@skmagic.,,없음
계약관련,제품을 구독하지 않고 일시불로 구입할 수 있나요?,네. 가능합니다. 매직몰 에서 구매하실 수 있습니다.,,없음
계약관련,한국국적을 취득해서 이름이랑 주민번호가 변경됐는데 어떻게 해야 하나요?,변경 내용이 기재된 상세 주민등록초본(발급 3개월 이내)을 아래의 수신처로 접수해 주세요. 주민번호 변경시 신분증을 통해 처리가 불가하므로 반드시 발급 3개월 이내 초본 제출 부탁드립니다. 요청사항과 통화 가능한 휴대전화번호를 기재하신 뒤 발송해주시면 3시간 이내(평일 기준) 수신 확인 문자를 발송해드립니다. 수신 확인 문자를 받지 못하실 경우 서류 재발송 부탁드립니다. 서류 정상 접수 시 3~5일내로 담당자가 직접 연락드려 정보변경 처리를 도와드립니다. <팩스> 070-4758-7728 <이메일> skmagic1@skmagic.,,없음
계약관련,제품을 일시불로 구매할 때 한꺼번에 지불하기 부담스러운데 할부 혜택은 없나요?,무이자 장기할부 프로모션이 적용되는 제휴카드로 매직몰을 통해 구매시 24개월 또는 36개월 무이자 장기할부 및 캐시백 혜택을 제공합니다. 장기할부카드 서비스보기 링크,,없음
계약관련,중도 해약시 위약금과 접수 방법이 궁금해요,구독 중도 해약 시 납부해야 할 위약금은 서비스센터 홈페이지 로그인 후 확인이 가능합니다. 의무사용기간 경과 ~ 구독 계약 기간 이내 해약 요청 시 : 철거비 + 일수금/당월 및 미납금액 납부 후 해약 가능 의무사용기간 이내 해약 시 : 중도 해약 위약금 완납 후 해약 가능,,없음
관리서비스,제품 마다 방문 시기가 다 달라서 불편해요. 한번에 방문해서 점검해주실 수 있나요?,계약자가 같고 동일한 주소에서 사용하시는 경우 방문주기 통합 가능합니다. 방문주기 통합은 구독 계약기간에만 가능하며 구독 계약 만료월에는 원래 주기에 맞춰 방문합니다. 멤버쉽 계약은 방문주기 통합이 불가합니다. 제품 별 방문주기 통합으로 인해 A/S 발생시 서비스비용 유상처리 될 수 있습니다.,,없음
관리서비스,구독 시 유지관리에는 어떤게 있나요?,제품 구독시 유지 관리 서비스란? 방문형 관리와 미방문형 관리로 나누어져 있습니다. 방문형 관리의 경우 SK매직의 매직케어 담당자(MC)가 정기적으로 제품이 설치된 곳으로 방문하여 제품을 보다 편리하고 안심하며 사용하실 수 있도록 전문적인 관리 서비스를 제공합니다. 미방문형 관리의 경우 정기적으로 제품이 설치된 곳으로 점검 유지에 필요한 물품을 제공하여 이용자가 직접 활용할 수 있도록 합니다. 유지 관리 서비스의 종류를 확인해 주세요 방문서비스로는 케어 서비스(필터 교체 제품별 맞춤 점검 살균서비스 등)가 있습니다. 미방문서비스로는 세제 필터 발송 등이 있습니다. 계약 유형에 따라 내용에 차이가 있을 수 있습니다.,,없음
관리서비스,관리하는 담당 MC가 자주 바뀌는 것 같아요,관할 지역에 SK매직 제품을 사용하시는 고객분들이 많은 경우 더 나은 서비스 제공을 위해 새로운 지국이 신설되어 관리 담당자(MC)가 변경되는 경우가 있습니다. 정규 교육과정을 수료한 담당자(MC)가 꼼꼼한 관리와 친절한 서비스로 케어해 드리겠습니다.,,없음
구독/멤버십제도,구독 계약기간 만료 후에는 어떻게 해야하나요?,구독계약기간 만료후에는 고객님께 소유권이 이전됩니다. 멤버쉽 제도 : 기존 제품을 그대로 사용하면서 정기점검 서비스를 받을 수 있습니다. 교체구독 제도 : 기존 제품을 반환하고 새제품을 할인된 가격으로 구독할 수 있습니다.,,없음
구독/멤버십제도,의무사용기간이 무엇인가요?,의무사용 기간은 구독계약 유지에 대해 SK매직과 약속한 최소한의 사용기간입니다. 의무사용 기간 내 계약해지 시에는 위약금이 부과됩니다.,,없음
구독/멤버십제도,멤버십 해약하면 위약금이 있나요?,멤버십 납부금액에서 서비스비용을 차감한 차액금이 부과됩니다.(멤버십 가입후 1년 단위 기준) 제품은 별도 회수나 철거를 진행하지 않습니다. 제품 폐기를 원하실 경우 고객님께서 직접 처리하셔야 합니다.,,없음
구독/멤버십제도,구독 해약 접수 후 오늘 제품 철거(회수)했는데 언제 해약 처리되나요?,오늘 제품 철거(회수)했는데 언제 해약되나요? ​​​​​​ 구독 계약 해약은 설치마스터가 고객님 댁으로 방문하여 제품 회수 후 진행됩니다. 구독 제품 철거 후 그 다음 영업일에 회수 된 제품이 정상적으로 창고에 입고되면 해약 완료됩니다. 철거 방문드린 당일에는 해약 진행중임으로 고객님의 양해 부탁드립니다.,,없음
구독/멤버십제도,구독으로 사용하다 신제품이 나오면 바꿀 수 있나요?,구독 기간중 제품 교체는 불가합니다. 추가 구독 계약은 가능하며 제품 교체는 불가합니다.,,없음
구독/멤버십제도,SKT 사용중인데 T멤버십 카드를 등록하면 저도 구독료 10% 할인이 되나요?,SKT멤버십 할인은 최초 구독 가입시 적용하셔야 합니다. 이미 구독 계약을 체결하신 후라면 사용 도중 SKT멤버십 할인 적용은 불가합니다. 신규 계약 시 SKT할인 적용 가능한 일부 모델에 한해 ‘SKT할인’유형으로 계약을 체결하셨을 경우 할인혜택 적용 가능합니다.,,없음
구독/멤버십제도,멤버쉽 이용요금이 갑자기 인상됐어요. 이유를 알 수 있나요?,구독기간을 포함한 사용 8년차부터 멤버쉽 관리 비용에 변동이 있습니다. 8년차~ 10년차까지 3회 연속하여 멤버쉽료는 변동되며 관련 내용은 멤버쉽 계약서에서도 확인하실 수 있습니다.,,없음
구독/멤버십제도,구독 제품이 고장났는데 수리 비용이 발생하나요?,구독 계약기간동안 제품 문제로 A/S 요청시 무상으로 서비스를 받으실 수 있습니다. 다만 제품불량이 아닌 고객님의 과실로 인한 제품 파손이나 외관교체 등의 요청은 유상처리됩니다.,,없음
구독/멤버십제도,구독 사용기간 중 일시정지 가능한가요?,구독 계약기간 중 일시정지(납입유예)는 불가능합니다. 개인 사정으로 인해 제품을 사용하지 않더라도 구독료 는 매월 자동이체를 통해 납부됩니다.,,없음
구독/멤버십제도,계약자와 실사용자가 다른 경우 실사용자 정보를 등록할 수 있나요?,구독 계약 시 계약자 본인 명의로 신청 가능하며 실제 제품을 사용하는 주소로 설치할 수 있습니다. 제품 설치 후 실사용자의 주소 성함 연락처로 정보 변경이 가능합니다. MC방문 시에도 변경된 실사용자에게 연락드려 유지관리 서비스에 대한 방문 일정을 안내합니다. 단 사용자 정보만 변경되며 계약기간 내 제품의 모든 책임과 의무는 계약자에게 있으므로 계약자 성함을 변경해야 할 경우에는 명의변경으로 진행하셔야 합니다.,,없음
구독/멤버십제도,폐가전 처리는 어떻게 하나요?,고객님께서 직접 제품 처리가 필요한 경우를 확인해 주세요. 제품의 소유자가 고객님인 경우 자사 제품 설치로 인해 기존에 설치되어있던 제품을 분리해야할 시 자사제품 타사제품 관계없이 소유자가 고객님인 경우 구독계약기간 만료로 제품의 소유권이 고객님에게 이전된 경우 SK매직에서 제품 회수를 진행하는 경우를 확인해 주세요. 구독 계약 중도 해지 등 제품의 소유자가 SK매직인 경우 모델 서비스 주체에 따라 내용에 차이가 있을 수 있습니다.,,없음
구독/멤버십제도,제품을 구독해서 사용하고 있는데 지금 사용하고 있는 제품을 일시불로 구매할 수 있나요?,구독로 사용하고 계신 제품은 일시불 구매 전환이 불가합니다.,,없음
구독/멤버십제도,제품을 여러 개 구독하려고 하는데 어떤 혜택을 받을 수 있나요?,개인 또는 사업자 등 구독 계약 유형에 따라 할인 혜택이 상이 할 수 있습니다 .,,없음
요금납부,결제방법을 변경하고 싶어요.,[서비스센터 홈페이지-결제정보변경] 을 통해 계약자 명의 카드로 변경 가능합니다. 계좌등록 직계가족 명의 결제정보는 서비스센터 홈페이지를 통해 처리가 불가합니다.,,없음
요금납부,구독료를 매직몰 포인트로 납부할 수 있나요?,매직몰 사이트에서 사용중인 구독제품 구독료를 매직몰 포인트로 납부 신청할 수 있습니다. (개인/개인사업자 회원 한정 법인회원 신청 불가) 신청방법 : 마이페이지 - MY혜택 - 구독료 포인트 납부 신청 및 취소기간 : 매월 5일 ~ 말일(예시 : 1월 5일부터 31일까지 다음달 회차부터 최대 4개월까지 구독료 포인트 납부 신청 및 취소 가능합니다.) 기타유의사항 포인트 납부 신청은 매월 말일까지 홈페이지를 통해 신청 및 취소가 가능합니다. 포인트 납부 신청 내역 취소는 청구일이 가장 많이 남은 회차부터 취소 신청 가능합니다. 구독료 미납/연체 및 명의변경시에는 포인트로 구독료를 납부하실 수 없습니다. 포인트 납부는 수납 예정금액 전액 납부만 가능합니다. (부분 납부 불가) 포인트는 1P 당 1원으로 책정되며 포인트 정책은 변경 될 수 있습니다. T멤버십 할인 등 중복 할인이 적용된 계약에 대해서는 적용이 불가합니다. 납부완료 이후에는 납부수단 변경 및 포인트 반환이 되지 않습니다. 포인트납부 완료여부는 마이페이지에서 확인 가능하며 알림톡으로 안내드리고 있습니다. 구독료 포인트 납부 신청하기(매직몰 링크 ),,없음
요금납부,자동이체 해지하고 싶어요.,자동이체 해지는 불가하며 다른 납부방법으로 변경만 가능합니다. 결제정보변경을 원하실 경우 [서비스센터 홈페이지-결제정보변경] 를 통해 계약자 명의 카드로 변경하실 수 있습니다.,,없음
요금납부,미납시 연체이자가 발생하나요?,현재는 미납 시 연체이자가 부과되지 않습니다. 단 월 구독료 3회 이상 연체시 정기점검을 포함한 제반 관리 서비스가 중지되며 고객님의 연체 정보를 신용정보업체에 등록할 수있습니다.,,없음
요금납부,이번달 세금계산서가 발행되지 않았어요. 이유를 알 수 있나요?,구독료를 카드로 납부하고 계십니까? 구독료를 카드로 납부하실 경우 세금계산서가 발행되지 않습니다. 카드매출전표가 필요하실 경우 [납입내역조회] 를 이용하여 주시기 바랍니다. 구독료 면제 프로모션을 적용 받고 계십니까? 학교할인(1월 8월) 또는 6개월 면제 프로모션 등 구독료 면제 해당 월에는 세금계산서와 지로가 발행되지 않습니다. 구독료를 선납하셨습니까? 선납 후 선납금액에 대한 세금계산서를 발행받으셨다면 세금계산서 미발행 상태로 변경되기 때문에 발행되지 않습니다. 세금계산서 발행일자를 변경하셨습니까? 고객상담센터로 별도 발행 일자를 요청하셨을 경우 요청일에 맞춰 발행됩니다. 요청하신 날짜에 수신 여부를 재확인해주시기 바랍니다.,,없음
요금납부,매월 구독료 청구서를 받아볼 수는 없나요?,별도의 청구서는 발행되지 않습니다. 수납 내역 확인이 필요하신 경우 [필요서류다운로드] 에서 수납내역서 및 관련 서류 확인이 가능합니다.,,없음
요금납부,구독료 현금영수증 발행이 가능한가요?,결제정보를 계좌로 등록하여 납부하셨을 경우 등록되어 있는 계약자 휴대폰번호로 현금영수증이 발행됩니다. 발행된 현금영수증은 매달 국세청에서 확인이 가능합니다. (단 카드결제고객/개인사업자/법인 사업자 제외) 계약자 휴대폰 번호는 [서비스센터 홈페이지-회원정보수정] 를 통해 변경 가능합니다.,,없음
요금납부,해약하면서 납부한 금액이랑 세금계산서 발행 금액이 왜 다른 건가요?,과세법상 위약금은 세금계산서 발행 항목에 포함되지 않습니다. 위약금을 제외한 설치비 등록비 철거비 일수금 항목에 대해서만 세금계산서가 발행됩니다. 발행은 언제되나요? 해약 확정 후 2-3일 이내 자동 발급됩니다.,,없음
요금납부,구독료가 이중출금 됐어요. 자동으로 환불 되나요?,구독료가 이중출금 되었다면 다음달 구독료로 자동 수납 반영됩니다.,,없음
요금납부,계약자가 아닌 다른 사람이 구독료를 대신 납부할 수 있나요?,계약자의 정보확인이 가능하다면 타인도 구독료 납부 가능합니다. 납부자 본인이 직접 연락주셔야 가능하며 구독 계약자의 정보확인이 불가한 경우 납부가 불가합니다. 타인 명의 결제 수단으로 일회성 납부만 가능하며 자동이체 등록은 불가합니다. 자동이체 등록 시에는 계약자의 직계가족(부모 배우자 성인자녀 조부모 성인손주 해당/형제 자매 미해당)에 한해 등록 가능합니다.,,없음
요금납부,구독료를 선납할 경우 할인이 있나요?,구독료 는 12개월(1년) 단위로 선납 시 할인 적용이 가능합니다. 단체할인 학교할인 멤버쉽 계약 임직원할인 패키지 크로스 등 일부 계약은 선납에 따른 중복할인 적용이 불가합니다. 미납금을 포함한 선납 할인 적용은 불가하며 선납 할인 적용된 금액 환불은 불가합니다.,,없음
요금납부,개인사업자인데 그동안 개인으로 되어 있어서 세금계산서를 받지 못했습니다. 이러한 경우 이전 납입 분에 대한 세금계산서를 받을 수 있나요?,결제정보를 계좌로 등록하여 납부하셨을 경우 등록되어 있는 계약자 휴대폰번호로 현금영수증이 발행됩니다. 부가가치세 신고를 위해 지출 증빙용 현금영수증으로 용도 전환이 필요하실 경우 국세청을 통해 고객님께서 직접 지출 증빙용 현금영수증으로 용도전환 신고를 하셔야 합니다. 단 결제정보를 카드로 등록하여 납부하셨을 경우 세금계산서 및 현금영수증은 발행되지 않습니다.,,없음
요금납부,구독료 6개월 면제라고 들었는데 계속 납부되고 있어요. 이유가 뭔가요?,구독료 6개월 면제 프로모션은 계약기간 60개월 중 총 6회에 적용됩니다. 정해진 회차에 면제 프로모션 적용되므로 연달아 적용되지 않습니다. 2020년 3월 이전 계약의 경우 (1 13 25 37 47 60회차) 면제 프로모션이 적용됩니다. 2020년 4월 이후 계약의 경우 (3 13 25 37 47 60회차) 면제 프로모션이 적용됩니다.,,없음
요금납부,세금계산서는 꼭 이메일로만 발행되나요?,전자세금계산서로 발행되므로 이메일 발송만 가능합니다. 발행된 전자세금계산서는 국세청에서도 확인하실 수 있습니다.,,없음
요금납부,크로스 패키지 사용 중인데 홈페이지에서 납부방법 변경 가능한가요?,크로스/패키지 결합 계약건도 서비스센터 홈페이지를 통해 결제정보 변경이 가능합니다. 단 계약자 본인 명의의 카드로 변경이 가능하며 크로스/패키지 결합 제품은 모두 동일한 예금주(카드주)께서 납부하셔야 합니다.,,없음
요금납부,SK매직 구독 제품을 설치 후 사용한지 아직 한달이 채 되지 않았습니다. 그런데 한달 분이 모두 결제(출금)되었습니다. 왜 그런거죠?,구독료는 설치 다음 달 부터 회차별로 납부됩니다. 회차별 납부란 (예시)계약기간 60개월 동안 총 60회 수납하는 방식입니다. 설치하신 다음 달부터 정기결제일에 맞춰 구독료 수납이 시작됩니다.,,없음
요금납부,세금계산서 수신승인 기한이 정해져 있나요?,발행된 세금계산서의 수신승인 기한은 따로 정해져 있지 않습니다. 수신승인을 하지 않더라도 발행 익일 국세청(홈텍스)으로 자동 전송됩니다.,,없음
요금납부,이번달에 받은 세금계산서는 지난달 사용분인가요?,이번달에 발행된 세금계산서는 당월 수납하실 구독료에 대한 청구 세금계산서입니다.,,없음
요금납부,SK매직 세금계산서에 종사업장 번호 기재하여 발행 가능한가요?,종사업장 번호 기재하여 발행 가능합니다. 종사업장 번호는 임의로 기재되어 발행되지 않습니다.,,없음
요금납부,전자세금계산서 수신 거부할 경우 자동 수정 발행 가능한가요?,자동 수정 발행은 불가합니다. 고객님께서 수신 거부하시는 사유에 대해 직접 수정 요청하셔야 원하시는 정보로 변경하여 재발행 가능합니다.,,없음
요금납부,세금계산서에 업태 업종이 틀리게 발행된 경우 세금신고에 문제가 없나요?,임의적 기재사항은 기재하지 않거나 다르게 기재되어 있어도 세금계산서 효력에는 영향을 미치지 않습니다. 업태 업종은 임의적 기재사항에 해당하므로 영향을 미치지 않습니다.,,없음
요금납부,폐업된 사업자에게 세금계산서 발행 시 공급자와 공급받는 자의 불이익은 없나요?,세금계산서 발행 후 국세청 전송 시 존재하지 않는 사업자번호이면 자동 전송실패 처리됩니다. 발행 이후 폐업사업자의 요청이 있으면 수정발행 가능합니다.,,없음
제휴카드,제휴카드 발급 후에 SK매직으로 할인등록이라는 걸 해야한다던데요. 어떻게 하는 건가요?,SK매직 제휴카드를 발급받았어요. SK매직 카드 할인등록 방법을 알려주세요. [서비스센터 홈페이지-결제정보변경] 바로가기 SK매직 제휴카드로 SK매직 구독료 '자동이체 등록'을 하셔야 카드사의 청구할인 적용 가능합니다. 카드사는 자동이체로 결제 된 'SK매직 정기 결제내역'을 청구 할인 대상으로 확인합니다. 자동이체 등록 된 제휴카드로 구독료가 정기 결제일에 승인될 경우 카드사에서 고객님 전월 실적 충족 여부에 따라 청구할인 적용을 해드립니다.,,없음
제휴카드,지금 사용하는 카드가 SK매직 제휴카드인지 어떻게 확인할 수 있나요?,SK매직 제휴카드인 경우 카드 앞면에 'MAGIC' 또는 'SK매직'이라고 기재되어 있습니다. 카드사를 통해 제휴카드 발급 후 카드 수령 및 사용등록 완료 시 해당 카드로 SK매직 구독료 자동이체 등록하셔야 합니다. 제휴카드 할인은 카드사별 전월 실적 충족 기준에 따라 청구 할인 적용됩니다. SK매직 제휴카드 혜택보기,,없음
제휴카드,체크카드로 요금 자동이체등록할 수 있나요?,체크카드로 자동이체 등록 가능합니다. 체크카드와 연결된 계좌에 잔고가 부족할 경우 승인이 거절되므로 반드시 계좌의 잔고를 확인해 주세요. 분실 및 도난 등의 사유로 카드를 재발급 받으셨을 경우 해당 카드로 구독료가 결제될 수있도록 자동이체 변경하셔야 합니다.,,없음
제휴카드,카드 분실 도난 등으로 구독료 결제를 못한 경우에는 어떻게 하나요?,카드사로부터 카드를 재발급 받으신 후 SK매직에 자동이체 등록 부탁드립니다. 카드를 새로 발급 받으셨을 경우 새로운 카드번호가 SK매직에 자동으로 자동이체 등록되지 않습니다. 제휴카드 경우 기한 내 구독료가 결제되지 않을시 청구 할인 적용이 안될 수 있습니다.,,없음
제휴카드,카드 발급이 되면 자동으로 SK매직 구독료 결제가 되나요?,제휴카드 발급 후 해당 카드로 SK매직 구독료 자동이체 등록을 하셔야 할인적용 가능합니다. SK매직 구독료가 해당 카드로 승인되어야 카드사에서 고객님 전월 실적 충족여부에 따라 청구할인 적용을 해드립니다. 결제정보변경을 원하실 경우 [결제정보변경] 메뉴를 통해 계약자 명의 카드로 변경하실 수 있습니다.,,없음
제휴카드,SK매직 제휴카드를 발급해서 사용하기만해도 구독료 할인되나요?,제휴카드 카드 발급 및 수령 후 반드시 SK매직 구독료 가 해당 카드로 결제될 수있도록 자동이체 신청하셔야 합니다. 구독료가 해당 카드로 결제되어야 카드사에서 고객님 전월 실적 충족여부에 따라 청구할인 적용을 해드립니다. 해당 카드로 자동이체 등록을 하셨음에도 할인 적용이 되지 않았다면 해당 카드사로 문의 부탁드립니다.,,없음
제휴카드,멤버쉽 계약 건도 제휴카드 할인 적용 가능한가요?,네 가능합니다. 카드사를 통해 제휴카드 발급 후 카드 수령 및 사용등록 완료 시 해당 카드로 구독료 자동이체 등록하셔야 할인적용 가능합니다.,,없음
제휴카드,제휴카드로 구독료를 납부하고 있었는데 신제품으로 교체 시에는 카드도 교체 발급해야 하나요?,아닙니다. 카드와 제품이 결합되는 것이 아니기 때문에 기존 사용하시던 제휴카드로 납부를 하시더라도 계속 할인 적용 가능합니다. 분실 도난 등의 사유로 카드를 재발급 받으셨을 경우 해당 카드로 구독료가 결제될 수 있도록 자동이체 변경 부탁드립니다.,,없음
제휴카드,제휴카드는 누구나 발급이 가능한가요?,아닙니다. 만20세 이상이면서 소득이 있는 자로 신용상에 문제가 없어야만 가능합니다. (일반 신용카드 발급 기준 동일) 제휴카드 발급 가능 여부 및 상세 문의는 고객님께서 직접 카드사로 문의 하셔야 합니다.,,없음
제휴카드,롯데카드사 제휴카드로 여러 대 구독료를 납부중인데 매월 할인 적용되는 금액이 다릅니다. 이유를 알 수 있나요,동일한 롯데 제휴카드로 2건이상 구독료 자동이체 시 먼저 승인되는 결제 건에 한해 월 1회 할인 적용됩니다. 여러 건의 구독료를 하나의 카드로 납부하고 계시다면 매월 결제 순서가 달라질 수 있어 할인 금액이 매월 동일하지 않을 수 있습니다. 통합결제 예시 구독료가 정수기 13900원 비데 12900원 2건을 통합 결제할 경우 합계 금액인 26800원으로 월 1회 승인됩니다.,,없음
제휴카드,제 명의로 제휴카드 발급이 불가합니다. 이런 경우 계약철회나 명의변경을 해야하나요?,계약자 기준으로 직계가족(부모 배우자 성인자녀 조부모 성인 손주) 명의 제휴카드로 변경 가능합니다. 서비스센터 홈페이지에서는 계약자 본인 명의 카드로만 변경 가능합니다.,,없음
제휴카드,전월 미납으로 당월 2회 결제 시 2회 모두 할인 가능한가요?,아니오. 월 1회만 가능합니다. 제휴카드 청구 할인 적용은 카드사에서 제공하는 서비스입니다. 월 1회 청구할인 적용되며 전월 미적용 혜택에 대해 소급 적용이 불가합니다. 전월 미납금액과 당월 구독료가 2회에 걸쳐 승인되더라도 정해진 할인 한도 내에서만 청구할인 받으실 수 있습니다. 제휴카드 관련 자세한 사항은 카드사로 문의 부탁드립니다.,,없음
제휴카드,SK매직 제휴카드의 혜택은 무엇인가요?,카드사 전월 실적에 따라 구독료 월 1회 청구 할인됩니다. 카드사별 전월 실적 충족 기준 및 자세한 사항은 고객님께서 직접 카드사로 문의 하셔야 합니다.,,없음
제휴카드,할인이 안되었는데 SK매직에서 사유 확인 가능한가요?,제휴카드로 SK매직 구독 료 자동이체 등록 하셨나요? 제휴카드로 구독료가 납부되어야 차후 카드사에서 청구할인 적용 가능하므로 제휴카드로 자동이체 변경 부탁드립니다. 제휴카드로 SK매직 구독 료가 결제되어 승인문자를 받으셨나요? 제휴카드 할인은 청구할인으로 진행됩니다. 구독료 결제 시점에는 항상 구독료 전액 승인되며 할인여부는 카드사 청구서를 통해 확인 가능합니다. 카드사 청구서(실적)를 확인하셨나요? 해당 청구서에 SK매직 정기 결제내역이 포함되어 있는데도 할인 미적용되었다면 정확한 사유는 고객님께서 직접 카드사로 문의 부탁드립니다. 전월 실적(청구서실적)이 30만원 이상인지 확인 필요하나 개인정보보호법에 의거하여 SK매직에서는 확인 불가합니다. 제휴카드 무실적 기간 및 실적 제외 항목 보기 장기 할부 서비스(무이자 프로모션) 캐시백 혜택 이용 중이신가요? SK매직 스페셜 롯데카드 장기할부 서비스와 구독료 청구할인 서비스는 중복 적용되지 않습니다.,,없음
제휴카드,구독료 면제 프로모션 이용 중인데 제휴카드 청구할인 적용 가능한가요?,SK매직 이벤트(프로모션)로 이번 달 구독 료를 전액 면제 받기로 했어요. 제휴카드 청구할인 적용이 가능한가요? 구독료 면제 프로모션에 해당하는 월에는 SK매직에서 고객님의 카드로 청구할 구독료가 없으므로 카드사 청구할인 적용이 불가합니다. 제휴카드 청구할인 적용 방법을 알고싶어요. ① SK매직 제휴카드사를 통해 SK매직 제휴카드를 발급해주세요. ✔카드사는 자동이체로 결제 된 'SK매직 정기 결제내역'을 청구 할인 대상으로 확인합니다. ✔ 카드사 이용 대금 청구서에 SK인텔릭스 정기 결제내역이 포함되어 있는데 할인 미적용되었다면 정확한 사유는 카드사를 통해 확인해주세요. ③ 카드사의 전월 실적이 충족되어야 청구할인 받을 수 있습니다. ✔ 예를들어 '무이자할부 현금서비스/카드론 연회비 수수료' 등 카드사마다 이용 실적에서 제외되는 카드 이용대금이 존재합니다. ✔ 카드사마다 다르게 운영됨으로 정확한 운영 기준은 카드사 홈페이지 또는 카드 발급 시 제공되는 이용 약관을 참고해주세요. ✔ 카드 이용대금이 충족되었는데 할인 미적용되었다면 정확한 사유는 카드사를 통해 확인해주세요. SK매직 결제정보 등록 기준 SK매직의 결제정보 등록 기준은 계약자 를 기준으로 ' 직계가족 '과 ' 배우자 ' 만 등록이 가능합니다. 직계가족 : 계약자 기준 부모/조부모/자녀/손주/ 외조부모/외손자손녀 (미성년자 제외) 사업자고객이신 경우 '개인' 명의 카드 등록이 불가합니다. 계약자로 등록 된 사업자명과 동일한 CMS계좌 카드 등록만 가능함으로 제휴카드 발급 전 '계약자명'을 확인해주세요.,,없음
제휴카드,제휴카드 한 장으로 제품을 여러 대 납부하면 할인금액도 늘어나나요?,자동이체 승인 건이 여러 건인 경우 우선 매입되는 1건에 한해 할인 적용됩니다. 하나카드 국민카드 우리카드 현대카드 경우 월 할인 한도 내에서 합산 할인 가능하며 SK매직 스폐셜 롯데카드의 경우 2건 이상 결제 시 먼저 승인된 금액에 대해서만 월 1회 할인 적용됩니다. 제휴카드 할인 혜택은 카드사에서 제공하는 서비스로 자세한 사항은 카드사로 문의 부탁드립니다.,,없음
제휴카드,여러 대 사용 중인데 각각 다른 제휴카드로 결제를 하면 건 별로 할인을 받을 수 있나요?,제휴 카드 별 할인 실적만 충족된다면 각 카드 결제 건마다 청구할인 가능합니다. 단 제휴카드 청구할인 적용은 카드사에서 제공하는 서비스로 카드 수령 시 제공되는 카드상품 안내장 확인 또는 카드사 고객센터로 확인 부탁드립니다.,,없음
제휴카드,언제부터 30만원 이상 사용해야 청구할인을 받을 수 있나요?,제휴카드 청구할인 적용은 카드사에서 제공하는 서비스로 카드 수령 시 제공되는 카드상품 안내장 확인 또는 카드사 고객센터로 확인 부탁드립니다.,,없음
제휴카드,카드 할인 시 카드고지서에 어떻게 표시되나요?,제휴카드 할인 혜택 경우 카드사에서 제공하는 서비스입니다. 카드사에서 고객님께 발행하는 이용대금 청구서 내 이번 달 혜택금액 또는 할인 금액(또는 승인내역)에서 확인 가능합니다. 제휴카드 할인적용 및 이용대금 청구서 관련 등 자세한 문의는 카드사로 문의 부탁드립니다.,,없음
제휴카드,구독료 10%할인 프로모션 이용 중인데 제휴카드 청구할인 적용 가능한가요?,구독료가 청구된다면 전월 실적 충족 시 청구할인 적용 가능합니다. 카드사를 통해 제휴카드 발급 후 카드 수령 및 사용등록 완료 시 해당 카드로 구독료 자동이체 등록하셔야 할인적용 가능합니다.,,없음
제휴카드,구독료가 1만3천원보다 작은 금액이 결제된 경우에도 1만3천원 할인이 되나요?,할인 가능한 금액보다 자동이체 금액이 적을 경우 승인 금액만큼 할인이 적용됩니다. (예시) 제휴카드 전월 실적 충족하여 할인 가능한 금액 13000원이지만 구독료 12900원 결제된 경우 12900원만 할인적용,,없음
제휴카드,전월 실적은 어떤 방식으로 산정되는 건가요?,제휴카드 할인은 SK매직이 아닌 카드사에서 사용실적에 따라 제공하는 청구할인 서비스입니다. SK매직은 카드사와의 제휴사로 카드사 별 기본 혜택이 상이합니다. 전월실적 산정 방법 또는 카드 서비스 제공 조건 등의 정확한 카드 상품 안내 고지는 해당 카드사로 문의 부탁드립니다. SK매직 제휴카드 혜택보기 SK매직 제휴카드사 안내 우리카드 롯데카드 국민카드 삼성카드 하나카드 현대카드 광주은행 KJ카드,,없음
제휴카드,제휴카드에 교통카드 기능이 있나요?,네. 카드 발급 시 교통카드 기능 탑재 요청하시면 교통카드로 이용 가능 합니다. 교통카드 기능 탑재하여 재발급하실 경우 카드 수령 후 반드시 SK매직 자동이체 방법 변경하셔야 할인 가능합니다.,,없음
제휴카드,법인카드로도 SK매직 제휴카드 발급 가능한가요?,법인사업자의 경우 SK매직 제휴카드 발급이 불가능합니다. 개인명의로만 발급 가능합니다.,,없음
히터,AS 신청은 어떻게 하나요,제품별 AS 서비스 업체가 다를 수 있어요 아래 내용을 확인해 주세요. 다음 내용을 확인해 주세요 CRHD0714E/1024E/1326E/1641E/2061E CRH1023/1325/1640/2060/1024/1326/1641/2061 모델의 서비스가 필요하신가요? 전문업체의 서비스가 필요합니다. 서비스 접수는 [대성하이원 ☎031-358-7034]을 이용해 주세요. CRHT1024E/1427E/1745E/2063E 모델의 서비스가 필요하신가요? 전문업체의 서비스가 필요합니다. 서비스 접수는 [이파람 ☎1522-2029]을 이용해 주세요. 그 외 모델의 서비스가 필요하신가요?,,없음
믹서기,버튼작동이 안돼요 작동중 멈췄어요,전원 상태를 확인해 주세요. 전원코드선이 빠져있다면 다시 연결하여 사용해 주세요. 전원코드선이 연결되어 있으나 작동하지 않는 경우 다른 콘센트에 연결하여 확인해 주세요. 스텐용기와 본체 뚜껑의 조립 상태를 확인해 주세요. 스텐용기와 본체와 용기의 뚜껑이 정확하게 조립되었는지 확인해 주세요. 뚜껑은 딱! 하는 소리가 날때까지 조립해 주세요. 모터 과열로 작동중 멈춘 경우 확인해 주세요. 연속 사용시 모터가 과열될 수 있으므로 1분 단위로 작동 멈춤을 반복하여 사용해 주세요. 작동중 멈춘 경우 전원코드선을 뽑은 뒤 2-3시간 후 재사용해 주세요. 버튼 누름 상태를 확인해 주세요. 순간 버튼을 누르고 있는 상태에서만 작동됩니다. 저속 고속 정지 버튼을 눌러도 반응이 없다면 서비스 점검이 필요합니다. 모델에 따라 내용에 차이가 있을 수 있습니다.,,없음
냉장고,냉장이 안돼요 냉기가 없어요 (RFGB2491 RFGTB241),온도 램프가 점등되어 있는지 확인해 주세요. 도어를 열면 내부 램프가 켜지고 상부 냉장실 우측에 온도 램프가 점등되어 있는지 확인해 주세요. 도어를 열어도 내부 램프 또는 온도 램프가 소등되어 있는 경우 * (눈꽃) 버튼을 3초간 누르면 전원이 켜지며(ON) 10초간 누르면 전원이 꺼집니다.(OFF) 전원이 켜지지 않는 경우 전원코드선 연결 상태 또는 콘센트 상태를 확인해 주세요. 온도를 재설정하여 사용해 주세요. 기존에 설정해 둔 온도보다 낮은 온도로 변경한 뒤 확인해 주세요. 2도 아래 * (눈꽃) 버튼을 3초간 누르면 전원이 켜지며(ON) 10초간 누르면 전원이 꺼집니다.(OFF) 온도 변경시 * (눈꽃) 버튼을 3초간 누르면 온도램프가 점멸되며 잠금이 해제됩니다. 잠금해제 후 온도설정이 가능합니다. 2℃ 4℃ 6℃ 8℃ 4단계로 설정이 가능하며 * (눈꽃) 버튼을 1회씩 누를때 마다 온도가 변경됩니다. 냉장고 하단에 통풍구에 막힘이 없는지 확인해 주세요. 냉장고가 작동하며 발생하는 열기를 순환해 주는 부분으로 막힘이 없어야 합니다.,,https://static.service.skmagic.com/editor/faq/ckimg/9c7b9c3140044d489c024a3daabd8e00.png|https://static.service.skmagic.com/editor/faq/ckimg/e135000f094c4af3b98ec71e7830e0b0.png|https://static.service.skmagic.com/editor/faq/ckimg/52de31ccf7b3431193b5efcc06165598.png
커피머신,AS 및 케어 서비스 신청은 어떻게 하나요?,필립스 커피머신의 AS가 필요하신가요? 전문업체의 서비스가 진행됩니다. 서비스 접수는 [POK ☎1661-0083]을 이용해 주세요. 필립스 커피머신의 안심OK서비스가 필요하신가요? SK매직의 전문 MC가 4개월 주기로 방문합니다.,,없음
전기온수기,물이 새요 (CBRH020 CBRH030),제품에서 누수가 발생하는 경우 확인해 주세요. 다음 내용을 확인해 주세요 본체에서 누수가 발생하나요? 안전밸브가 설치되어있지 않은 경우 강한 압력으로 인하여 누수나 파손이 발생할 수 있습니다. 반드시 안전밸브를 설치하여 사용해 주세요. 안전밸브에서 누수가 발생하나요? 제품의 최고사용압력은 0.7Mpa로 최고사용압력 이상 초과시 안전밸브 연결호스에서 물이 새어나올 수 있으며 제품의 고장이 아닙니다.,,없음
세탁기,[E10] 표시가 떠요,표시창에 E10 표시가 떠있나요? 급수가 정상적으로 되지 않아 발생하는 표시입니다. 설치된 수전이 단수가 되었다면 제품의 전원을 꺼둔 상태로 수돗물이 정상적으로 공급될때까지 기다려 주세요. 급수밸브 거름망을 청소해 주시고 급수호스가 눌리거나 꺾여있지는 않은지 확인해 주세요. 겨울철 영하의 날씨로 급수호스가 결빙되었다면 호스 선을 따뜻한 물수건으로 감싸서 녹여주세요. 수도밸브가 잠겨있다면 밸브를 열어주세요. 위 내용에 해당되지 않으나 E10 표시가 발생할 경우 전원코드를 분리한 뒤 30초 후 다시 연결하여 확인해 주세요.,,없음
전기온수기,전원이 안들어와요/작동 중 전원이 꺼져요/차단기가 내려가요,제품의 전원이 전혀 들어오지 않거나 사용중 갑자기 전원이 꺼진 경우 확인해 주세요. 다음 내용을 확인해 주세요 제품의 전원코드선이 연결된 콘센트를 확인해주세요. 제품의 전원코드선이 콘센트에 정상적으로 잘 연결되어 있는지 확인해 주세요. 제품의 전원코드선이 콘센트에 연결되어 있다면 해당 콘센트에 드라이기 등 소형 전기제품를 연결하여 콘센트의 전원공급 상태가 정상인지 확인해 주세요. 콘센트에 여러 제품을 연결하여 사용시 전력 과부하로 인해 누전차단기가 내려가거나 작동 중 전원이 꺼질 수 있으므로 제품을 단독으로 연결하여 사용해 주세요. 설치된 장소에 누전차단기를 확인해주세요. 제품이 설치된 장소에 누전차단기(두꺼비집)가 내려가 있는건 아닌지 확인해 주세요. 누전차단기가 내려가 있다면 다시 원상복구하여 사용해 주세요. <누전차단기 예시 이미지> 멀티콘센트로 연결하여 사용하는 경우 멀티콘센트를 확인해주세요. 멀티콘센트의 노후화로 작동이 안될 수 있으니 멀티콘센트를 교체한 후 확인해 주세요. ON/OFF스위치가 없는 정격용량 250V 16A 이상의 멀티콘센트를 사용해 주세요. 벽면콘센트와 멀티콘센트에 여러 제품을 연결하여 사용시 전력 과부하로 인해 누전차단기가 내려가거나 작동 중 전원이 꺼질 수 있으므로 제품을 단독으로 연결하여 사용해 주세요.,,https://static.service.skmagic.com/editor/faq/ckimg/fd4359036ae44ec48d81b67ad5a67c37.png
히터,전원이 안들어와요/작동 중 전원이 꺼져요/차단기가 내려가요,제품의 전원이 전혀 들어오지 않거나 사용중 갑자기 전원이 꺼진 경우 확인해 주세요. 다음 내용을 확인해 주세요 제품의 전원코드선이 연결된 콘센트를 확인해주세요. 제품의 전원코드선이 콘센트에 정상적으로 잘 연결되어 있는지 확인해 주세요. 제품의 전원코드선이 콘센트에 연결되어 있다면 해당 콘센트에 드라이기 등 소형 전기제품를 연결하여 콘센트의 전원공급 상태가 정상인지 확인해 주세요. 콘센트에 여러 제품을 연결하여 사용시 전력 과부하로 인해 누전차단기가 내려가거나 작동 중 전원이 꺼질 수 있으므로 제품을 단독으로 연결하여 사용해 주세요. 설치된 장소에 누전차단기를 확인해주세요. 제품이 설치된 장소에 누전차단기(두꺼비집)가 내려가 있는건 아닌지 확인해 주세요. 누전차단기가 내려가 있다면 다시 원상복구하여 사용해 주세요. <누전차단기 예시 이미지> 멀티콘센트로 연결하여 사용하는 경우 멀티콘센트를 확인해주세요. 멀티콘센트의 노후화로 작동이 안될 수 있으니 멀티콘센트를 교체한 후 확인해 주세요. ON/OFF스위치가 없는 정격용량 250V 16A 이상의 멀티콘센트를 사용해 주세요. 벽면콘센트와 멀티콘센트에 여러 제품을 연결하여 사용시 전력 과부하로 인해 누전차단기가 내려가거나 작동 중 전원이 꺼질 수 있으므로 제품을 단독으로 연결하여 사용해 주세요. 제품의 전원스위치가 켜져있나요? 전자식제품의 경우 우측에 전원 스위치가 있으므로 스위치 설정 상태를 확인해 주세요. 기계식제품의 경우 단수를 0 으로 설정한 경우 전원이 차단되므로 설정 단수를 확인해 주세요.,,https://static.service.skmagic.com/editor/faq/ckimg/a841d5ce882c4b6dace0f87ad3e0f87a.png
전기온수기,설치 및 사용시 주의사항은 무엇인가요,설치 및 사용 전 주의사항을 확인해 주세요. 다음 내용을 확인해 주세요 설치시 주의사항을 확인해 주세요. 누전에 의한 감전사고나 고장이 발생할 수 있으므로 반드시 눈 빗물 동파 등의 영향을 받지 않는 실내에 설치해 주세요. 전원코드선을 AC220V 벽면 콘센트에 단독으로 연결하여 사용해 주세요. 콘센트에 여러 제품을 연결하여 사용시 전력 과부하로 인해 누전차단기가 내려가거나 작동 중 전원이 꺼질 수 있으므로 제품을 단독으로 연결하여 사용해 주세요. 습도가 85%이하로 낮으며 배수가 원할한 장소에 설치해 주세요. 필요시 제품 A/S가 가능하도록 제품의 상하좌우 최소 500mm이상 확보된 공간에 설치해 주세요. 온수탱크안의 압력이 완화될 수 있도록 안전밸브를 반드시 설치해 주세요. 사용시 주의사항을 확인해 주세요. 과열 등으로 제품이 고장날 수 있으므로 반드시 물을 완전히 채운 후 전원을 공급해 주세요. 급수용 밸브는 항시 열린 상태로 사용해 주시고 장기간 미사용시에만 급수밸브를 잠가 주세요. 드레인 호스를 반드시 연결하여 사용해 주세요. 온수 전용으로 사용하고 절대 음용수로 사용하지 마세요. 안전을 위해 젖은 손으로 제품 또는 전원코드선을 만지지 마세요. 온수배관부분은 높은 온도로 화상이 발생할 수 있으므로 신체가 닿지 않도록 주의해 주세요. 온수기 설치 및 교체 폐기는 안전사고가 발생할 수 있으니 전문가를 통한 진행을 권장합니다.,,없음
냉장고,냉장고에서 여러가지 소리가 나요,냉장고 동작시 나타나는 소리를 확인해 주세요. 우웅~ 위잉~ 소리는 압축기가 작동할 때 발생하는 정상 소음입니다. 부글부글 꾸륵 슈욱 소리는 냉매가 액체와 기체로 변환되는 과정에서 발생하는 정상 소음입니다. 물 흐르는 소리는 내부의 성애가 녹아 흐를때 발생하는 정상 소음입니다. 덜컹 뚝딱 딱딱 드륵 소리는 내부 온도변화에 부품이 수축 팽창하며 발생하는 정상 소음입니다. 정수기 동작시 나타나는 정상 소리가 아닌 다른 소리가 지속적으로 발생하나요? 냉장고에서 소음이 크게 나는 경우 냉장고가 설치된 바닥이 평평한지 냉장고 위에 올려둔 물건은 없는지 확인해 주세요. RFGB2491 RFGTB241 모델의 경우 냉장고 뒷면 물받이가 단단히 고정되어있는지 확인해 주세요.,,없음
상업용 스팀오븐레인지,온도와 시간 설정 방법이 궁금해요 (CONF303S),일반 가정용 제품과 다르게 상업용 제품은 수동 요리시 온도와 시간 설정이 제한적입니다. 오븐 기능 사용시 온도 시간 설정 방법 온도는 140~200℃ 까지 설정 가능합니다. 시간은 최대 1시간까지 설정 가능합니다. 구이 기능 사용시 온도 시간 설정 방법 그릴 히터를 이용하므로 온도 설정이 불가합니다. 시간은 최대 30분까지 설정 가능합니다. 레인지 기능 사용시 온도 시간 설정 방법 고주파 출력을 이용하므로 온도 설정이 불가합니다. 시간은 최대 3분까지 설정 가능합니다.,,없음
상업용 튀김기,설치시 주의사항은 무엇인가요,가스 튀김기를 설치하는 경우 확인해 주세요. 환기가 잘되는 곳에 설치해 주세요. 반드시 배기후드로 배출할 수 있도록 배기 장치를 이용해 주세요. 가스 시공은 가스안전공사에 의뢰하여 설치해 주세요. 중간밸브는 업소용으로 설치해 주세요. 배기가스가 나오는 부분 및 벽체는 단열재로 설치해 주세요. 전원코드는 AC 220V/60Hz 로 연결해 주세요. 전기 튀김기를 설치하는 경우 확인해 주세요. 튀김기의 전원은 별도의 차단기를 통해서 연결해 주세요. 차단기의 규격은 정격 250V/30A 2개 전원선의 규격은 5.5㎟ 이상 KS 규격품을 사용해 주세요. 기기 배선 시 플러그와 콘센트는 사용하지 말아주세요.,,없음
히터,[E1] 표시가 떠요 (CRHD1024E CRHD1326E CRHD1641E CRHD2061E),표시창에 E1 이 뜨는 경우 증상을 확인해 주세요. 다음 내용을 확인해 주세요 CRHD1024E  CRHD1326E CRHD1641E CRHD2061E 모델에서 E1 표시가 뜨고 작동이 안되나요? 버너가 점화되지 않아 발생하는 표시입니다. 기름이 떨어졌다면 기름 보충 후 전원버튼을 2회 눌러 재운전시켜 확인해 주세요. 공기 배출을 위해 공기빼기 나사를 왼쪽으로 3바퀴 정도 돌린 뒤 전원스위치를 누르면 '띠'하는 소리가 발생하고 4초 후 공기빼기 나사를 잠근 후 전원버튼을 2회 눌러 재운전시켜 확인해 주세요.,,없음
선풍기,선풍기 날개가 돌아가지 않아요.,전원 상태와 제품의 상태를 확인하여 주세요. 전원 코드선이 빠져있다면 다시 연결하여 사용해 주세요. 전원 코드선이 연결되어 있어도 날개가 돌아가지 않는 경우 다른 콘센트에 연결하여 확인해 주세요. 안전망이 변형되어 날개와 부딪히는 부분이 없는지 확인해 주세요. 타이머의 다이얼이 ' 0 ' 의 위치에 설정되어있는지 확인해 주세요. 모델에 따라 내용에 차이가 있을 수 있습니다.,,없음
상업용 스팀오븐레인지,온도와 시간 설정이 안돼요,일반 가정용 제품과 다르게 상업용 제품은 수동 요리시 온도가 자동 설정 되어있습니다. 수동 요리시 온도가 200℃ 로 고정되어 있어 시간만 설정하여 사용이 가능합니다. 화면 표시창에 온도 200℃ 와 시간 10분이 표시되며 [수동/Pro] 다이얼을 돌려 요리시간을 설정한 후 시작버튼을 누르면 예열이 시작되고 예열이 완료되면 표시창에 [예열완료] 표시와 3회 부저음이 발생합니다. 일부 상업용 제품은 수동 요리시에도 온도 설정이 가능합니다. 적용모델 : CONF301 CONF303 CONFS501 모델에 따라 내용에 차이가 있을 수 있습니다.,,없음
이동식에어컨,[E2]표시가 떠요 물이 새요 (CPA072B CPA102B CPA122B),해당 제품은 냉방 운전시 발생하는 응축수를 배수시킬 필요는 없으나 주변 습도등에 따라 응축수가 자연 증발되기 전 내부에 물이 고일 수 있습니다. 물이 새거나 [E2]표시가 발생하는 경우 확인해 주세요. 배수 펌프 이상으로 발생하는 표시입니다. 수동으로 배수를 진행해 주세요. 수동배수 방법을 확인해 주세요. ①제품의 전원을 꺼주세요. ②제품 뒷면 수동배수구의 고무마개를 제거 후 살짝 기울여 물을 빼고 사용해 주세요. 조치 후에도 지속적으로 물이 새거나 [E2]표시가 발생하는 경우 확인해 주세요. 제품 이동시에는 물이 새어 나올 수 있습니다.,,https://static.service.skmagic.com/editor/faq/ckimg/f1752fa365854288b7605431bef40a41.png
히터,타는 냄새가 나고 '띠이익' 소리가 나요. (CRHC160 CRHC200),제품에서 타는 냄새 또는 소리가 발생하는 경우 확인해 주세요. 다음 내용을 확인해 주세요 점화 시 또는 점화 후 띠이이익 소리가 발생하나요? 점화시 열선에 전기가 전달될 때의 증상으로 열기가 적절히 발산된 후 사라집니다. 이 때 타는듯한 함께 발생될 수 있습니다. 제품 손질시 타는 냄새가 발생하나요? 히터 손질이 필요한 경우 반드시 전원 코드선을 뽑은 상태로 열기가 있다면 열기를 식히고 사용해 주세요.,,없음
이동식에어컨,배출구에 발열이 심해요 (CPA072B CPA102B CPA122B),제품 뒷면 배출구는 고온다습한 열을 외부로 배출시키는 곳으로 발열이 발생합니다. 배출구와 배출구 주변에 발열이 발생하는것은 정상입니다.,,https://static.service.skmagic.com/editor/faq/ckimg/ea349e710d644956b4fa06e34e22f679.png
써큘레이터,리모컨 작동이 안돼요,리모컨 상태를 확인해 주세요. 본체의 버튼으로는 정상적으로 작동되나 리모컨으로 조작시 반응이 없는 경우 리모컨의 건전지를 새것으로 교체해 주세요. 리모컨을 사용하는 경우 수신부가 있는 본체 가운데를 향하여 조작해 주세요. 권장거리는 3M이내 입니다.,,없음
세탁기,세제/유연제 사용 방법이 궁금해요,세제/유연제 사용 방법을 확인해 주세요. 드럼세탁기에는 드럼세탁기용 세제를 사용하고 세탁 코스별 적정량의 세제를 사용해 주세요. 천연가루세제는 녹지않고 남아있을 수 있으니 미지근한 물에 녹여서 사용해 주세요. 섬유유연제를 투입할 때 MAX(기준선)이하 까지만 넣어 주세요. 세제/유연제 투입구 위치를 확인해 주세요. 세제/유연제 사용시 주의사항을 확인해 주세요. 급수가 진행되는 도중 세제 투입구를 열면 물이 넘쳐 누수될 수 있습니다. 섬유유연제를 투입구에 장시간 방치하는 경우 유연제가 굳어 헹굼시 투입되지 않을 수 있습니다. 모델에 따라 내용에 차이가 있을 수 있습니다.,,https://static.service.skmagic.com/editor/faq/ckimg/38bac7bac7b04c7d811187ed433d44c7.png
냉장고,상부 LED 램프가 켜지지 않아요 (RFGTB241 RFGB2491),상부 LED 램프가 들어오지 않는 경우 제품 상태를 확인해 주세요. 상부 LED 램프를 포함한 모든 램프가 꺼져있고 냉기가 없는 경우 전원 자체가 꺼져있을 수 있습니다. 설치된 장소의 누전차단기 및 전원 공급 상태를 확인해주세요. 전원이 정상 공급되며 냉기가 있으나 상부 LED 램프만 들어오지 않는 경우 서비스 접수가 필요합니다.,,https://static.service.skmagic.com/editor/faq/ckimg/3dbad2347bb1471e91652f44436a4c27.png
이동식에어컨,찬바람이 약해요 (CPA072B CPA102B CPA122B),찬바람이 약하게 느껴지는 경우 확인해 주세요. 강풍으로 설정하여 사용해 주세요. 제품 뒷면 필터에 먼지 등이 끼어 냉방 성능에 영향을 미칠 수 음으로 2주 간격으로 1회 이상 꼭 청소를 진행해 주세요. 자가 점검 후에도 기존 보다 찬바람이 약하게 느껴질 경우 서비스접수가 필요합니다.,,없음
이동식에어컨,[E0]표시가 떠요 찬바람이 느껴지지 않아요 (CPA072B CPA102B CPA122B),찬바람이 느껴지지 않거나 [E0]표시가 발생하는 경우 확인해 주세요. 실내 온도 센서 이상으로 발생하는 표시입니다. 냉방모드로 설정하여 사용해 주세요. 가동을 정지한 후 바로 재가동을 하면 콤프레셔 보호기능이 작동하여 약 3분정도의 시간이 소요될 수 있습니다. 희망온도가 실내온도보다 높으면 냉방이 되지 않습니다. 전원코드선을 분리한 뒤 30초 후 재연결하여 확인해 주세요.,,없음
커피머신,램프가 깜빡거려요,깜빡거리는 램프를 확인하여 조치해 주세요. [아쿠아클린] 버튼의 램프가 점멸하는 경우 : 필터 교체 시기를 알리는 램프로 아쿠아 클린 필터를 교체해 주세요. [스케일/세척] 버튼의 램프가 점멸하는 경우 : 석회질 제거를 진행해 주세요. [물통] 램프가 점멸하는 경우 : 물이 부족한 상태이므로 물통에 물을 보충해 주세요. [커피찌꺼기] 램프가 점멸하는 경우 : 찌꺼기가 가득찬 상태로 찌꺼기를 비워주세요. [알림] 램프가 점멸하는 경우 : 부품의 위치가 장착되지 않았거나 헐렁거리는 상태로 커피가루용기 물받이 추출기 물통 서비스 도어 등 부품이 올바르게 장착되었는지 확인해 주세요.,,https://static.service.skmagic.com/editor/faq/ckimg/04ea788123754e3ea7c5f9ffa1be9892.png
히터,[E4] 표시가 떠요 (CRHD1024E CRHD1326E CRHD1641E CRHD2061E),표시창에 E4 가 뜨는 경우 증상을 확인해 주세요. 다음 내용을 확인해 주세요 CRHD1024E  CRHD1326E CRHD1641E CRHD2061E 모델에서 E4 표시가 뜨고 작동이 안되나요? 과열방지센서에 이상이 감지되어 발생하는 표시입니다. 버너실 내부에 화염에 의한 손상 흔적이 보이는 경우 전문가의 점검이 필요합니다. 과열방지기 배선이 빠진 경우 과열방지선을 재연결한 후 전원스위치를 2회 눌러 재운전시켜 확인해 주세요. <제품측면이미지>,,https://static.service.skmagic.com/editor/faq/ckimg/69c832d15eb34e18911e1edde91cf805.png
상업용 튀김기,표시창에 알림 문구가 떠요,E02 표시는 과열로 인해 발생되는 에러입니다. 온도가 210℃ 이상 초과될 경우 과열방지 센서가 차단됩니다. 과열방지센서 차단 여부를 확인해 주세요. E07 표시는 가스 중간밸브가 닫혀 있을 때 발생되는 에러입니다. 가스 부족 또는 가스밸브가 닫혀 있는지 확인해 주세요. E-tc 표시는 적정량의 기름이 사용되지 않아 그로인해 과열되어 발생되는 에러입니다. 기름 용량을 확인한 뒤 최소 표시선까지 기름을 채워 주세요.,,없음
히터,타이머 기능은 어떻게 사용하나요 (CRHR150T CRHR300R CRHR300H),타이머 스위치의 주황색 핀이 시계모양을 향해 있는 상태에서 타이머 기능 사용이 가능합니다. 다음 내용을 확인해 주세요 라디에이터(전기히터) C타이머 기능 사용 방법을 확인해 주세요. ①타이머 스위치를 표시 방향으로 두셔야 작동 가능합니다. ②스위치가 외곽에 위치할 때는 난방이 작동되며 내곽에 위치할 때는 난방이 중지됩니다. 반시계 방향으로 돌릴 경우 고장의 원인이 될 수 있으므로 반드시 시계방향으로 돌려주세요. <타이머 스위치 이미지>,,https://static.service.skmagic.com/editor/faq/ckimg/307ec71638ce48bdb7558e567914c226.png|https://static.service.skmagic.com/editor/faq/ckimg/a8366f86da1949ecaa9fb7f0aecd47b9.png
상업용 스팀오븐레인지,버튼이 안눌려요,DR 표시가 뜨며 버튼이 눌리지않는 경우 확인해 주세요. 도어가 열린 상태로 도어를 다시 한번 여닫아 닫힘 상태를 확인하여 사용해 주세요. 도어와 본체 틈새에 이물끼임이 없으나 지속적인 증상 발생시 서비스 점검이 필요합니다. 111번 예열완료가 뜨고 우측 상단에 수동 표시가 뜨며 버튼이 눌리지않는 경우 확인해 주세요. 수동 설정모드가 선택되어 버튼이 눌리지 않습니다. [선택]버튼을 3초 이상 눌러 초기화면으로 이동하여 사용해 주세요.,,없음
써큘레이터,전원이 안꺼져요/전원을 꺼도 표시창이 점등돼요 (FANCS1200),전원 OFF 방법을 확인해 주세요. ①제품이 작동중인 상태에서 [전원]버튼을 누르면 작동이 멈추고 표시창에 현재 온도가 표시됩니다. ②전원코드선을 콘센트에서 분리하여 전원을 OFF시켜주세요. 전원 ON 방법을 확인해 주세요. ①전원이 꺼진 상태에서 전원코드선을 콘센트에 연결하면 전원이 켜집니다. ②표시창에 현재 온도가 표시되는 상태에서 [전원]버튼을 눌러 작동을 시작해 주세요.,,없음
써큘레이터,전원이 안들어와요/작동 중 전원이 꺼져요/차단기가 내려가요,본체에 어댑터가 연결되는 모델의 경우 확인해 주세요. 일부 써큘레이터의 전원코드선은 본체와도 분리가 가능합니다. 본체와 전원연결 어댑터가 잘 연결되어있는지 확인해 주세요. 제품의 전원코드선이 연결된 콘센트를 확인해 주세요. 제품의 전원코드선이 콘센트에 정상적으로 잘 연결되어 있는지 확인해 주세요. 제품의 전원코드선이 콘센트에 연결되어 있다면 해당 콘센트에 드라이기 등 소형 전기제품를 연결하여 콘센트의 전원공급 상태가 정상인지 확인해 주세요. 콘센트에 여러 제품을 연결하여 사용시 전력 과부하로 인해 누전차단기가 내려가거나 작동 중 전원이 꺼질 수 있으므로 제품을 단독으로 연결하여 사용해 주세요. 대기전력 차단 콘센트에 연결하여 사용하는 경우 콘센트 상태를 [상시]로 설정하시거나 일반적인 콘센트에 연결하여 사용해 주세요. 설치된 장소에 누전차단기를 확인해 주세요. 제품이 설치된 장소에 누전차단기(두꺼비집)가 내려가 있는건 아닌지 확인해 주세요. 누전차단기가 내려가 있다면 다시 원상복구하여 사용해 주세요. 멀티콘센트로 연결하여 사용하는 경우 멀티콘센트를 확인해주세요. 멀티콘센트의 노후화로 작동이 안될 수 있으니 멀티콘센트를 교체한 후 확인해 주세요. ON/OFF스위치가 없는 정격용량 250V 16A 이상의 멀티콘센트를 사용해 주세요. 벽면콘센트와 멀티콘센트에 여러 제품을 연결하여 사용시 전력 과부하로 인해 누전차단기가 내려가거나 작동 중 전원이 꺼질 수 있으므로 제품을 단독으로 연결하여 사용해 주세요.,,https://static.service.skmagic.com/editor/faq/ckimg/e5f06c75e1da45a68e61271a67bb5064.png|https://static.service.skmagic.com/editor/faq/ckimg/a0768099ec5f4757ad21189c958fc3e0.png|https://static.service.skmagic.com/editor/faq/ckimg/12e3c9b5a54a4d2497541673acf709ca.png
써큘레이터,청소 방법이 궁금해요,스탠드 모터 외관 청소 방법을 확인해 주세요. 부드럽고 마른 천으로 먼지 등을 닦아주시고 오염이 심한 경우 약간의 물기가 묻은 부드러운 천을 이용해 주세요. 모터와 스탠드에는 물기가 스며들지 않도록 주의해 주세요. 날개 안전망 청소 방법을 확인해 주세요. 부드럽고 마른 천으로 먼지 등을 닦아주시고 오염이 심한 경우 약간의 물기가 묻은 부드러운 천을 이용해 주세요. 물기가 남아있는 경우 부식이 발생할 수 있으므로 건조하여 사용해 주세요. 청소시 주의사항을 확인해 주세요. 청소 전 반드시 전원코드선을 분리해 주세요. 유기용제(솔벤트 신나 등) 표백제 염소 및 연마제가 포함된 세제등은 사용이 불가합니다. 제품 본체를 물에 담그거나 물을 뿌리지 말아주세요. 청소 후 물기가 남아있는 경우 부식이 발생할 수 있으므로 완벽히 건조시켜 주세요.,,없음
써큘레이터,써큘레이터 조립방법이 궁금해요 (FANCS1200),조립 전 제품의 부품 명칭을 확인해 주세요. 써큘레이터 조립방법을 확인해 주세요. ①버튼 조작부가 있는 바닥부에 기둥을 꽂고 바닥 밑면 가운데 구멍의 육각나사를 단단히 조여 바닥부와 기둥을 고정시켜 주세요. ②임의로 조립된 헤드 부위의 안전망을 잠금 풀림 방향으로 힘주어 돌려 전/후면 안전망과 날개를 각각 분리해 주세요. ③모터부위에 있는 스피너와 후면 안전망 고정너트를 모두 분리(LOOSEN 방향)해 주세요. ④후면 안전망을 화살표가 위를 향하도록 모터와 조립하고 후면 안전망 고정 너트로 고정(FASTEN 방향)해 주세요. ⑤그다음 날개를 조립한 후 스피너로 고정(FASTEN 방향)해 주세요. ⑥전면 안전망을 윗부분의 자물쇠 모양에 맞춰 잠김 방향으로 조립한 뒤 헤드 뒷면 하단부의 구멍에 나사로 고정시켜 주세요. ⑦제품 바닥의 전원 어댑터 연결 부위에 어댑터를 연결하고 플러그 부분을 콘센트에 연결하여 사용해 주세요.,,https://static.service.skmagic.com/editor/faq/ckimg/6b9c2dfef62f42bda2cdf4b0866055b0.png|https://static.service.skmagic.com/editor/faq/ckimg/34de466034644e0fa245893220a1819a.png|https://static.service.skmagic.com/editor/faq/ckimg/d8dcbdcfe15b4e3dab3528be1f7d6466.png|https://static.service.skmagic.com/editor/faq/ckimg/313c6f3150434c0c93e3f295c646fc35.png|https://static.service.skmagic.com/editor/faq/ckimg/6de7235353084579b54c6d68cdbadad9.png|https://static.service.skmagic.com/editor/faq/ckimg/40e195e106374f8ca6a5a90c57e1c57b.png|https://static.service.skmagic.com/editor/faq/ckimg/bcd4099e8b4c4b3bb1ed204800d21929.png|https://static.service.skmagic.com/editor/faq/ckimg/85b7374fe4f24b6f8b44b3eeb437bffc.png|https://static.service.skmagic.com/editor/faq/ckimg/27e595e789294e3bafc0a0a09166adf1.png
상업용 스팀오븐레인지,[E1] [E2] [E4] [E5] 표시가 떠요,E1 E2 E4 E5 표시가 뜨는 경우 확인해 주세요. 제품의 전원코드선을 분리한 뒤 30초 후 재연결하여도 동일하다면 전문가의 점검으로 원인 파악 및 조치가 필요합니다. 모델에 따라 내용에 차이가 있을 수 있습니다.,,없음
전기온수기,제품에 담긴 물을 배수시키고 싶어요 (CBRH020 CBRH030),하향식제품과 상향식 제품으로 구분되어있으니 제품별 배수 방법을 확인해 주세요. 다음 내용을 확인해 주세요 하향식 제품의 물을 배수시키려 하나요? ①냉수입구의 물 공급을 차단해 주세요. ②냉수입구에 설치된 안전밸브를 돌려 분리하면 배수가 가능합니다. 상향식 제품의 물을 배수시키려 하나요? ①냉수입구의 물 공급을 차단해 주세요. ②온수출구의 호스 부분을 돌려 분리한 후 제품을 거꾸로 돌리면 배수가 가능합니다.,,https://static.service.skmagic.com/editor/faq/ckimg/daa764a780be413d9e886fa911494d8a.png
커피머신,커피 추출 온도 설정 방법이 궁금해요,제품의 전원이 꺼진 상태에서 커피 추출 온도 조절이 가능합니다. 커피 추출 온도 설정 방법을 확인해 주세요. ①제품의 전원이 꺼진 상태에서 음료 양 조절 버튼을 길게 눌러주세요. 음료 양 버튼에 램프가 점등됩니다. ②음료 양 조절 버튼이 점등되면 해당 버튼을 다시 눌러 1칸 낮은 온도 2칸 중간 온도 3칸 높은 온도중에서 선택해 주세요. ③원하는 온도에 알맞게 램프를 켜고 [시작/정지]버튼을 눌러 설정을 완료해 주세요. 커피머신 조작부 명칭을 확인해 주세요.,,https://static.service.skmagic.com/editor/faq/ckimg/4df1c042326a4f5d9a65855407a6df23.png
선풍기,선풍기 청소 방법이 궁금해요,스탠드 모터 청소 방법 중성세제를 묻힌 부드러운 천으로 먼지등을 닦아낸 후 사용해 주세요. 모터의 회전축은 재봉틀 기름을 이용하여 만들어졌습니다. 녹이 발생하지 않도록 사용해 주세요. 모터와 스탠드에는 물기가 스며들지 않도록 주의해 주세요. 날개 안전망 청소 방법 중성세제를 묻힌 부드러운 천으로 먼지등을 닦아 내어 사용해 주세요. 오염이 심한 경우 물로 닦아 주세요. 물기가 남아있는 경우 부식이 발생할 수 있음으로 완전히 건조하여 사용해 주세요.,,없음
전기온수기,온도조절기를 0 으로 설정해도 작동하나요? (CBRH020 CBRH030),온도조절기 사용방법을 확인해 주세요. 다음 내용을 확인해 주세요 온도조절기 사용방법을 확인해 주세요. 온도조절기를 시계방향으로 돌리면 온도 설정이 가능하며 설정 후 작동시 우측에 적색램프가 점등됩니다. 온도조절기를 0으로 설정하여도 동파방지를 위해 기본20℃를 유지합니다. 장시간 사용하지 않는 경우 물통의 물을 배수시킨 후 전원 차단 후 보관해 주세요.,,없음
히터,벽면 설치는 어떻게 해야하나요 (CRHC160 CRHC200),벽걸이 형태로 설치를 희망하는 경우 확인해 주세요. 다음 내용을 확인해 주세요 벽면 설치 방법을 확인해 주세요. ①벽면 고정대를 수평으로 고정해 주세요. (아래 이미지 참고) ②본체의 바퀴홈은 하부 고정핀을 이용해 막아주세요. (아래 이미지 참고) ③벽면 고정대와 제품 뒷면 상단의 홈에 맞춰 고정해 주세요. (아래 이미지 참고),,https://static.service.skmagic.com/editor/faq/ckimg/baf86cfa94514d21ac6d19c11dd4c651.png|https://static.service.skmagic.com/editor/faq/ckimg/832fc5ef6c784d6099bf884701d4b983.png|https://static.service.skmagic.com/editor/faq/ckimg/03939ab41bc54253ace8a8f3cb217845.png
써큘레이터,높낮이(길이) 조절이 안돼요 (FANCS1000),써큘레이터 높낮이(길이) 조절 방법을 확인해 주세요. 높이를 조절하기 위하여 한손으로는 제품 뒷면 길이 조절 버튼을 누르고 다른 손으로는 길이 조절부위를 잡고 올려 길이를 조절해 주세요. 길이 조절 버튼을 눌렀다고해서 자동으로 연장되지 않습니다.,,https://static.service.skmagic.com/editor/faq/ckimg/12a6c20938bb4b54ac5b330035de0789.png
커피머신,아쿠아클린필터를 사용하지 않아도 되나요?,수질이 우수한 국내에서는 아쿠아 클린 필터를 사용하지 않아도 커피머신 이용이 가능합니다. 아쿠아 클린 필터란? 물에 있는 석회질을 제거 하기위한 필터입니다. 커피머신은 유럽 생산 제품으로 유럽 수질 환경에 맞춘 필터가 함께 동봉되어 있습니다. 아쿠아 클린 필터 사용 TIP을 확인해 주세요. 수질이 우수한 국내에서 제품을 사용하는 경우 아쿠아클린필터는 사용하지 않아도 무관합니다. 아쿠아클린필터를 장착하여 사용하는 경우 교체 시기를 준수하여 필터를 교체해야하며 교체하지 않는 경우 미생물 번식 등 위생 문제가 발생할 수 있습니다. 비교적 관리가 번거로운 아쿠아클린필터는 설치 기사가 제품 설치 후 고객님의 동의를 얻어 필터 회수 및 폐기를 진행해 드리고 있습니다.,,없음
상업용 스팀오븐레인지,설치시 주의사항은 무엇인가요?,상업용 스팀 오븐을 설치하는 경우 확인해 주세요. 좌 우 뒷면은 10cm 이상 간격을 유지하고 윗면은 20cm 이상 간격을 유지해 주세요. 주변의 기기나 도마등으로 좌우측 냉각용 통풍구를 막지 않도록 주의하여 주세요. 가스기기나 전열기기 근처에 설치할때는 20cm이상 간격을 확보해 주세요. 동봉된 고무다리를 반드시 장착하여 설치하고 제품 하부 공간에는 물건을 올려놓지 말아주세요. 정격용량 220V/30A 이상의 콘센트를 사용하고 반드시 접지된 상태로 사용해 주세요. 제품의 자리 이동이 필요할 경우 제품을 끌거나 움직이지 마시고 들어서 옮겨주세요.,,없음
히터,라디에이터(전기히터) 조립은 어떻게 하나요,대부분의 라디에이터는 조절부와 발열체가 일체형이므로 아래 바퀴만 조립하시면 됩니다. 다음 내용을 확인해 주세요 라디에이터(전기히터) 조립 방법을 확인해 주세요. 적용모델 : CRHR100E/R150E/R150T/R200E/R250E/R300E/R300T/R300H ①제품이 긁히지 않도록 부드러운 천을 깔거나 부드러운 바닥에 제품을 거꾸로 세워주세요. ②동봉된 U자 고정고리를 제품의 좌측 끝부분에 걸고 바퀴 고정판의 구멍에 넣고 나사로 조여서 고정시켜 주세요. ③나머지 U자 고정고리도 마찬가지로 우측 끝부분에 걸고 바퀴 고정판의 구멍에 넣은 후 나사로 조여서 고정시켜 주세요. ④고정된 바퀴 고정판에 각 2개씩 바퀴를 조립해 주세요. <라디에이터 부품 이미지>,,https://static.service.skmagic.com/editor/faq/ckimg/d6c70da1d67e4517b1658dda95f835b6.png
상업용 스팀오븐레인지,[PRO] [USB] 표시가 떠요,별도의 조작없이 PRO USB 가 뜨는 경우 버튼 해제가 필요합니다. [PRO] [USB] 표시가 발생하나요? [예열]버튼을 누를 순서에 [선택] 버튼을 누른 경우 발생하는 표시입니다. DATE 변경 필요시에만 [선택]버튼을 눌러 사용하는 기능으로 불필요시 사용자가 [선택]버튼을 누르지 않도록 주의해 주세요. [취소]버튼을 누른 후 [선택]버튼을 3초간 누르면 표시가 사라지며 사용 가능한 상태가 됩니다.,,없음
써큘레이터,리모컨 건전지 교체 방법이 궁금해요 (FANCS1000),리모컨 건전지 교체 방법을 확인해 주세요. 건전지는 어린 아이들이 삼킬 위험이 있어 배터리 캡을 쉽게 분리하지 못하도록 설계하여 캡 분리 방법이 어려울 수 있습니다.,,https://static.service.skmagic.com/editor/faq/ckimg/783427741d2944efa49efbf649b9be25.png
써큘레이터,풍속 조절이 안돼요 (FANCS1200),전원코드선이 연결된 상태로 온도가 표시되는 대기상태에서는 버튼 조작이 불가합니다. 대기상태인지 확인해 주세요. 전원코드선을 연결하면 자동으로 전원이 들어오고 표시부에 온도가 나타나 대기상태를 유지합니다. 이때 전원버튼 외 다른 버튼 조작은 불가합니다. 대기상태에서 전원버튼을 한번 더 누른 후 버튼을 조작해 주세요. 버튼 잠금 상태를 확인해 주세요. 버튼 잠금 기능이 설정된 상태라면 표시부에 'CL' 과 '풍속단계'가 번갈아가며 표시됩니다. 이때 버튼 조작은 불가합니다. [타이머]버튼을 3초 이상 눌러 버튼 잠금 ON/OFF 설정을 변경해 주세요. 작동중인 모드를 확인해 주세요. 유아풍 모드로 사용중인경우 초미풍(풍속 0단)으로 작동되며 풍속조절은 불가합니다. 순환풍 모드로 사용중인경우 순환풍(풍속12단)으로 작동되며 풍속조절은 불가하며 순환풍모드는 20분 이후 자동으로 일반풍(풍속 3단)으로 변경되어 회전이 멈추고 이때 풍속 조절가능이 가능합니다.,,없음
써큘레이터,타이머 기능 사용방법이 궁금해요 (FANCS1000),타이머는 1시간부터 7시간까지 설정 가능합니다. 제품이 작동중인 상태에서 시계모양 버튼을 누를때마다 타이머 설정 시간에 램프가 점등됩니다. 타이머 작동 시간은 1h 2h 4h 램프를 통해 표시되며 4시간 이상 설정시 램프가 점등된 시간을 모두 더하면 확인이 가능합니다.,,없음
커피머신,분쇄 원두(커피가루) 사용방법이 궁금해요,분쇄 원두 사용방법을 확인해 주세요. ①분쇄된 커피 가루를 계량 스푼 기준 한 스푼을 제품 상단 분쇄 커피 투입구에 넣고 뚜껑을 닫아주세요. ②원하는 종류의 커피 선택 후 [아로마 강도] 버튼을 길게 눌러주세요. ③분쇄 커피 표시등이 점등되면 [시작/정지]버튼을 눌러 커피를 추출해 주세요. 인스턴트 커피는 사용이 불가하며 원두를 분쇄한 커피 가루만 사용이 가능합니다. 분쇄커피는 한번에 한 스푼만 투입 가능하여 한번만 추출할 수 있습니다.,,https://static.service.skmagic.com/editor/faq/ckimg/f34686021f92495a8262ee191879e662.png
커피머신,새제품 사용시 커피맛이 계속 달라요,새제품에서 추출한 커피맛이 일정하지 않은 경우 확인해 주세요. 새제품에서 추출된 커피 약 5잔까지는 커피머신 최적화 과정을 거쳐 추출되므로 커피맛이 일정하지 않을 수 있습니다. 커피 추출 후 커피찌꺼기가 진흙같이 묽은경우 확인해 주세요. 새제품에서 커피를 추출하는 경우 커피머신 최적화 과정을 거치게 되며 이때 커피찌거기가 묽은 형태를 띄일 수 있습니다. 약 10회 이상 추출한 이후에도 커피찌꺼기가 묽은 형태를 띄는 경우 전문가의 점검이 필요합니다. 서비스 접수는 [필립스 서비스센터 ☎1661-0083]을 이용해 주세요.,,없음
커피머신,우유 양 조절 방법이 궁금해요,우유 양 조절 방법을 확인해 주세요. ①카푸치노 버튼을 3초 이상 길게 누르면 음료 양 램프와 [시작/정지]버튼 램프가 깜빡입니다. ②[시작/중지]버튼을 눌러 원하는 양의 우유를 추출하고 [시작/정지]버튼을 눌러 수동으로 멈춰주세요. ③커피가 추출되고 완료됩니다. 커피머신 조작부 명칭을 확인해 주세요.,,https://static.service.skmagic.com/editor/faq/ckimg/4df1c042326a4f5d9a65855407a6df23.png
커피머신,대기시간이 무엇인가요/사용 방법이 궁금해요,대기시간이란? 설정해놓은 대기 시간동안 조작이 없을 경우 자동으로 제품의 전원이 꺼지는 기능입니다. 대기시간 설정 방법을 확인해 주세요. ①제품의 전원이 꺼진 상태에서 [스케일/세척]버튼을 길게 누르면 [아로마 강도] 램프가 점등됩니다. ②[아로마 강도]버튼을 눌러 1칸 15분 2칸 30분 3칸 1시간 4칸 3시간 중 원하는 대기시간을 선택해 주세요. ③선택이 끝나면 [시작/정지]버튼을 누른 후 제품의 전원을 껐다 켜면 설정이 완료됩니다.,,https://static.service.skmagic.com/editor/faq/ckimg/4df1c042326a4f5d9a65855407a6df23.png
커피머신,라떼 추출도중에 우유를 추가할 수 있나요,라떼가 추출되는 도중에 우유 추가가 필요한 경우 확인해 주세요. 라떼가 추출되고 있어도 우유가 부족한 경우 우유통의 덮개만 열어 우유 추가가 가능합니다.,,https://static.service.skmagic.com/editor/faq/ckimg/a5fa6879309f41f6b258e7c0ab2a63d5.png
청소기,물걸레청소기 충전을 해도 작동시간이 짧아요 충전이 안돼요. (VCLW10 VCLWA10),물걸레청소기 완전 충전시간은 약 3시간이며 완충된 기준 사용시간은 약 30분입니다. 적용모델 : VCLW10 VCLWA10 주위 온도나 배터리 잔량 등에 따라 충전 시간은 상이할 수 있습니다. 실내바닥면 및 청소 환경에 따라 사용 시간은 상이할 수 있습니다. 배터리 잔량이 1단인 상태에서 완충시 더욱 오래 사용하실 수 있습니다. 사용시간이 현저히 짧아졌다면 확인해 주세요. 무선청소기 배터리는 사용량(충전횟수)이 증가함에 따라 충전시간이 짧아지며 완충을 한 이후에도 작동 시간이 현저히 빨리 줄어들었다면 배터리 수명이 다 된 경우로 배터리 교체를 해주셔야 합니다.,,없음
청소기,전원이 안들어와요/작동 중 전원이 꺼져요,제품의 전원이 전혀 들어오지 않거나 사용중 갑자기 전원이 꺼진 경우 확인해 주세요. 일반 무선 청소기의 전원이 들어오지 않는 경우 확인해 주세요. 청소기의 충전 상태 확인이 필요합니다. 충전용 어댑터를 본체와 연결 후 어댑터 또는 본체의 배터리 표시 램프로 배터리 잔량을 확인해 주세요. 충전용 어댑터와 본체 연결 후 어댑터 또는 본체의 배터리 표시 램프가 점등되지 않는다면 어댑터의 불량일 수 있으므로 어댑터를 교체 후 확인해 주세요. 새제품의 구성품으로 포함된 정식 충전용 어댑터만 사용해 주세요. 분실 및 파손된 경우 구매가 가능합니다. 물걸레 무선 청소기의 전원이 들어오지 않는 경우 확인해 주세요. 청소기의 충전 상태 확인이 필요합니다. 충전용 어댑터와 본체 연결 후 어댑터의 배터리 표시 램프로 배터리 잔량을 확인해 주세요. 충전용 어댑터와 본체 연결 후 어댑터 또는 본체의 배터리 표시 램프가 점등되지 않는다면 어댑터의 불량일 수 있으므로 어댑터를 교체 후 확인해 주세요. 새제품의 구성품으로 포함된 정식 충전용 어댑터만 사용해 주세요. 분실 및 파손된 경우 구매가 가능합니다. 4시간 이상 충전해도 어댑터의 배터리 표시 램프가 녹색으로 변하지 않는 경우 본체의 배터리 교체가 필요합니다. 물걸레 청소기 배터리 교체 방법이 궁금하다면 [물걸레청소기 충전 후에도 배터리 상태 램프가 녹색불로 안바뀌어요 (VCLW10 VCLWA10)] 바로가기 유선 청소기의 전원이 들어오지 않는 경우 확인해 주세요. 제품의 전원코드선이 콘센트에 정상적으로 잘 연결되어 있는지 확인해 주세요. 제품의 전원코드선이 콘센트에 잘 연결되어 있으나 청소기 전원이 켜지지 않는 경우 다른 콘센트에 연결하여 확인해 주세요. 멀티콘센트의 노후화로 작동이 안될 수 있으니 멀티콘센트를 교체한 후 확인해 주세요.,,https://static.service.skmagic.com/editor/faq/ckimg/923e84cd4d4f4cd198cbc1f6265ef1cd.png
청소기,물걸레청소기 충전 후에도 배터리 상태 램프가 녹색불로 안바뀌어요 (VCLW10 VCLWA10),4시간 이상 충전해도 배터리 상태 램프가 녹색으로 바뀌지않나요? 배터리 수명이 다한 경우 발생하는 증상으로 배터리 교체가 필요합니다. 배터리를 교체해야 하나요? 서비스 접수 또는 자가 교체 방법이 있습니다. 배터리 자가 교체 후 제품 성능에 이상이 발생하는 경우 서비스 비용은 유상입니다. 배터리 자가 교체 방법을 확인해 주세요. ①4mm 드라이버를 이용하여 배터리 커버의 나사 4개를 분리해 주세요. ②배터리를 꺼낸 뒤 연결된 빨간색 단자와 분리시켜 주세요. ③분리된 빨간색 단자에 새 배터리를 연결한 뒤 배터리와 단자를 제자리에 넣고 배터리 커버의 나사 4개를 조립해 주세요.,,https://static.service.skmagic.com/editor/faq/ckimg/05be7a88c49142d2b8ddfacdcd733b0d.png|https://static.service.skmagic.com/editor/faq/ckimg/e3eff56229da4518a8ff61c5acc45d0b.png|https://static.service.skmagic.com/editor/faq/ckimg/f3f1800266c5495fb8d2cbbfc665a739.png
청소기,물걸레청소기 작동시 회전이 되지 않아요. (VCLW10 VCLWA10),다음 내용을 확인해 주세요 걸레가 회전판 중심에 정확하게 부착되었는지 확인해 주세요. 제품의 회전판과 걸레의 중심이 맞도록 부착한 뒤 작동해 주세요.,,https://static.service.skmagic.com/editor/faq/ckimg/c5f3992d2e4c44f09d303b8e46b10bbe.png
청소기,핸들부분이 파손됐어요/핸들의 ON/OFF 스위치가 파손됐어요,청소기 핸들부분은 모델에 따라 부속품을 구매 하여 자가교체 하거나 전문가의 서비스 점검이 필요합니다.,,https://static.service.skmagic.com/editor/faq/ckimg/838b83b7e112452c969428338701a1e3.png|https://static.service.skmagic.com/editor/faq/ckimg/93430d399566400bb89b918c5c4884ef.png
청소기,핸들(손잡이) 자가교체방법이 궁금해요,청소기 핸들부분은 모델에 따라 부속품을 구매한 후 자가교체를 진행할 수 있습니다. 다음 내용을 체크해 주세요 핸들의 버튼을 누르고 몸쪽으로 당겨 분리한 후 역순으로 조립하여 사용해 주세요.,,https://static.service.skmagic.com/editor/faq/ckimg/731381070ea94159a1bf06497bcdda35.png
청소기,본체 및 배터리케이스 외관 커버가 파손됐어요,제품 본체 및 외관 커버의 파손은 서비스점검이 필요합니다.,,https://static.service.skmagic.com/editor/faq/ckimg/a62c4910bffe4f5587bddd75f892f728.png
청소기,청소기 흡입이 약해요,다음 내용을 체크해 주세요 먼지통 및 필터를 청소해 주세요. 먼지통과 필터에 먼지가 많이 쌓여있으면 흡입력이 약해집니다. 제품에서 먼지통과 필터를 분리하여 청소를 해주세요. 바닥브러쉬 및 호스에 이물질이 막혀있는지 확인해 주세요. 브러쉬 및 호스 흡입구에 이물질이 막혀있으면 흡입이 정상적으로 되지 않아 흡입력이 약해집니다. 브러쉬와 호스를 분리하여 청소를 해주세요. <무선 진공 청소기 바닥브러쉬 청소 방법> *모델에 따라 청소방법은 상이합니다* ①동전 또는 일자드라이버를 이용하여 스토퍼 나사를 자물쇠 열림 방향으로 돌린 후 스토퍼를 분리해 주세요. ②회전브러쉬를 분리하여 먼지나 머리카락을 제거 후 청소해 주세요. ③청소한 회전브러쉬는 왼쪽 홈에 먼저 결합한 후 오른쪽 홈에 조립해 주시고 스토퍼를 장착한 후 동전 또는 일자드라이버를 이용하여 자물쇠 닫힘 방향으로 돌려주세요. 충전상태를 확인해 주세요. 무선청소기의 경우 충전을 완전히 하지 않으면 흡입력이 약해질 수 있습니다. 완충 후 사용해 주세요.,,https://static.service.skmagic.com/editor/faq/ckimg/4fa64500e79b414e9ec2698984c6c77d.png|https://static.service.skmagic.com/editor/faq/ckimg/43800706c3334bbfb5c43da474902b16.png|https://static.service.skmagic.com/editor/faq/ckimg/65a2a76df88e442eb4769228725f579a.png
청소기,높낮이 조절 파이프가 파손됐어요,다음 내용을 체크해 주세요 청소기 본체와 핸들을 연결하는 높낮이 조절 파이프는 부속품만 별도로 구매하시어 교체하실 수 있습니다. 무선 물걸레청소기 (VCLW10 VCLWA10)의 높낮이 조절 파이프 하단에는 본체에 조립하는 돌출스프링도 부착되어있습니다. 돌출스프링이 빠졌거나 불량일 경우 파이프를 교체해 주시면 됩니다.,,https://static.service.skmagic.com/editor/faq/ckimg/1e73ea345e7b48669c4e3bbbd142ac15.png
청소기,브러쉬 연결부가 파손됐어요,다음 내용을 체크해 주세요 바닥브러쉬의 분리 조립이 가능한 경우 바닥브러쉬 부속품만 별도로 구매하시어 교체하실 수 있습니다. 무선 물걸레청소기 (VCLW10 VCLWA10)의 회전판이 있는 본체와 스틱 연결부의 파손은 분리 조립이 불가하여 서비스 점검이 필요합니다.,,https://static.service.skmagic.com/editor/faq/ckimg/1dd15f20a9e0456e924e1d923846fc0e.png|https://static.service.skmagic.com/editor/faq/ckimg/acf1c1c45c7a4f74be6d95cb61733672.png
청소기,타는 냄새가 나요,다음 내용을 체크해 주세요 새제품 초기 작동시 모터가 작동하면서 발생한 열기로 인해 새제품 특유의 타는 냄새가 날 수 있습니 다. 사용경과에 따라 자연스럽게 사라지는 냄새입니다. 장시간 작동시 모터 과열로 인해 타는 냄새가 발생할 수 있습니다. 제품 작동을 멈추고 한시간 후에 재작동하여 동일한 냄새가 나는지 확인해 주세요.,,없음
청소기,작동시 소음이 발생해요,다음 내용을 체크해 주세요 부속품의 청소 상태를 확인해 주세요. 제품 바닥브러쉬와 연결호스에 이물질이 막혀있으면 작동시 원활하게 공기가 흡입되지 못하면서 모터 작동소음이 더 크게 들릴 수 있습니다. 바닥브러쉬 연결호스 먼지통 필터는 제품에서 분리하여 이물질 제거 청소를 해주세요. 호스 막힘은 호스를 별도로 분리하여 호스 내부에 통과시킬수 있는 작은 물체를 넣고 반대쪽으로 나오는지 확인해 볼 수 있습니다. 부속품 조립 상태를 확인해 주세요. 바닥브러쉬 호스 먼지통이 제대로 조립되어있지 않으면 공기가 새어나오는 소리가 발생할 수 있습니다. 홈에 잘 맞게 조립되었는지 확인해 주세요.,,없음
매트리스,매트리스 경도(강도)조절 서비스는 무엇인가요,매트리스 토퍼의 경도(강도) 조절 서비스를 제공합니다. 매트리스의 경도(강도)는 Medium 과 Hard로 구분되어 있습니다. 경도(강도)조절 서비스는 구독 기간 중 2회에 한하여 무상 서비스가 가능합니다.,,없음
매트리스,Basic 과 Special 과 Premium 의 차이는 무엇인가요?,매트리스 라인중에서 Basic 과 Special 과 Premium 의 차이는 무엇인가요? 토퍼 소재에 따른 구분 표기로 각 라인의 소재가 상이합니다.,,https://static.service.skmagic.com/editor/faq/ckimg/ced7c0b8826846c1b53e09c8954db75f.png
매트리스,매트리스 위에 전기(온열)장판을 사용해도되나요?,매트리스 위에 전기(온열)장판을 사용하려는 경우 확인해 주세요. 매트리스 위에 전기(온열)장판을 사용할 경우 매트리스가 딱딱해질 수 있습니다. 화재의 위험이 있으므로 전기(온열)장판 사용을 권장하지 않습니다.,,없음
매트리스,매트리스에 검은오염 검은점이 있어요,매트리스 면 부위에 검은오염 검은점이 있나요? 매트리스 원단은 화학 처리없이 자연 그대로의 목화를 사용하여 만들어진 원단으로 재료의 목화씨 목화씨의 가루가 검은점으로 보입니다. 표백 화학 처리하여 목화씨를 보이지 않도록 할 수 있으나 이는 아토피 알러지 등을 유발할 수 있어 가공 처리를 하지 않았기 때문에 목화씨 목화씨의 가루가 보이는것은 정상입니다.,,https://static.service.skmagic.com/editor/faq/ckimg/ef64cb182ade4f4997ca91dbb44d9706.png
의류건조기,건조가 잘 안되고 덜 마른 옷이 있어요,세탁물의 양과 탈수상태를 확인해 주세요. 건조하는 세탁물의 양은 최대용량의 50~60% 정도가 적당하며 1kg 미만 소량의 세탁물을 건조시 습도센서에 감지가 되지 않을 수 있으므로 [시간건조]코스를 이용해주시면 효율적입니다. 꼭 세탁기에서 탈수된 세탁물을 건조해 주셔야합니다. 세탁물의 재질에 따른 적합한 건조 코스를 작동했는지 확인해 주세요. 다양한 재질의 세탁물을 혼합하여 건조시 세탁물마다 건조되는 시간이 다르고 얇은 재질의 세탁물이 먼저 건조가되어 센서에 감지될 경우 건조시간이 단축되면서 작동이 빠르게 종료될 수 있습니다. 세탁물의 재질 구분이 어렵다면 세탁물에 따라 건조시간이 변경되는 [강력 표준]코스가 아닌 [시간건조]코스로 작동해 주세요. 보푸라기 필터 및 열교환기 필터 청소를 해주세요. 필터가 먼지나 이물질로 막혀있다면 열기 순환이 원활하지 못해 건조 성능에 영향을 미칩니다. 보푸라기 필터는 매회 작동시마다 열교환기 필터는 3회 사용시마다 열교환기는 3개월마다 주기적으로 청소를 진행해 주세요. 필터 청소방법 바로가기 [보푸라기 필터 청소는 어떻게 해야하나요 (7KG 건조기)] [보푸라기 필터 청소는 어떻게 해야하나요 (10KG 건조기)] 건조기가 설치된 장소의 온도를 확인해 주세요. (적용모델 WDRHM10) 겨울철 제품 주변 온도가 낮거나 장마철 제품 주변 습도가 높을 경우 등 건조기 내부 온도 상승에 시간이 많이 소요되면 건조시간이 증가될 수 있습니다. 설치 권장온도인 5℃~35℃ 범위에서 최적의 건조성능으로 작동되며 이 범위를 벗어난 온도에서는 건조시간이 늘어나거나 건조성능이 저하될 수 있습니다. 세탁기에서 탈수정도를 높여 탈수를 한번 더 진행하여 건조하거나 [시간건조]코스를 이용하여 작동 완료 후 세탁물의 건조정도에 따라 시간을 추가하여 다시 작동해 주세요.,,없음
의류건조기,건조기가 작동은 되는데 열기가 없어요,건조기의 과열 방지 안전장치가 작동된 경우 히터 전원이 차단되어 열기가 발생하지 않습니다. 과열 방지 안전장치가 작동되는 원인입니다. 보푸라기 필터가 먼지로 막혀있을 수 있습니다. 필터를 청소해 주세요. 건조기 배기구가 막혀있을 수 있습니다. 배기구 주변을 정리해주세요. 세탁실이나 베란다등 제품이 있는곳에 환기가 되지 않을 수 있습니다. 창문을 열어 환기해주세요. 온도 제어장치의 이상으로 발생할 수 있습니다. 서비스 점검이 필요합니다. 과열 방지 안전장치 해제 방법입니다. 과열 방지 안전장치 적용모델 : WDRGA07 WDRMD07 과열 방지 안전장치가 작동된 경우 드럼 내부에 열기가 전혀 발생하지 않습니다. 약 30분 후 건조기 후면의 [리셋]버튼을 눌러 과열 방지 안전장치를 해제하여 다시 작동해 주세요. 확인 후 동일증상 발생시 서비스 점검이 필요합니다. 또한 지속적인 과열 방지 안전장치가 작동하는 경우에도 서비스 점검이 필요합니다.,,https://static.service.skmagic.com/editor/faq/ckimg/44ad05199919467ca20bbe69954d5950.png
의류건조기,작동시 드럼(내부 통)이 회전되지 않아요,작동 전 보푸라기 필터가 장착되어 있는지 확인해 주세요. 보푸라기 필터를 장착하지 않고 작동 할 경우 세탁물을 넣고 꺼낼때나 제품 작동 시 필터 투입구 안으로 가볍고 작은 세탁물이 빨려 들어갈 수 있습니다. 세탁물이 내부 팬에 걸려 드럼이 회전하지 못하면 소음이 심하게 발생되며 제품 고장의 원인이 될 수 있습니다. 필터 투입구에 걸린 세탁물 제거가 필요할 경우 유상 서비스 점검이 필요합니다. 세탁물의 양을 확인해 주세요. 많은 양의 세탁물을 드럼에 가득채워 작동 할 경우 드럼이 정상적으로 회전되지 않을 수 있습니다. 전원 코드선을 다시 연결해 주세요. 전원 코드선을 분리한 뒤 30초 후 다시 연결하여 확인해 주세요.,,https://static.service.skmagic.com/editor/faq/ckimg/2e28ca9a0dc4436c8a775e6a9c0bca18.png
의류건조기,건조시간이 오래 걸려요,내부 보푸라기 필터 청소를 해주세요. 매회 작동 종료 후 보푸라기 필터는 분리하여 청소를 진행해 주세요. 필터 청소방법 바로가기 [보푸라기 필터 청소는 어떻게 해야하나요 (7KG 건조기)] [보푸라기 필터 청소는 어떻게 해야하나요 (10KG 건조기)] 열교환기 필터 및 열교환기 청소를 해주세요. (히트펌프식 건조기 해당) 열교환기 필터는 3회 작동 후 청소해 주시고 열교환기는 3개월 사용 후 청소해 주세요. 청소 주기는 사용 횟수 및 사용 환경에 따라 차이가 있으므로 건조가 약해지고 건조시간이 증가되면 청소해 주세요. 배기주름관과 수냉식키트를 청소해 주세요. (열풍배기식 건조기 해당) 수냉식키트는 매회 작동 후 물을 비워 청소해주시고 사용시 새로 물을 담아서 사용해 주세요. 배기주름관을 제품에서 분리하여 쌓여있는 먼지 및 이물질을 청소해 주세요. 습도센서를 청소해 주세요. 센서 표면에 이물질이 묻어있으면 세탁물의 정상적인 습도감지가 어려울 수 있습니다. 주기적으로 습도센서를 청소해 주세요.,,없음
의류건조기,건조기 작동시 소음이 나요,웅~ 윙~ 소음이 나요 콤프레샤가 가동되면서 소음이 발생합니다. 냉매 안정화가 안된 상태에서 운전시 냉매 순환 소음이 발생합니다. 렉을 이용하여 설치 한 경우 배수호스 연결 시 콤프레셔 가동음이 더 커질 수 있습니다. 달그락 소음이 나요 지퍼 단추 등 단단한 물체가 드럼 내부에서 부딪히면서 소음이 발생합니다. 지퍼 단추는 잠근 후 뒤집에서 건조해 주세요. 세탁물 주머니에 들어있는 머리핀 동전 열쇠등 소지품에 의해서도 소음이 발생할 수 있으므로 작동 전 세탁물을 확인해 주세요. 덜~덜~ 떨리는 진동소음이 나요 제품의 수평이 맞지 않는 경우 제품이 흔들리면서 소음이 발생합니다. 평평한곳에 설치되어있는 확인 후 제품 밑면의 수평 조정 다리와 바닥면과의 틈새를 확인 후 스패너를 사용하여 수평을 맞춰주세요. 렉을 이용하여 설치 한 경우 렉의 수평과 제품의 수평을 확인해 주세요.,,https://static.service.skmagic.com/editor/faq/ckimg/3eef662a3bf14509a298e58d1456e5d4.png
의류건조기,작동 중 갑자기 동작이 멈췄어요,필터청소 및 물통의 물을 비워주세요. 필터에 먼지가 많이 쌓여있으면 공기순환이 원활하지 않고 작동 중 동작이 멈출수 있으니 작동 전 필터를 확인해 주세요. 물통의 물이 가득 차거나 배수호스 연결 사용시 호스의 꺾임으로 원활한 배수가 되지 않을 경우 만수표시와 작동이 정지되므로 작동 전 물통 또는 배수호스를 확인해 주세요. (WDRHM10 모델에 한함) 에러가 발생하는지 확인해 주세요. 에러표시 확인 후 그에 맞는 자가조치 또는 서비스점검이 필요합니다. 에러표시 없이 작동 중 전원이 꺼진다면 전원콘센트 및 멀티콘센트 사양을 확인해 주세요. 정격용량이 250V 16A 이상인 멀티콘센트인지 단독으로 의류건조기 제품만 연결하여 사용중인지 확인해 주세요. 제품의 전원코드선을 다른 콘센트에 바꾸어 연결한 뒤 확인해 주세요.,,없음
의류건조기,E50 E64 표시가 떠요. (WDRHM10),[E50] [E64] 에러 (WDRHM10 모델에 해당) 모터 작동 이상으로 발생하는 표시입니다. 전원 코드선을 분리한 뒤 30초 후 다시 연결하여 확인해 주세요.,,없음
의류건조기,습도감지센서도 청소를 해야하나요,습도감지센서는 세탁물의 건조된 정도에 따라 건조 시간을 조절합니다. 센서 표면에 이물질이 묻어 있으면 정상적인 습도감지가 어려우므로 적절한 건조를 위해 주기적으로 청소를 진행해 주세요. 습도감지센서 청소 방법입니다. 젖은 부드러운 수건으로 습도센서 표면에 묻어있는 이물질을 제거한 후 마른 수건으로 물기를 닦아주세요.,,https://static.service.skmagic.com/editor/faq/ckimg/0f870ae0fd3d4529b6e7d64fb550dc1e.png
의류건조기,보푸라기 필터 청소는 어떻게 해야하나요 (WDRHM10),보푸라기 필터 청소가 필요한 이유를 확인해 주세요. 건조시간을 줄이고 건조 성능을 높이기 위해 사용 전/후 반드시 보푸라기 필터 청소를 진행해 주세요. 필터 청소를 하지 않고 사용하는 경우 필터에 먼지가 걸러지지 않으며 쌓인 먼지가 옷감에 다시 묻어나올 수 있습니다. 보푸라기 필터 청소 방법입니다. ①제품의 전원코드선을 분리해 주세요. ②의류건조기 내부에 세탁물을 모두 꺼낸 후 보푸라기 필터를 제품에서 분리해 주세요. ③보푸라기 필터에서 커버필터를 분리한 후 펼쳐주세요. ④필터와 필터커버 내부의 먼지 및 보푸라기를 제거하고 흐르는 물에 세척해 주세요. ⑤필터를 제거한 공간에 청소기를 이용한 남은 이물 흡입 등 제품의 필터 주변을 청소해 주세요. ⑥완전히 말린 보푸라기 필터를 결합하여 제품에 다시 끼워 넣어주세요. 보푸라기 필터 청소시 주의사항입니다. 안전을 위해 반드시 제품의 전원콘센트 분리 후 청소를 진행해 주세요. 필터 없이 제품을 작동시킬 경우 제품 내부로 옷감이 들어가 제품 고장의 원인이 됩니다. 필터에 남아있는 물기에 의해 필터가 먼지로 막히면 건조시간 증가 및 냄새가 발생할 수 있으므로 필터 건조 후 장착해 주세요.,,https://static.service.skmagic.com/editor/faq/ckimg/2935b9a4050a41d4a8ee09813e82a787.png
의류건조기,열교환기와 열교환기 필터 청소는 어떻게 해야하나요. WDRHM10 (10kg),건조시간을 줄이고 건조 성능을 높이기 위해 열교환기와 열교환기 필터를 제품 사용 전 또는 사용 후에 반드시 청소를 해주셔야합니다. WDRHM10 모델의 열교환기 열교환기 필터 청소 방법입니다. ①열교환기 보호덮개 상부레버를 두손으로 누르면서 앞으로 열여주세요. ②잠금레버 3개를 화살표 방향으로 돌려 잠금을 해제한 후 열교환기 필터를 꺼내주세요. ③열교환기 필터의 먼지를 제거하고 흐르는 물로 세턱 후 완전히 건조해 주세요. ④열교환기는 부드러운 브러쉬나 브러쉬가 달린 진공청소기를 이용하여 먼지를 제거해주세요. ⑤열교환기 청소 완료 후 완전히 건조한 열교환기 필터를 다시 결합해주세요 청소 주기를 확인해 주세요. 열교환기 필터는 3회 작동 후 청소해 주시고 열교환기는 3개월 사용 후 청소해 주세요. 건조기 사용횟수 세탁물의 종류 및 재질에 따라 청소 주기는 달라질 수 있습니다. 건조 시간이 오래걸리거나 건조가 약해졌다면 청소 주기가 아니더라도 청소를 진행해 주세요. 청소시 주의사항입니다. 열교환기는 날카로우니 절대 손으로 만지지 마시고 청소시 다치지 않도록 조심해 주세요. 열교환기 청소시 압력을 가하지 마세요. 필터 청소를 하기 전 전원 콘센트를 분리해 주세요. 열교환기 필터 청소 후에는 반드시 제자리에 조립해 주세요. 필터를 그늘에서 완전히 말린 후 사용해 주세요. 물기에 의해 필터가 막혀 제품이 제대로 작동하지 않을 수 있습니다.,,https://static.service.skmagic.com/editor/faq/ckimg/76a3885f154d420dbcb3adab9abb80a9.png
의류건조기,보푸라기 필터 청소는 어떻게 해야하나요 (WDRGA07 WDRMD07),보푸라기 필터 청소가 필요한 이유를 확인해 주세요. 건조시간을 줄이고 건조 성능을 높이기 위해 사용 전/후 반드시 보푸라기 필터 청소를 진행해 주세요. 필터 청소를 하지 않고 사용하는 경우 필터에 먼지가 걸러지지 않으며 쌓인 먼지가 옷감에 다시 묻어나올 수 있습니다. 보푸라기 필터 청소 방법입니다. ①제품의 전원코드선을 분리해 주세요. ②의류건조기 내부에 세탁물을 모두 꺼낸 후 보푸라기 필터를 제품에서 분리해 주세요. ③보푸라기 필터를 펼친 다음 먼지 및 보푸라기를 제거하고 흐르는 물에 깨끗이 세척해 주세요. ④필터를 제거한 공간에 청소기를 이용한 남은 이물 흡입 등 제품의 필터 주변을 청소해 주세요. ⑤완전히 말린 보푸라기 필터를 결합하여 제품에 다시 끼워 넣어주세요. 보푸라기 필터 청소시 주의사항입니다. 안전을 위해 반드시 제품의 전원콘센트 분리 후 청소를 진행해 주세요. 필터 없이 제품을 작동시킬 경우 제품 내부로 옷감이 들어가 제품 고장의 원인이 됩니다. 필터에 남아있는 물기에 의해 필터가 먼지로 막히면 건조시간 증가 및 냄새가 발생할 수 있으므로 필터 건조 후 장착해 주세요.,,https://static.service.skmagic.com/editor/faq/ckimg/be539fdf831b41cb9c447cc2011dac38.png
의류건조기,겨울철 건조시간이 증가하고 건조가 잘 안돼요 (WDRHM10),겨울철 보일러 작동시 예열시간이 오래 걸리듯 히트펌프식 건조기는 주변 온도가 낮아지면 내부 온도 상승 시간이 많이 소요되어 건조시간이 증가되고 건조 정도가 약하다고 느끼실 수 있습니다. 건조가 잘 되지 않는 경우 확인해 주세요. 두꺼운 의류와 얇은 의류를 구분하여 [시간건조] 코스로 작동해 주세요. 세탁물의 양은 최대 드럼의 절반정도만 넣고 작동해 주세요. 세탁기의 탈수정도를 높여 탈수를 해주시거나 탈수를 한번 더 진행해 주세요. 보푸라기 필터 열교환기 필터 열교환기 습도센서를 청소해 주세요. 겨울철 건조가 잘 안되는 경우 확인해 주세요. 제품 설치된 장소의 창문은 닫아주시고 온도의 영향을 많이 받는 장소라면 설치 권장 온도인 5℃~35℃인 장소로 이동하여 사용해 주세요. 겨울철 온도가 낮은곳에 제품이 설치된 경우 연속배수호스와 물통안 물이 얼어 건조 기능에 영향이 발생할 수 있습니다.,,없음
의류건조기,이사를 하는데 이전설치는 어떻게 해야하나요?,서비스 요청시 분리 비용과 재설치 비용은 각각 발생됩니다. [이용 요금안내] 에서 비용 확인이 가능합니다. 제품 이동서비스는 불가하므로 제품과 부속품을 빠짐없이 챙기신 후 재설치하는 장소까지 옮겨주셔야합니다.,,없음
의류건조기,제품 내부 또는 건조된 옷에서 냄새가 나요,건조 후 세탁물은 바로 꺼내어 확인해 주세요. 건조기 작동 후 세탁물이 담겨있는 상태에서 장시간 방치시 열기로 인한 습기가 발생할 수 있으며 쾌쾌한 냄새가 날 수 있습니다. 온도가 높은 여름철의 경우 냄새가 더 심해질 수 있으며 냄새 발생시 세탁을 다시하여 건조를 진행해 주세요. 건조기 전 단계인 세탁기 사용시 확인해 주세요. 정량보다 많은 세제 및 섬유유연제를 사용하는 경우에도 세탁물에서 냄새가 발생할 수 있습니다. 세탁기 내부를 청소하지 않을 경우 세탁이 완료된 세탁물에서 냄새가 날 수 있으며 이 경우 자연건조해도 냄새가 발생합니다. 드럼통을 비롯하여 내외부를 주기적으로 청소해주시고 세척 완료 후 반드시 도어를 열어 환기를 시켜주세요. 건조기 사용시 확인해 주세요. 보푸라기 필터 열교환기 필터 열교환기 배기주름관 수냉식키트 드럼 내부는 주기적인 청소가 필요합니다. 청소 또는 건조 완료 후 반드시 도어를 열어 환기를 시켜주세요. 세탁시 사용하는 섬유유연제처럼 건조기 작동시에도 건조기용 드라이시트를 사용하면 정전기 방지 및 세탁물에서 좋은 향이 나는데 도움을 줍니다.,,없음
의류건조기,제품에서 이상 소음이 발생해요,제품 동작시 일반 작동소음이 아닌 굉음 및 작동과 상관없이 울리는 부저음 등 이상소음 발생시 서비스 점검이 필요합니다.,,없음
의류건조기,건조기에 연결된 주름관 호스는 무엇인가요,주름관 호스(배기주름관)는 건조기 작동시 발생하는 열기와 보푸라기가 배출되는 통로이며 열풍배기식 건조기에는 필히 설치가 되어야 합니다. 적용모델 : 열풍배기식 건조기 WDRGA07 WDRMD07 배기주름관 설치 방법입니다. ①배기주름관 고정구의 화살표 위치를 확인합니다. ②배기주름관 화살표 위치를 확인합니다. ③배기주름관 고정구와 배기주름관 화살표를 잘 맞춘 후 끝까지 밀어 넣어 주세요. ④배기주름관을 시계방향으로 돌려서 조립해 주세요. ⑤본체와 연결된 반대쪽 주름관은 창문이나 기타 외부와 연결되는 환기구에 고정시켜 작동해주세요. 배기주름관 설치시 주의사항입니다. 배기주름관을 본체에 설치시 주름관 홈과 제품의 돌기가 잘 맞춰져 있는지 확인해 주세요. 홈에 정확하게 끼워지지 않으면 주름관을 당길때 빠질 수 있습니다. 배기구에 가연성 물질이나 열에 약한 물건을 놓지 마세요. 배기주름관으로 배출되는 열기의 온도는 매우 뜨겁습니다 배기주름관을 제거한 상태에서 절대 사용하지 마세요. 보푸라기가 날리며 화상이나 화재의 위험이 있습니다. 배기주름관은 연장이 불가합니다. 주름관 길이에 맞는 위치에 제품을 설치해 주세요.,,https://static.service.skmagic.com/editor/faq/ckimg/9e6f26274e3f40fc883812898b45c5ca.png|https://static.service.skmagic.com/editor/faq/ckimg/b1c2e45a2eba4f2d9ec526a8c82643cb.png|https://static.service.skmagic.com/editor/faq/ckimg/ab47efcfebd84e089ac4ca980cdb6e17.png|https://static.service.skmagic.com/editor/faq/ckimg/5d59aef3228044d7acac18365632bffb.png|https://static.service.skmagic.com/editor/faq/ckimg/4872d881838342fa9b1d02f73c9150a8.png|https://static.service.skmagic.com/editor/faq/ckimg/76a2d617c67548a89645606abd6b1a7d.png
의류건조기,배수호스를 설치하고 싶어요 (WDRHM10 모델 해당),건조기에서 응축된 물은 건조기 좌측상단의 물통에 고이며 물통을 사용하고 싶지 않을 경우 연속배수호스를 연결하여 사용하실 수 있습니다. ①제품 뒷면 호스를 아래로 당겨 커버에서 분리해주세요. ②분리한 본체 호스와 연속배수호스의 플락스틱부분을 맞닿게 조립해주세요. ③연속배수호스의 반대쪽은 물이 배출되는곳으로 배수구에 연결해주세요. 연속배수호스 설치시 주의사항입니다. 물이 배출되는 호스쪽은 바닥으로부터 높이가 1m 이상 올라가지 않게 주의해 주세요. 배수펌프가 동작되어도 배수가 되지 않습니다. 물이 배출되는 호스쪽은 물에 잠기지 않도록 설치해 주세요. 물이 역류하여 제품 내부로 들어가 에러 및 제품의 누전 및 감전의 원인이 됩니다. 호스가 꺾이거나 손상되지 않도록 주의해 주세요. 연속배수호스의 길이는 약 2m이며 연장은 불가합니다. 제품과 2m이내로 배수가 가능한 곳이 있어야 합니다. 서비스 비용은 유상입니다.,,https://static.service.skmagic.com/editor/faq/ckimg/a660ab87846547259ed9f98c6f1a8941.png|https://static.service.skmagic.com/editor/faq/ckimg/83b765bc1b494128a2aeae57c5e4bcf0.png
의류건조기,예약 기능은 어떻게 설정하나요,예약기능이란? 예약 기능은 건조가 종료되는 시간이 아닌 건조가 시작되는 시간을 예약하는 기능입니다. 예약 버튼을 이용하여 건조 시작 시간을 예약할 수 있으며 [예약]버튼을 누를때마다 1시간씩 최대 24시간 설정이 가능합니다. [예약]설정 방법입니다. ①전원을 켜고 원하는 건조코스를 선택해 주세요. ②건조코스 선택 후 [예약]버튼을 눌러 시간을 설정해 주세요. ③설정된 예약시간이 지나면 선택한 건조 코스로 제품이 작동됩니다.,,없음
의류건조기,의류건조기 전원이 안들어와요,의류건조기와 연결된 콘센트를 확인해 주세요. 벽면콘센트에 제품의 파워코드가 정상적으로 잘 꽂혀있는지 확인해 주세요. 의류건조기 파워코드가 연결된 콘센트에 다른 가전제품를 연결하여 전원이 들어오는지 확인해 주세요. 차단기가 내려가 있는지 확인해 주세요. 의류건조기가 설치되어있는 장소의 누전차단기가 내려가 있는건 아닌지 확인해 주세요. 멀티콘센트(연장선)를 확인해 주세요. 멀티콘센트의 노후화로 작동이 안될수 있으니 멀티콘센트를 교체해 주세요. 정격용량 250V 16A 이상의 멀티콘센트를 사용중인지 확인해 주세요. 벽면콘센트에 멀티콘센트 연결 후 의류건조기만 단독으로 연결하여 사용해 주세요.,,없음
의류건조기,건조기 작동시간이 저절로 변경됐어요,자동건조코스 사용시 내부의 습도감지센서에 의해 건조시간이 자동으로 변경될 수 있습니다. 습도감지센서에 감지된 세탁물의 건조 상태에 따라 건조 시간이 단축 또는 연장되어 작동됩니다. 건조가 덜 되었다고 감지 될 경우 건조 시간은 연장되며 건조가 잘 되었다고 감지된 경우 건조 시간은 단축됩니다. 면 의류 합성의류 혼합의류 특별코스 등 [시간건조 송풍 리프레쉬] 코스를 제외한 건조코스는 자동건조 코스입니다. 건조 시간이 연장되는 경우 확인해 주세요. 세탁물을 내부 드럼에 절반 정도의 양으로 건조 진행해 주세요. 세탁 시 탈수가 약하게 된 세탁물은 건조시간이 단축되므로 세탁 시 탈수 정도를 주세요. 히트펌프식의 건조기는 주변 온도의 영향을 받기 때문에 동절기 또는 하절기엔 건조 시간이 오래 소요될 수 있습니다. 보푸라기 필터 열교환기 필터 열교환기에 먼지가 많이 쌓여 있다면 열기 순환을 되지 않을 수 있습니다. 필터 및 열교환기를 청소해 주세요. 건조 작동 중간에 세탁물을 추가하지 말아주세요. 건조 시간이 단축되는 경우 확인해 주세요. 세탁물의 양이 소량인 경우 습도감지센서에 감지되지 않아 건조가 덜 된 상태로 시간이 단축되어 종료 될 수 있습니다. 세탁물의 양이 적은 경우 습도감지센서의 영향을 받지 않는 [시간건조]코스를 이용해 주세요. 세탁 시 탈수가 많이 된 세탁물은 탈수가 약한 세탁물에 비해 건조시간이 단축됩니다. 쉽게 건조되는 옷감이 습도감지센서에 먼저 감지 될 경우 시간이 단축되어 건조가 덜 된 상태로 종료될 수있습니다. 세탁물의 재질을 구분하여 사용해 주세요. 자동건조 코스 작동 후 건조가 덜 된 경우 확인해 주세요. 세탁물의 재질을 구분하여 건조코스를 선택해 주시고 건조가 더 필요한 의류만 별도로 [시간건조]코스를 이용하여 재 작동해 주세요.,,없음
의류건조기,건조기에서 타는 냄새가 나요,새로 구매한 제품에서 타는 냄새가 나요 새제품 구매 후 처음 사용시 내부 부품이 발열되면서 일시적으로 타는 냄새가 발생할 수 있습니다. 사용 후 제품 도어를 열어두고 주변을 환기 시켜주세요. 주기적으로 사용하시면 자연스럽게 냄새는 없어지므로 안심하고 사용해 주세요. 작동시 타는 냄새가 나요 멀티연장선 사용시 전력량 과부하로 인해 타는 냄새가 발생할 수 있습니다. 연결 콘센트를 교체하여 동일한 냄새가 나는지 확인해 주세요. 콘센트가 아닌 제품에서 타는 냄새가 난다면 서비스 점검이 필요합니다.,,없음
의류건조기,제품 분리와 설치는 어떻게 해야하나요?,RACK(렉)을 설치하여 사용하셨다면 제품의 안전한 분리 및 설치를 위하여 서비스 접수를 권장해 드립니다. 제품 설치 의류건조기 단독 설치 또는 세탁기와 병렬로 설치를 원하실 경우 평평한 바닥에 수평을 잘 맞춰 놓은 뒤 제품의 전원 콘센트를 연결하여 설치해 주시면 됩니다. 세탁기와 직렬로 설치를 원하실 경우 RACK(렉) 거치대가 필요하며 RACK(렉)의 건조기 고정 KIT에 필히 건조기를 고정하여 설치를 해야합니다. 제품 분리 의류건조기 단독 설치 또는 세탁기와 병렬로 설치되어 있을 경우 연결되어 있는 제품의 전원 콘센트를 분리해 주시면 됩니다. RACK(렉)에 설치된 경우 건조기가 고정되어 있는 하부 KIT에서 제품을 분리해 주셔야 합니다.,,https://static.service.skmagic.com/editor/faq/ckimg/f2d3fe96ab734587b12b4f70834dcdeb.png
의류건조기,전원이 안들어와요/작동 중 전원이 꺼져요/차단기가 내려가요,콘센트의 용량이 부족하여 작동 중 전원이 차단될 수 있습니다. 멀티콘센트(연장선) 사용시 250V 16A 이상인지 정격용량 확인해 주세요. 멀티콘센트(연장선) 사용시에도 의류건조기 제품만 단독으로 연결하여 사용해 주세요. 멀티콘센트(연장선)가 정격용량이라도 장기간 사용시 연장선 노후화로 인해 정상적인 제품 작동이 안될 경우에는 연장선을 교체해 주세요. 제품이 연결된 콘센트를 확인합니다. 콘센트에 제품의 전원코드가 정상적으로 잘 꽂혀있는지 확인해 주세요. 벽면 콘센트에 해당 제품만 연결하여 작동하였는지 확인해 주세요. 다른 전기 제품과 함께 연결하여 사용시 전력량이 부족할 수 있습니다. 차단기를 확인해 주세요. 의류건조기가 설치되어 있는 장소의 누전 차단기가 내려가 있는 건 아닌지 확인해 주세요.,,https://static.service.skmagic.com/editor/faq/ckimg/6a395d378e1545b69afe83dd77777ba8.png
의류건조기,E1 E2 표시가 떠요. (WDRGA07),제품별 에러 표시에 따라 자가점검 또는 서비스 점검이 필요합니다. [E1] [E2] [Ers] [dop] 에러 (WDRGA07 모델에 해당) [E1] : 온도 센서 이상으로 발생하는 표시입니다. 전원 코드선을 분리한 뒤 1시간 후 다시 연결하여 사용해 주세요. [E2] : 가열 불량으로 발생하는 표시입니다. 제품 뒷면 과열방지 안전장치 버튼을 누른 뒤 사용해 주세요. [Ers] : 설정된 코스에서 사용할 수 없는 부가기능이 선택되어 발생하는 표시입니다. 전원 코드선을 분리한 뒤 1시간 후 다시 연결하여 알맞은 코스 설정 후 사용해 주세요. [dop] : 도어가 열린 상태에서 발생하는 표시입니다. 도어 틈새 이물질 확인 또는 도어를 여닫힘 상태를 확인해 주세요.,,https://static.service.skmagic.com/editor/faq/ckimg/658d2032232c4ff5879dd5108f890c0e.png
의류건조기,Full 램프가 켜졌어요 (WDRHM10),[Full] 램프가 켜진 뒤 작동중 멈추나요? 물통의 물이 가득찬 경우 발생하는 표시입니다. 물통을 비우고 사용해 주세요. 배수호스를 연결하여 사용시 배수호스의 꺾임이나 동파 등 배수호스 상태를 확인해 주세요. 조치방법 확인 후에도 동일한 경우 전원코드선을 분리한 뒤 30초 후 다시 연결하여 확인해 주세요.,,https://static.service.skmagic.com/editor/faq/ckimg/56261b5b8f964d4f85e246bd3dc9918a.png
의류건조기,수냉식키트란 무엇인가요?,외기로 배기를 할 수 없는 설치환경에서 사용하는 최소한의 배기설치 방법으로 수냉식키트에 물을 담아 열기와 먼지를 잡아주는 용도로 사용합니다. 수냉식키트는 열풍배기식 의류건조기에 사용 가능하며 물받이통과 물받이 뚜껑으로 구성되어 있습니다. 적용 모델 : WDRGA07 WDRMD07 수냉식키트 사용방법 사용 후에는 키트를 분리하여 물을 버리고 흐르는 물에 세척하여 매회 사용시 새로운 물을 채워서 사용해 주세요. 수냉식키트 사용시 주의사항입니다. 수냉식키트 각 조립부의 결합상태를 꼭 확인 후 사용해 주세요. 수냉식키트의 물은 항상 교체하여 사용해 주시고 물을 절반이상 채울 경우 넘칠 수 있으니 주의해 주세요. 물받이통의 물은 절대 마시지 않도록 유의해 주세요. 전기합선이나 감전의 위험이 있는 다른 전자제품 위에서 사용하지 마세요. 수냉식키트를 사용하더라도 보푸라기의 쌓임과 습기에 의한 결로가 발생할 수 있으므로 청소 및 환기를 필히 해주셔야합니다. 수냉식키트 설치 유형입니다. 수냉식키트는 건조기 측면 정면 상단에 놓고 사용하실 수 있습니다.,[표1] | https://static.service.skmagic.com/editor/faq/ckimg/ae47a5b477f140b0b5f02fc1849ec369.png | https://static.service.skmagic.com/editor/faq/ckimg/b505ee9bb894407cb43003dccbe3d4cc.png | | --- | --- | | ①냉수 400ml 정도를 물받이통에 넣습니다. | ②물받이통에 뚜껑을 덮고 사이드클립을 사용하여 잠급니다. | | https://static.service.skmagic.com/editor/faq/ckimg/7ae37bd0c69143b497cae486969f7b2d.png | https://static.service.skmagic.com/editor/faq/ckimg/40f333d01d3a4f608289113b3f8afeea.png | | ③배기주름관을 수냉식키트 뚜껑 조립부에 끼웁니다. | ④조립부의 연결상태를 확인 후 건조기를 사용합니다. |,https://static.service.skmagic.com/editor/faq/ckimg/f5c05325554045119d3254096c895bcf.png|https://static.service.skmagic.com/editor/faq/ckimg/ae47a5b477f140b0b5f02fc1849ec369.png|https://static.service.skmagic.com/editor/faq/ckimg/b505ee9bb894407cb43003dccbe3d4cc.png|https://static.service.skmagic.com/editor/faq/ckimg/7ae37bd0c69143b497cae486969f7b2d.png|https://static.service.skmagic.com/editor/faq/ckimg/40f333d01d3a4f608289113b3f8afeea.png|https://static.service.skmagic.com/editor/faq/ckimg/654912222f4643668a50ce3833f57a4e.png
의류건조기,도어가 뻑뻑해요/잘 안닫히고 안열려요,새 제품일 경우 도어를 열고 닫을 때 뻑뻑 할 수 있습니다. 도어가 밑으로 쳐져있어 도어를 살짝 들어 열고 닫는 경우 서비스 점검이 필요합니다.,,없음
의류건조기,건조기 사용 후 습기가 너무 심하고 결로가 생겨요,열풍건조방식의 건조기는 작동시 발생하는 고온다습한 열기가 외부로 배출되는 구조입니다. 환기가 잘 되지 않는 환경에서는 습기로 인한 곰팡이 및 결로가 발생할 수 있습니다. 열풍건조방식의 제품은 WDRGA07 WDRMD07 입니다. 열풍배기식의 제품은 필히 본체와 배기주름관을 연결하여 사용해야 합니다. 본체와 연결된 배기주름관의 반대쪽 끝부분은 고온다습한 열기가 배출되므로 작동시에 창밖으로 위치하도록 빼내고 사용해 주셔야 합니다. 배기주름관을 통해 필터에서 걸러지지 않은 미세한 보푸라기가 열기와 함께 배출되어 주변이 오염될 수 있으니 주의해 주세요. 수냉식키트 사용시에도 꼭 환기가 필요합니다. 환기가 제대로 되지 않는다면 열기에 의해 습기가 발생되고 외부 온도가 낮아지는 동절기에는 결로 현상이 심해질 수 있으니 필히 꼭 환기를 진행해 주세요. 세탁물의 종류 및 건조코스에 따라 열기와 습기가 발생하는 정도는 차이가 있습니다.,,https://static.service.skmagic.com/editor/faq/ckimg/c3a7e46ab3ec40e584dc59973210f5dd.png
의류건조기,제품 설치시 주의사항은 무엇인가요,의류건조기 설치시 주의사항 및 설치가 적합한 환경인지 확인이 필요합니다. 다음 내용을 체크해 주세요 바닥이 평평한 안정된 장소에 설치해주세요. -바닥이 고르지 않으면 진동과 소음의 원인이 됩니다. 제품과 벽면의 거리는 30cm 이상의 간격을 두고 설치해주세요. -전원플러그 및 전원선이 훼손되어 화자 또는 감전의 원인이 됩니다. -제품 전면으로는 건조기 도어를 열 수 있는 공간도 확보되어야 합니다. 제품의 수평을 맞춰 설치해주세요. -수평이 맞지 않으면 소음 및 오작동의 원인이 됩니다. <수평 조절 다리 이미지> 통풍이 잘되는 환기가 가능한곳에 설치해주세요 -열풍건조방식의 의류건조기는 방이나 거실처럼 실내설치는 불가하며 건조시 배출되는 습하고 뜨거운 열기로 인해 환기가 잘 되지 않으면 곰팡이 및 결로가 발생할 수 있습니다. 또한 배기주름관 및 배기구 주변에 열에 약한 물건을 놓지 말아주세요. -열풍건조방식의 의류건조기 - WDRGA07 WDRMD07 설치가 적합한 장소인지 확인해 주세요. -영하의 온도로 내려갈수 있는곳에 설치를 피해주세요. 내부 부품 및 응축수가 얼어 제대로 작동하지 않을 수 있으며 장기간 방치시 제품 수명 단축의 원인이 될 수 있습니다. 히트펌프건조식 모델 (WDRHM10) 설치 권장온도 : 5℃~35℃ -화장실처럼 습기가 많은 환경 및 실외의 장소도 설치가 적합하지 않습니다. 습기 햇빛 계절별 온도 및 날씨의 영향으로 제품 고장의 원인이 될 수 있습니다. 의류건조기 전원콘센트는 벽면콘센트에 단독으로 연결하여 설치해주세요. -다른 전력량이 큰 전기제품과 함께 연결하여 사용시 전기용량이 부족하여 차단기가 내려갈 수 있습니다. -멀티연장선 사용시 정격용량 250V 15A 이상되는 멀티콘센트를 이용하여 의류건조기 제품만 연결하여 사용해주셔야합니다. 연결하는 콘센트가 접지콘센트인지 확인이 필요합니다. -접지가 되어있지 않은 무접지 콘센트에 연결시 제품에서 미세한 전기흐름을 느낄 수 있습니다. 멀티콘센트 연결시에도 접지가 있는 멀티콘센트를 사용해주셔야합니다. 단 무접지 콘센트의 경우 접지공사는 전기전문업체에 의뢰하셔야합니다.,,https://static.service.skmagic.com/editor/faq/ckimg/03be82790c764acea5817ed53f425a39.png|https://static.service.skmagic.com/editor/faq/ckimg/04c07c616d8f47a79c486889854bc98a.png
의류건조기,버튼 작동이 안돼요,잠금 기능이 설정되어 있을경우 버튼 조작이 되지 않으며 모델별 잠금 설정버튼을 3초이상 누르면 잠금기능이 설정 또는 해제가 됩니다. 잠금기능은 제품이 동작 중일때 설정이 가능합니다. ①모델명 : WDRHM10 [알림음]+[구김방지] 버튼을 동시에 3초 이상 눌러주세요. ② 모델명 : WDRGA07 [예약]+[건조정도] 버튼을 동시에 3초 이상 눌러주세요. ③ 모델명 : WDRMD07 [예약]+[구김방지] 버튼을 동시에 3초 이상 눌러주세요. 특정 일부버튼만 작동이 안되는 경우는 서비스점검이 필요합니다.,,없음
의류건조기,시간 표시창 아래 각 표시등의 의미가 궁금해요,의류건조기의 상태를 시간 아래 표시등 램프로 확인할 수 있습니다. [해] 모양은 건조기능이 작동중임을 알려주는 표시입니다. [다리미] 모양은 옷감 구김방지 기능이 작동중임을 알려주는 표시입니다. [회전날개] 모양은 송풍(냉풍) 기능이 작동중임을 알려주는 표시입니다. [양문] 모양은 대기중임을 알려주는 표시입니다. [Filter] 모양은 보푸라기 필터가 막혀있음을 알려주는 표시입니다. [Full] 모양은 물통이 만수됨을 알려주는 표시입니다. 모델에 따라 내용에 차이가 있을 수 있습니다.,,https://static.service.skmagic.com/editor/faq/ckimg/7694b920b0024260ac6f66b0f5955ce9.png
의류건조기,물통에 물이 없는데 [물통비움] 알림이 떠요,[물통비움] 알림이 발생한다면 물통을 제품에서 분리하여 물을 완전히 비워주세요. 물통에 물이 비워진 상태에서도 [물통비움] 알림이 계속 발생한다면 서비스 점검이 필요합니다.,,없음
의류건조기,제품 사용시 주의사항은 무엇인가요,세탁물의 건조 목적으로만 사용해 주세요. 신발 음식물 동식물 등을 넣으시면 안됩니다. 제품과 물품의 파손과 상해의 원인이 됩니다. 건조기 사용 가능한 건조물인지 확인해 주세요. 건조기 사용이 불가한 의류는 제품 및 의류 손상의 원인이 됩니다. 지퍼 후크 단추가 달려있는 의류는 뒤집어서 지퍼를 닫아서 건조해주세요. 소음 발생 및 다른 의류의 손상 원인이 될 수 있습니다. 기름성분 가연성 신나 벤젠 인화성 물질이 묻은 건조물은 건조하지 마세요. 가연성세척제(얼룩 왁스제거제) 아세톤 알코올 벤젠 휘발유 석유 등유 헤어스프레이 헤어젤 식용유 오일 화장품 등이 묻은 건조물은 폭발 및 화재의 원인이 되므로 절대 건조금지입니다. 탈수가 완전히 되지 않은 건조물을 제품에 넣지 마세요. 물이 흐르는 건조물에 의해 제품이 손상될 수 있으며 화재/감전의 원인이 됩니다. 제품이 회전중일때는 절대로 손을 넣지 마시고 도어나 물통 등에 손이 끼이지 않도록 주의해 주세요. 상해의 원인이 됩니다. 건조기 작동시 도어를 자주 열어보지 마세요. 건조가 잘 되지 않거나 건조시간이 늘어나는 원인이 됩니다. 제품 외관에 액체세제 표백제 벤젠. 시너 알코올 등을 묻히지 마시고 수세미 등으로 닦지 마세요. 제품 표면의 코팅이 부식되거나 변색의 원인이 됩니다. 작동 전 건조물에 라이터 성냥 금속류 등의 물체를 꺼낸 후 사용해 주세요. 제품의 파손 폭발 화재의 원인이 됩니다. 작동 후 필터 청소 및 물통의 물을 반드시 비워주세요. 건조 성능 및 건조시간 제품 작동여부에 영향을 미칩니다. 필터는 반드시 조립한 후 사용해 주셔야 합니다. 건조시 배수되는 물은 뜨거우므로 손대지마시고 배수된 물은 절대로 음용하지 마세요. 의류건조기 전원콘센트는 벽면콘센트에 단독으로 연결하여 설치해주세요. 다른 전력량이 큰 전기제품과 함께 연결하여 사용시 전기용량이 부족하여 차단기가 내려갈 수 있습니다. 멀티연장선 사용시 정격용량 250V 15A 이상되는 멀티콘센트를 이용하여 의류건조기 제품만 연결하여 사용해 주셔야 합니다. 연결하는 콘센트가 접지콘센트인지 확인이 필요합니다. 접지가 되어있지 않은 무접지 콘센트에 연결시 제품에서 미세한 전기흐름을 느낄 수 있습니다. 멀티콘센트 연결시에도 접지가 있는 멀티콘센트를 사용해 주셔야 합니다. 단 무접지 콘센트의 경우 접지공사는 전기전문업체에 의뢰하셔야합니다.,,없음
의류건조기,건조기 필터 교체가 가능한가요,보푸라기 필터 열교환기 필터는 소모품으로 별도로 구매가 가능하며 자가적으로 교체하실 수 있습니다.,,없음
의류건조기,열교환기 주변에 물방울이 맺히거나 고여있어요 (WDRHM10),히트펌프식 제품 열교환기 주변 또는 열교환기 필터에 물이 고이거나 맺혀있다면 확인해 주세요. 내부 습증기를 열교환기에서 제습/응축하여 고인물을 물통 또는 연속배수호스로 배출시키는 방식으로 해당 과정에 습기가 물방울로 맺히는 현상입니다. 히트펌프식 제품( WDRHM10) 의 열교환기 주변 결로 현상은 자연스러운 증상이며 열교환기와 열교환기 필터 청소 후 자주 환기 시켜주세요.,,https://static.service.skmagic.com/editor/faq/ckimg/476d8f1d609145888118a117c53c4dd8.png
의류건조기,건조 후 옷이 줄었어요,제품 작동 전 건조기 사용이 가능한 의류인지 라벨을 꼭 확인해 주셔야 합니다. 건조기 사용이 불가한 의류를 건조 할 경우 옷감의 변형 및 손상이 발생할 수 있습니다. 수축방지 가공이 되어있지 않은 의류는 건조기 사용이 불가합니다. 열에 의해 줄어드는 옷이 아니더라도 원래의 형상으로 돌아가려는 성질 때문에 옷감 수축 및 변형이 발생 할 수 있습니다. 재질에 맞는 건조 코스를 선택해 주세요. 열에 약한 의류 건조시 합성건조/저온건조를 이용해 주세요. 작동 종료 후 건조가 추가적으로 필요하다면 자연건조를 진행해 주세요. 옷감의 수축 및 변형을 예방할 수 있습니다.,,https://static.service.skmagic.com/editor/faq/ckimg/5a2714bdd7e641ae9b877dcc0a566f53.png
의류건조기,의류건조기 설치 위치를 변경하고 싶어요(옥내위치이동),제품의 설치 위치(옥내위치이동) 변경을 요청하실 경우 서비스 비용이 발생됩니다. RACK(렉) 설치가 되어 있지 않고 제품 단독으로 설치되어 있을 경우 전원 콘센트만 분리하여 위치 이동 후 다시 콘센트를 연결해 주시면 됩니다. 기존에 RACK(렉)을 설치하여 사용하셨다면 제품의 안전한 분리 및 설치를 위하여 서비스 접수를 권장해드립니다. 배수호스 및 배기주름관은 길이 연장이 불가하므로 설치 환경을 확인하여 위치를 변경해 주셔야 합니다.,,없음
의류건조기,건조기를 세탁기 위에 설치하고 싶어요 (직렬설치),설치 장소의 공간 협소로 세탁기 위에 설치를 요청하실 경우 RACK(렉) 거치대를 이용하여 직렬설치를 할 수 있습니다. RACK(렉) 단종으로 구매는 불가합니다. 기존 사용하던 RACK(렉)을 이용하여 설치 할 수 있습니다. RACK(렉)은 자사 의류건조기와 설치가 가능하며 타사 제품과는 설치가 불가합니다. RACK(렉) 설치 전 설치 장소의 공간을 필히 확인해 주세요. 너비 850mm × 높이 2000mm 이상의 최소 공간이 마련되어 있어야 설치가 가능합니다. RACK(렉)의 높낮이 및 사이즈 조절은 불가합니다.,,https://static.service.skmagic.com/editor/faq/ckimg/4b90ec1f03c3479ab554edc3ed5af7c9.png|https://static.service.skmagic.com/editor/faq/ckimg/1e3a6486b4d24386ae25485cfa0dc97d.png
의류건조기,도어의 방향을 변경할 수 있나요,의류건조기 도어 열림 방향은 변경이 불가합니다. 의류건조기 도어 열림 방향 변경이 필요한 경우 확인해 주세요. 의류건조기의 도어는 본체와 일체형으로 출고되어 구조상 변경이 불가합니다. 의류건조기 모델별 도어 열림 방향을 확인해 주세요. WDRHM10 WDRGA07 모델의 도어는 좌측에서 우측으로 열립니다. WDRMD07 모델의 도어는 우 측에서 좌측으로 열립니다.,,https://static.service.skmagic.com/editor/faq/ckimg/8596ad11a5ad4d83981a8f4379d578be.png|https://static.service.skmagic.com/editor/faq/ckimg/95a7b9587d2a46cea584b9c8bd944a73.png
의류건조기,도어 패킹이 빠졌어요,도어 패킹이 빠졌거나 변형되어 들떠있는 경우 열기가 외부로 배출되어 건조 성능이 저하될 수 있습니다. 도어 패킹이 빠졌을 경우 테두리 홈에 맞춰서 패킹을 다시 조립해 주세요. 많은 세탁물을 한번에 투입할때 도어 패킹이 빠져 세탁물과 함께 건조가 되는 경우가 있으니 주의해 주세요. 도어 패킹이 훼손 또는 변형된 경우 교체가 필요합니다.,,https://static.service.skmagic.com/editor/faq/ckimg/074059715a36475591de34b51696341d.png
의류건조기,작동 후 도어 유리와 도어 패킹 주변에 먼지가 묻어있어요,건조 종료 후 도어를 열었을때 도어 유리와 도어 패킹 주변으로 먼지가 묻어있을 수 있습니다. 건조시 발생하는 습기 및 정전기로 인해 도어와 패킹 주변으로 먼지나 보푸라기가 달라붙는 정상적인 현상으로 작동 종료 후 부드러운 젖은 헝겊을 이용하여 닦아주시면 됩니다. 내부 보푸라기 필터 청소 상태와 세탁물의 재질에 따라 먼지 및 보푸라기가 달라붙는 정도의 차이는 있을 수 있습니다.,,없음
의류건조기,부저음 알림음 소리가 안들려요,[알림]버튼을 이용하여 부저음 설정을 ON/OFF 할 수 있습니다. 단 부저음의 음량 조절은 불가합니다. 부저음 설정이 ON 되어있는 경우 스피커 모양의 부저음 램프가 점등됩니다. 부저음이 발생하지 않고 알림 램프가 OFF되어있을 경우 [알림/알림음]버튼을 눌러 부저음을 ON 설정해 주세요. 부저음 설정이 ON 되어있으나 소리가 나지 않을 경우 전원코드를 빼고 30초후 재연결하여 확인해 주세요. 부저음 설정을 OFF한 경우 작동 종료 알림음 및 버튼 누를때 부저음이 발생하지 않습니다.,,https://static.service.skmagic.com/editor/faq/ckimg/b7f2e581c82b40969ea472608b2d13c8.png
의류건조기,연속 배수호스를 연결했는데 배수가 안되고 [물통비움] 알림이 떠요,연속배수호스를 연결하여 작동시 [물통비움] 알림이 발생한다면 배수상태 확인이 필요합니다. 배수호스가 눌려있거나 꺾인 부분은 없는지 확인해 주세요. 배수호스로 배수가 되지 않을 경우 [물통비움] 알림이 발생하며 제품 작동이 정지됩니다. 배수호스가 얼지 않았는지 확인해 주세요. (동절기 시즌) 겨울철에는 건조기 사용 후 호스에 물이 남아있지 않도록 주의가 필요합니다. 배수호스에 물이 남아있을 경우 겨울철에 호스가 얼어버릴 수 있습니다. 호스가 얼었을 경우 따뜻한 물에 적신 수건으로 배수호스를 감싸서 녹여주세요.,,없음
의류건조기,건조 후 옷감이 손상됐어요/얼룩이 생겼어요,작동 전 세탁물에 금속물질(지퍼달린 의류 머리핀 동전 열쇠 등)이 남아있는지 확인해 주세요. 세탁물에 다른 물건이 남아 있는 상태에서 건조 할 경우 내부 드럼통 회전 시 마찰 및 걸림 현상이 발생되어 옷감 손상의 원인이 될 수 있습니다. 지퍼나 후크 단추가 달려있는 의류는 잠근 후 뒤집어서 건조해 주세요. 세탁물에 머리핀 동전 열쇠 등 다른 물건이 남아 있다면 제거 후 건조해 주세요. 2겹으로 된 의류는 안쪽이 바깥으로 나오게 뒤집어서 건조해 주세요. 건조기 사용이 가능한 의류인지 라벨을 확인해 주세요. 건조기 사용이 불가한 의류를 건조할 경우 옷감 손상의 원인이 됩니다. 세탁물의 세탁이 깨끗하게 되지 않았다면 건조 이후 얼룩이 발생 할 수 있습니다. 건조기는 세제 및 섬유유연제를 사용하지 않고 열풍을 이용하여 건조하는 원리이므로 자연적으로 얼룩이 발생될 수는 없습니다. 오일 화장품 등 의류에 묻은 오염 물질이 완전히 제거되지 못한 상태로 건조 될 경우 얼룩이 발견되는 경우가 많습니다. 보푸라기 필터 내부 드럼은 주기적으로 청소해 주세요.,,https://static.service.skmagic.com/editor/faq/ckimg/a465f72546644362b159ffbbbce99dbd.png
의류건조기,내부 램프 불이 안들어와요,모델명 : WDRHM10 도어를 열었을 경우에만 내부 램프가 자동적으로 점등됩니다. 도어가 닫혀있는 상태 작동 중 상태에서는 [조명]버튼을 누르면 내부 램프의 ON/OFF 설정이 가능합니다. ①[조명]버튼 한번 선택시 내부 조명이 점등되며 다시 [조명]버튼 선택시 내부 조명은 OFF됩니다. ②내부 조명이 점등되었을 경우 알려주는 알림표시입니다. 모델명 : WDRGA07 WDRMD07 도어를 열었을 경우에만 내부 램프가 자동적으로 점등됩니다. 내부 램프의 ON/OFF 설정 기능은 없습니다. 내부 램프는 제품 구조상 자가적으로 교체가 불가능하며,,https://static.service.skmagic.com/editor/faq/ckimg/971f9d4b65e443e6ad78f26afd6adfdf.png
의류건조기,의류건조기에서 전기가 느껴져요,접지가 되어있지 않은 무접지형 콘센 트에 연결하여 사용시 제품에서 전기가 느껴질 수 있습니다. 접지는 이상 전압의 발 생으로 부터 기기 를 보호하고 인체에 대한 위험을 방지하는 역 할을 합니다. 멀티콘센트 사용 시 멀티콘센트에도 접지 단자가 있 는지 확인이 필요 합니다. 콘센트에 접지가 없는 경우 전기설비전문가에게 별도로 전기 공사 를 의뢰해야 합니다.,,https://static.service.skmagic.com/editor/faq/ckimg/80814f54945c4d9488b3799cafba927f.png
의류건조기,이불 건조가 잘 안돼요,부피가 큰 이불의 경우 드럼내에서 방향 전환이 원활하게 되지 않을 수 있습니다. 동일한 부위만 회전되어 온풍이 직접 닿지 않는 이불 안쪽 및 충전재는 건조가 되지 않은 상태로 작동이 종료 될 수 있습니다. 작동 종료 후 추가로 건조가 필요할 경우 이불을 뒤집어 방향을 전환한 뒤 [시간건조]코스를 선택하여 건조해 주세요. 이불 건조시 주의사항을 확인해 주세요. 이불 건조는 2KG이하 드럼의 절반 정도인 봄/가을용 이불 한장 분량이 가장 적합합니다. 이불은 필히 단독 건조로 진행해 주세요. 동물성 또는 식물성 충전재가 들어있는 이불(오리털 거위털 양모 목화솜 등)은 건조가 불가 합니다.,,없음
의류건조기,도어 유리가 파손됐어요,도어 또는 도어 유리 파손시 자가적으로 조립 및 교체가 불가하며 서비스 점검이 필요합니다.,,없음
의류건조기,나만의 코스는 어떻게 설정해야하나요 (10KG 건조기),나만의 코스는 자주 사용하거나 선호하는 코스를 저장할 수 있는 기능입니다. 적용모델 : WDRHM10 건조코스 건조정도 구김방지 기능을 선택 한 뒤 [조명] 버튼을 3초 이상 눌러주세요. 3초 후 '띠링' 소리와 함께 프로그램이 저장됩니다. 저장된 프로그램은 작동 시 다이얼을 돌려 나만의 코스를 선택한 뒤 작동해 주세요.,,없음
의류건조기,물통의 물은 어떻게 비워야하나요 (WDRHM10),누수방지와 제품의 성능유지를 위해 물통의 물은 매회 작동 종료 후 비워주셔야 합니다. 물통 비우는 방법을 확인해 주세요. ①양손을 이용하여 물통을 몸쪽으로 당겨 제품에서 분리해 주세요. 물이 차있는 정도에 따라 물통이 무거울 수 있으니 반드시 양손을 이용해 주세요. ②물통의 파란색 배수마개를 분리한 뒤 물을 비운 후 물통을 흔들어 남은 잔수까지 비워주세요. ③물통의 배수마개를 닫고 다시 제품에 밀어 넣어 장착해 주세요. 물통 사용시 주의사항을 확인해 주세요. 물통의 용량은 5.5kg으로 물이 가득찬 경우 무거울 수 있으니 수시로 비워주세요. [물통비움] 표시가 뜨는 경우를 제외하고 건조기가 동작하는 중에는 물통을 절대 분리하지 마세요. 동절기에는 물통에 물이 담겨있으면 동파위험이 있으므로 반드시 물통의 물을 비워서 보관해 주세요.,,https://static.service.skmagic.com/editor/faq/ckimg/a8cf5c7dc36c4f08a08c96f81dac97cf.png
의류건조기,의류건조기에 건조가 가능/불가능한 의류는 무엇인가요,작동 전 의류건조기에 건조가 가능한 의류인지 필히 확인이 필요하며 건조가 불가한 의류 건조시 의류의 변형 수축 및 화재의 위험이 있습니다. 의류건조기에 건조가 가능한 의류의 구분은 의류에 부착된 '취급표시' 라벨을 확인해주시면 됩니다. 취급표시외 다음의 의류는 건조기 사용이 불가하므로 확인이 필요합니다.,,https://static.service.skmagic.com/editor/faq/ckimg/37aa1dc0e70d4d36be1f121f4813b896.png
의류건조기,배기주름관이 자꾸 빠지거나 헐거워요,배기주름관을 홈에 맞춰 조립해도 헐거워 자꾸 빠지거나 먼지가 새어 나온다면 서비스점 검이 필요합니다. 건조기에 연결된 주름관 호스 바로가기 [건조기에 연결된 주름관 호스는 무엇인가요],,없음
의류건조기,E3 E32 표시가 떠요. (WDRGA07 WDRHM10),[E3] [E32] 에러 (WDRGA07 WDRHM10 모델에 해당) 습도 센서 이상으로 발생하는 표시입니다. 본체 투입구 안쪽에 위치한 센서 표면을 부드러운 천으로 닦은 뒤 사용해 주세요.,,https://static.service.skmagic.com/editor/faq/ckimg/f2d4857526154ebba1076d87d0692826.png
의류건조기,작동중 도어가 혼자서 열려요,의류건조기는 내부에서 도어가 열릴 수 있는 구조이며 작동 중 외부에서도 도어를 열 수 있습니다. 젖어있던 세탁물이 건조 되면서 원래의 부피대로 돌아오며 커지면 세탁물에 도어 안쪽이 밀려 열릴 수 있습니다. 세탁물 종류에 따라 건조중량의 최대용량 50~60%(드럼의 절반정도)정도만 투입하는 것을 권장합니다. 이불은 봄 가을용 이불 한장 분량이 적합합니다.,,없음
의류건조기,건조된 세탁물에 먼지 보푸라기가 묻어 나와요,건조기 필터에 먼지가 쌓여있을 경우 세탁물에 먼지가 묻어 나올 수 있습니다. 필터 및 배기 주름관에 먼지가 가득 차 있는 경우 먼지나 보푸라기가 필터로 흡입되지 못하고 세탁물에 묻어 나올 수 있습니다. 건조 시간 단축 및 건조 성능을 높이기 위하여 사용 전 또는 사용 후 보푸라기 필터를 반드시 청소해 주세요. 세탁물 재질을 구분해서 건조해 주세요. 재질 특성상 먼지나 보푸라기가 잘 붙는 세탁물의 경우 다른 세탁물과 분리하여 건조해 주세요. 세탁물의 재질 종류에 따라 먼지 및 보푸라기의 발생 정도는 차이가 있습니다.,,https://static.service.skmagic.com/editor/faq/ckimg/96e9dbe16da24ccb8e1fab4baa115d59.png
의류건조기,신발 건조 및 선반 건조 기능이 있나요,자사 건조기는 별도의 선반 건조 및 신발 건조 기능은 없습니다. 신발은 소재에 따라 변형과 훼손의 위험이 있고 제대로 건조가 되지 않으므로 신발 건조는 절대 불가합니다.,,없음
의류건조기,건조기 겨울철 제품 관리 방법이 궁금해요,의류건조기 설치 환경을 확인해 주세요. 영하의 온도에서는 내부 부품 및 응축수가 얼어 제대로 작동하지 않을 수 있으며 장기간 방치시 제품 수명 단축의 원인이 됩니다. 제품이 설치된 장소의 온도가 영하로 내려가지 않도록 주의가 필요합니다. 겨울철 의류건조기 관리 방법을 확인해 주세요. 배수호스 또는 물통에 물이 남아있는 물이 영하의 온도에 얼지 않도록 비워주세요. 결빙 동파의 위험이 있는 장소라면 보온재로 호스 등을 감싸 대비하여 주세요. 호스가 결빙되었을 경우 따뜻한 물에 적신 수건을 호스에 감싸 녹여주세요. 결빙이 발생된 부위를 직접적인 열에 노출시킬 경우 열가열로 인해 손상될 수 있으므로 주의해 주세요.,,없음
의류건조기,어린이 잠금기능은 어떻게 설정하나요?,어린이 잠금기능은 작동시 어린이가 임의로 버튼 조작하는것을 방지하기 위해 설정할 수 있는 기능입니다. 어린이 잠금기능은 제품 동작중에만 설정이 가능하며 잠금기능의 설정/해제방법은 모델에 따라 상이합니다. WDRHM10 모델의 잠금기능 설정과 해제 방법을 참고해 주세요. 잠김기능 설정시 [알림음]+[구김방지] 버튼을 동시에 3초 이상 눌러주세요. 잠김기능 해제시 전원버튼을 누르거나 다시 [알림음]+[구김방지] 버튼을 동시에 3초 이상 눌러주세요. WDRGA07 모델의 잠금기능 설정과 해제 방법을 참고해 주세요. 잠김기능 설정시 [예약]+[건조정도] 버튼을 동시에 3초 이상 눌러주세요. 잠김기능 해제시 전원버튼을 누르거나 다시 [예약]+[건조정도] 버튼을 동시에 3초 이상 눌러주세요. 잠금기능은 버튼 조작부에만 영향을 미치는 기능으로 건조코스 다이얼은 잠금설정이 되지 않습니다. WDRMD07 모델의 잠금기능 설정과 해제 방법을 참고해 주세요. 잠김기능 설정시 [예약]+[구김방지] 버튼을 동시에 3초 이상 눌러주세요. 잠김기능 해제시 전원버튼을 누르거나 다시 [예약]+[건조정도] 버튼을 동시에 3초 이상 눌러주세요.,,없음
의류건조기,건조정도 기능은 어떻게 조절해야하나요,세탁물의 탈수 정도에 따라 건조 정도를 선택하여 작동하실 수 있으며 설정 방법은 모델에 따라 상이합니다. [건조정도] 설정으로 세탁물의 탈수가 강하게 되었다면 건조시간을 단축시키고 세탁물의 세탁이 약하게 되었다면 건조 시간을 연장하여 작동할 수 있습니다. WDRHM10 건조정도 설정 방법 건조코스 선택 후 세탁물의 탈수정도에 맞춰 [건조정도] 단계를 설정해 주세요. [건조정도] 버튼을 눌러 약한건조>일반건조>강력건조>최강건조 4단계로 설정할 수 있으며 선택버튼을 누를 때마다 5분씩 건조시간이 증가됩니다. 다 림질용 란제리 울/섬세 시간건조 송풍 리프레시 코스는 건조정도를 설정할 수 없습니다. WDRMD07 건조정도 설정 방법 건조코스 선택 후 세탁물의 탈수정도에 맞춰 [건조정도] 단계를 설정해주시면 됩니다. [건조정도] 버튼을 눌러 약한건조>일반건조>강력건조 3단계로 설정할 수 있으며 선택버튼을 누를 때마다 3분씩 건조시간이 증가됩니다. 다림질용 시간건조 코스는 건조정도를 설정할 수 없습니다. WDRGA07 건조정도 설정 방법 건조코스 선택 후 세탁물의 탈수정도에 맞춰 [건조정도] 단계를 설정해주시면 됩니다. [건조정도] 버튼을 눌러 약한건조>일반건조>강력건조>최강건조 4단계로 설정할 수 있으며 선택버튼을 누를 때마다 10분씩 건조시간이 증가됩니다. 다림질용 시간건조 코스는 건조정도를 설정할 수 없습니다.,,https://static.service.skmagic.com/editor/faq/ckimg/b58ed8ab28df41be8136201273f88722.png|https://static.service.skmagic.com/editor/faq/ckimg/3dd0fd6aec1e4595b4781221da62a4e5.png|https://static.service.skmagic.com/editor/faq/ckimg/dc200783f695499590ab3cef96421def.png
의류건조기,E33 E36 표시가 떠요. (WDRMD07 WDRHM10),[E33] [E36] 에러 (WDRMD07 WDRHM10 모델에 해당) 온도 센서의 단락 또는 단선으로 발생하는 표시입니다. 전원 코드선 분리 후 30초 뒤 다시 연결하여 확인해 주세요.,,없음
의류건조기,전원 콘센트선과 외관이 파손됐어요,제품 전원 콘센트 및 제품 외관의 파손은 서비스 점검이 필요합니다. 제품 외관은 자가적으로 분리 및 조립이 불가합니다. 전원 콘센트선은 제품 내부에 연결된 부품으로 별도 판매되지 않으며 자가적으로 교체가 불가합니다.,,없음
의류건조기,WDRGA07 배기주름관 위치를 바꾸고 싶어요,배기주름관은 제품 뒷면 또는 좌측 (정면기준)으로 연결을 할 수 있습니다. WDRGA07 모델의 배기주름관 위치 교체 방법입니다. ①변경할 위치의 배기주름관 덮개를 일자드라이버를 이용하여 분리해주세요. ②기존 연결되어있던 배기주름관을 좌측으로 돌려 분리해 주세요. ③배기주름관 커버도 덮개분리와 동일한 방법으로 분리한 후 배기주름관 덮개를 조립해 주세요. ④배기주름관 변경할 위치에 커버를 먼지 끼워준 후 배기주름관을 홈에 맞춰 끼고 우측으로 돌려 조립해 주세요. ⑤연결 후 작동하여 먼지가 새어나오지 않는지 확인해 주세요. 배기주름관 커버 및 덮개 분리시 강한 힘을 가할 경우 파손될 수 있으니 주의해 주세요.,,https://static.service.skmagic.com/editor/faq/ckimg/494c5b0cb4c74faf9f04ed8363cae217.png|https://static.service.skmagic.com/editor/faq/ckimg/81973f881f0649a697de0e37fbf9081a.png|https://static.service.skmagic.com/editor/faq/ckimg/8f84f66886ed46f4ba770cf25923f36c.png|https://static.service.skmagic.com/editor/faq/ckimg/88954136a8944256a4c5a28676efb00b.png
의류건조기,건조시간이 끝났는데도 드럼이 돌아가요,설정된 건조시간이 종료되면 열기 발생 없이 드럼만 회전하는 구김 방지 코스가 자동으로 작동됩니다. 구김방지 코스란 건조 후 세탁물의 구김을 방지하기 위하여 열기 없이 드럼만 일정 시간 동안 주기적으로 회전을 하는 코스입니다. 구김방지 코스는 건조 종료 후 별도의 설정없이 자동으로 진행되며 수동으로 [구김방지]버튼을 눌러 추가적으로 설정도 가능합니다. 수동으로 [구김방지] 설정 시 건조 종료 후 2시간 동안 구김 방지 코스가 작동됩니다. 자동으로 진행되는 구김방지의 작동시간은 모델에 따라 상이합니다. WDRMD07 WDRHM10 건조 종료 후 자동으로 30분간 구김 방지 코스가 작동됩니다. WDRGA07 건조 종료 후 자동으로 10분간 구김 방지 코스가 작동됩니다.,,없음
의류건조기,의류건조기 에너지소비효율등급은 어떻게 되나요,의류건조기 에너지소비효율 등급은 2020년 3월부터 적용되었습니다. WDRHM10 : 2등급 (2020년 3월 생산품부터 적용) WDRGRA07 WDRMD07 : 에너지소비효율등급 제외 (등급 적용 전 출시 모델),,없음
의류건조기,물통(배수통) 용량이 궁금해요 (WDRHM10),물통(배수통)의 총 용량은 5.5L입니다. 세탁물의 섬유 종류별 탈수 정도에 따라 공기중으로 증발되는 수분의 양은 다르기 때문에 1회 사용 시 물통(배수통)에 차는 용량 확인은 어렵습니다. 만수 시 약 5.5L의 물이 가득차 있어 무거울 수 있으니 사용 후 물통(배수통)을 꼭 비워주세요. 파란색 배수마개를 분리하여 물을 비워주세요.,,https://static.service.skmagic.com/editor/faq/ckimg/1f8df6f337a64307a5ab672b9b519ba7.png
의류건조기,도어를 열면 노란색 패드가 붙어있어요 그대로 사용하면 되나요 (10KG 건조기),노란색 패드는 제품 운송 중 도어와 본체가 외부에 의해 손상되지 않도록 부착된 보호 패드입니다. 부착된 보호패드는 반드시 제거 후 사용해야 합니다. 보호패드를 제거하지 않고 사용할 경우 도어가 완전히 밀폐되지 않아 보푸라기 먼지 등을 유발할 수 있으며 도어 사이로 열기가 빠져나와 건조 시간이 오래 걸릴 수 있습니다.,,https://static.service.skmagic.com/editor/faq/ckimg/90b420b993bc4f6a9aad0078c0903635.png
의류건조기,해외에서 의류건조기 사용이 가능한가요,국내전용 제품으로 해외에서는 사용이 불가합니다. 국내 220V 60HZ 전압과 주파수가 맞지 않을 경우 제품의 오작동이 발생할 수 있으며 고장 및 안전사고의 원인이 될수 있습니다. 해외에서 사용 중 제품의 문제 발생시 A/S 및 처리가 불가합니다.,,없음
전동식 빨래건조대,건조봉 상하 작동이 안돼요,건조봉 상하 작동이 정상적으로 되지 않을 경우 아래 내용을 확인해 주세요. 다음 내용을 체크해 주세요 건조봉 상하 작동이 되지 않는 경우 리셋 스위치를 확인해 주세요. 적용모델 - 2018년 10월 이후 생산된 MED304 MED314 본체 끝쪽에 얇은 회색 막대 형태의 리셋스위치를 긴 막대 등 도구를 이용하여 위쪽으로 밀어 스위치를 올리는 작업을 2-3회 반복 후 사용해 주세요. <리셋스위치 이미지> 리셋 스위치가 없는 모델은 설치된 장소의 누전 차단기를 확인해 주세요. 적용모델 - 2018년 10월 이전 생산된 MED304 MED314 및 그 밖의 모델 설치된 장소의 차단기 스위치를 내린 뒤 30초 후 올려 램프 송풍 상하 작동이 모두 정상적으로 작동되는지 확인해 주세요. <차단기 이미지> 건조봉 상하 작동 외 다른 기능도 작동 되지 않는 경우 확인해 주세요. 설치된 장소의 차단기 스위치를 내린 뒤 30초 후 올려 램프 송풍 상하 작동이 모두 정상적으로 작동되는지 확인해 주세요. 본체에 전원이 들어와 있으나 작동 되지 않는다면 리모컨의 건전지를 교체 후 확인해 주세요. 바로가기 : [전동식 빨래건조대]전동 빨래건조대가 작동이 안돼요/리모컨 작동이 안돼요,,https://static.service.skmagic.com/editor/faq/ckimg/4cec106b66084681b2413a960b92a33b.png|https://static.service.skmagic.com/editor/faq/ckimg/9b4613cadb5b4345bcdd56d33889d091.png
전동식 빨래건조대,전동식 빨래건조대가 작동이 안돼요/리모컨 작동이 안돼요,전동식 빨래건조대가 작동하지 않는 경우 확인해 주세요. 다음 내용을 확인해 주세요 제품에 전원은 들어와있는지 확인해 주세요. 제품 설치된 장소의 누전차단기가 내려가 있는지 확인 후 내려가 있다면 원상복구를 해주세요. 제품이 베란다에 설치되어있는 경우 베란다전등스위치가 빨래건조대로 연결되어 있을 수 있으므로 빨래건조대 전원스위치가 있다면 스위치 상태를 확인해 주세요. <전등 스위치 예시> 리모컨의 건전지는 교체하였나요? 리모컨 버튼을 누를때 리모컨 램프에 불이 들어오는지 확인 후 불이 들어오지 않는다면 새건전지를 구매하셔서 교체해 주세요. 리모컨 램프에 불이 들어오더라도 버튼을 여러번 눌러야 작동이 되거나 간헐적 작동이 잘 안되는 경우에도 새건전지를 교체하여 사용해 주세요. 특정기능만 작동이 안되나요? 조명이 들어오지 않는 경우 LED램프는 교체 작업을 위해 서비스 접수를 진행하셔야 하며 삼파장 램프의 경우 램프만 구매하여 자가적으로 교환이 가능합니다. 송풍팬은 5cm이내 바람이 느껴진다면 정상이며 바람이 전혀 느껴지지 않을 경우 서비스 신청이 필요합니다. 2018년 10월 이후 생산된 MED304 MED314 모델의 건조봉 상 하 작동이 되지 않는 경우 본체 끝쪽에 얇은 회색 막대 형태의 리셋스위치를 긴 막대 등 도구를 이용하여 위쪽으로 밀어 스위치를 올리는 작업을 2-3회 반복 후 사용해 주세요. 2018년 10월 이후 생산된 MED304 MED314 외 모델의 건조봉 상 하 작동이 되지 않는 경우 설치된 장소의 차단기 스위치를 내린 뒤 30초 후 올려 상하 작동이 모두 정상적으로 작동되는지 확인해 주세요. <리셋스위치 이미지>,,https://static.service.skmagic.com/editor/faq/ckimg/c7c4dcd8b4e34722ba6ef3c5d8f9af56.png|https://static.service.skmagic.com/editor/faq/ckimg/c13c7e320fc543d58ceb44cfd01554aa.png
전동식 빨래건조대,전원이 안들어와요,전동빨래건조대에 전원이 들어오지 않으면 모든 기능이 작동되지 않습니다. 다음 내용을 체크해 주세요 차단기가 내려가 있는지 확인합니다. 제품이 설치된 장소의 누전차단기가 내려가 있는지 확인해 주세요. 차단기가 내려가 있다면 다시 원상복구하여 확인해 주세요. 베란다 전등스위치를 확인합니다. 전동빨래건조대가 재택 내 베란다에 설치되어있는 경우 대부분 베란다에 있던 전등을 제거하고 그 위치에 제품을 설치하게 됩니다. 이때 베란다의 전등 ON/OFF 스위치가 따로 있었다면 전동빨래건조대의 전원도 전등스위치로 설정을 해주셔야 합니다. 베란다 또는 거실에 [베란다 전등스위치]가 있는지 꼭 확인해 주세요. 리모컨 건전지를 교체해 주세요. 리모컨의 건전지 방전으로 제품 작동이 되지 않을 수 있습니다. 리모컨 버튼을 눌렀을때 램프에 불이 들어오지 않는다면 새건전전지로 교체하여 사용해 주세요.,,없음
전동식 빨래건조대,본체 및 와이어가 파손됐어요,다음 내용을 확인해 주세요 제품 외관 및 X자 링크 와이어 등은 자가적으로 분리와 조립이 불가하므로 서비스 점검이 필요합니다.,,https://static.service.skmagic.com/editor/faq/ckimg/d39daa3a29da44ed81a71102c116016d.png
전동식 빨래건조대,부속품을 교체하고 싶어요,다음 내용을 확인해 주세요 제품 모델명과 구매하실 부속품을 확인해 주세요. 이불고리는 한쌍(2개)만 제품의 구성품으로 포함되어 있어 추가로 필요하신 경우 별도로 구매하셔야 합니다.,,없음
전동식 빨래건조대,램프에 불이 안들어와요,다음 내용을 확인해 주세요 램프 기능이 장착 되어 있는 모델인지 확인해 주세요. MED314ANL MED314N 모델은 램프가 장착되어 있지 않습니다. 램프는 점등 후 30분이 지나면 자동으로 OFF됩니다. 30분이 경과하여 자동으로 OFF된 경우 다시 램프를 점등하여 확인해 주세요. 다른 기능은 정상적으로 작동되고 램프 에만 불이 들어오지 않는다면 램프 교체가 필요합니다. 할로겐 램프의 경우 램프 구매 시 자가적으로 교체가 가능하며 LED램프일 경우 서비스 접수가 필요합니다.,,없음
전동식 빨래건조대,이사를 하는데 이전설치는 어떻게 해야하나요,전동식 빨래건조대는 특수설치가 필요하여 서비스 홈페이지를 통한 분리/재설치 접수는 불가합니다. 서비스 요청시 분리 비용과 재설치 비용은 각각 발생됩니다. [서비스센터 홈페이지-이용 요금안내] 에서 비용 확인이 가능합니다. 제품 이동서비스는 불가하므로 제품과 부속품을 빠짐없이 챙기신 후 재설치하는 장소까지 옮겨주셔야합니다.,,없음
전동식 빨래건조대,제품에서 이상 소음이 발생해요,제품 동작시 일반 작동소음이 아닌 굉음 및 작동과 상관없이 울리는 부저음 등 이상소음 발생시 서비스점검이 필요합니다.,,없음
전동식 빨래건조대,송풍팬이 돌아가지 않아요,다른 기능은 정상적으로 작동이 되며 송풍팬 기능만 작동이 되지않는다면 서비스 점검이 필요합니다. 송풍팬은 작동 후 2시간 후 자동으로 OFF 됩니다. 시간이 지나 송풍팬 작동이 멈춘거라면 다시 작동을하여 확인해 주세요.,,없음
제습기,DEH140L 제습이 안돼요 물통에 물이 고이지 않아요.,물통에 물이 고이지 않을 경우 자동제습 또는 습도(수동제습)로 설정되어 있는지 확인해 주세요. 자동제습은 기준 습도가 55%입니다. 기준습도 이하에 도달하면 압축기가 멈추고 바람만 나오는 송풍 모드로 작동됩니다. 이후 기준 습도 55%이상으로 다시 올라가면 압축기가 작동되면서 다시 제습이 시작됩니다. 수동제습은 원하는 습도 및 풍량을 직접 선택하여 사용할 수있으며 전원을 켰을 때 상단에 표시되는 현재의 습도보다 희망 습도를 낮게 설정해야 합니다. 예) 현재의 습도가 40%인데 희망 습도를 50% 설정했다면 물통에 물이 고이지 않습니다. 제습이 안될 경우 연속제습으로 설정되어 있는지 확인해 주세요. 연속제습은 자동제습 습도(수동제습)를 선택하지 않고 전원 콘센트만 연결하면 주변 습도의 영향을 받지 않고 연속으로 작동(제습)합니다.,,https://static.service.skmagic.com/editor/faq/ckimg/c9c530b7f88b4346bcd832ac2497057d.png
제습기,제습기를 사용해도 습도가 내려가지 않아요,제습기능으로 설정하여 사용해 주세요. 송풍모드에서는 제습 기능이 작동하지 않습니다. 주변에 가습기가 없는 상태로 사용해 주세요. 창문을 닫아 외부 습도 유입을 차단한 후 사용해 주세요.,,없음
제습기,작동이 안돼요 (DEH140LI0 DEH140LI1),만수에러 표시를 확인해 주세요. 물통에 물이 가득 차 만수 에러가 뜨는 경우 물통을 비워 주세요. 물통이 조금이라도 분리되었거나 조립 상태가 올바르지 않을 물통을 끝까지 밀어 넣은 뒤 제대로 장착해 주세요. 만수감지 표시등이 켜지면 [전원]버튼을 제외한 모든 버튼 조작이 불가합니다. 잠금 표시를 확인해 주세요. [풍량]버튼을 3초간 눌러 잠금 기능을 ON/OFF 할수 있습니다. 잠금 기능이 ON상태일 경우 자물쇠 표시등이 켜집니다. 잠금 기능 설정 시 [전원] 버튼을 제외한 모든 버튼 조작이 불가합니다. 전원이 켜지지 않을 경우 확인해 주세요. 전원 코드를 정상적으로 연결했을 경우 '삐~'하는 알림음이 3번 발생되며 이후 전원 버튼을 1초이상 길게 눌러야 '삐~' 알림음이 1번 울린 후 전원이 켜집니다.,,https://static.service.skmagic.com/editor/faq/ckimg/af2f0e65290d41d393e3f1f6c6435dce.png|https://static.service.skmagic.com/editor/faq/ckimg/b7d41e8c5ad240c4b43523d436c4ce6e.png
제습기,E1 E2 에러가 발생 되나요?(DEH140LI0 DEH140LI1),E1에러코드 : 온도센서 또는 센서 연결부(회로)가 고장으로 인식되어 발생되는 에러입니다. E2에러코드 : 습도센서 또는 센서 연결부(회로)가 고장으로 인식되어 발생되는 에러입니다. 전원 콘센트를 분리 한 뒤 다시 연결해 주세요. 전원을 다시 연결한 뒤에도 동일 증상이 계속된다면 서비스 접수가 필요합니다.,,없음
제습기,작동시 소음이 너무 커요.,제습기 작동시 소음이 너무 심한가요? 습한 공기를 빨아들여 빠르게 냉각시킨 뒤 물로 만드는 과정에서 '웅~' 또는 '윙~'하는 콤프레셔 작동음이 들릴 수 있습니다. 당사 제품은 210mm 의 대용량 팬을 적용하여 팬이 작동할 때 발생하는 소음을 최소화 하였습니다. dB( 데시벨) 측정 기준 아래 기준표는 제품 전면 측정거리 1.5m기준으로 작성되었으며 제습기 작동 30분 이후 측정된 소음입니다. 제습기 전원을 켜거나 종료할 때 덜컹하는 소음이 발생되나요? 전원을 껴거나 종료할 때 진동이 발생되면서 '덜컹'하는 소음이 발생될 수있습니다. 이는 콤프레셔 발진음으로 정상 소음입니다.,[표1] | 측정거리 | 위치 | dB( 데시벨 ) | | --- | --- | --- | | 측정거리 1m | 측면 ( 물통방향 ) | 37.2dB | | 후면 ( 흡입구 먼지필터 방향) | 42.7dB |  | | 측정거리 1.5m | 측면 ( 물통방향 ) | 33.3dB | | 후면 ( 흡입구 먼지필터 방향) | 38dB |  |,https://static.service.skmagic.com/editor/faq/ckimg/9c7d427eee6d40ba84c361c5e6e28438.png
제습기,L3 L4에러가 발생 되나요?(DEH140LI0 DEH140LI1),L3에러코드 : 주변 온도가 45℃ 이상 으로 30초 이상 지속될 경우 발생되는 에러입니다. L4에러코드 : 주변 온도가 0℃ 이하 로 60초 이상 지속될 경우 발생되는 에러입니다. 제품 고장이 아님으로 안심하고 사용하셔도 됩니다. L3에러의 경우 45℃이하 로 온도가 내려가면 제품이 정상적으로 자동 작동됩니다. L4에러의 경우 0℃이상 으로 온도가 올라가면 제품이 정상적으로 자동 작동됩니다.,,없음
제습기,제습기 Lo/HI 에러가 발생 되나요?(DEH140LI0 DEH140LI1),제습기 Lo 에러 주변 습도가 30% 미만시 표기 됩니다. 제습기에서 측정이 불가능할 정도로 습도가 낮을때 표기되며 주변 습도 체크 후에 발생 됩니다. 습도가 30% 이상 감지될 시 정상작동 됩니다. 제품 이상이 아니므로 안심하시고 사용해주세요. 제습기 HI 에러 주변 습도가 90% 이상시 표기 됩니다. 주변 습도 체크 후 발생되며 습도가 90% 이하로 감지될 시 정상작동 됩니다. 제품 이상이 아니므로 안심하시고 사용해주세요.,,없음
제습기,제습기 HS에러가 발생 되나요?(DEH140LI0 DEH140LI1),HS에러는 자동 제상 기능 동작중 표기 입니다. 제품 내부 온도가 적정 사용 온도 이하로 내려갈 경우 발생하는 표기로 성에를 자동으로 제거합니다. 성에가 발생하면 디스플레이에 HS 가 나타나며 자동 제상모드로 동작합니다. 자동 제상모드 중에는 버튼 조작은 가능하나 컴프레셔가 작동하지 않아 제습이 되지 않습니다. 제상모드 종료 시 자동으로 정상 작동 됩니다.,,https://static.service.skmagic.com/editor/faq/ckimg/3e6e3700fad34d778489348e64ce4b13.png
제습기,조작부 기능별 사용방법 (DEH140LI0 DEH140LI1),자동제습 사용방법 [자동제습]버튼을 누르면 표시등이 켜지고 자동 제습이 시작됩니다. 주변 환경에 따라 습도를 감지하여 작동하며 기준 습도는 55%입니다. 기준 습도 이하가 될 경우 압축기는 정지되고 송풍기만 작동되며 이후 기준 습도55%에 다시 도달하면 자동 제습으로 작동됩니다. 습도(수동제습) 사용방법 [습도]버튼을 누르면 표시등이 켜지고 습도(수동제습)기능이 시작됩니다. [습도]선택 후 [◀] []버튼을 눌러 원하는 목표 습도를 설정할 수 있으며 습도 설정 범위는 40%~80%입니다. 기본 설정된 습도는 40%이며 [◀] []버튼을 누를때 마다 5%씩 증가 또는 감소합니다. 연속제습 사용방법 [자동제습] 또는 [습도]버튼을 선택하지 않으면 기본 연속제품 모드로 작동합니다. 연속제습 모드는 주변 습도에 영향을 받지 않기 때문에 연속으로 작동합니다. 의류 건조 등 연속 동작이 필요할 경우 사용해 주세요. 메모리 기능 사용방법 전원을 껐다 다시 켰을 때 전원을 종료하기 직전 사용한 모드가 자동으로 이어서 작동됩니다. 단 종료 직전 타이머를 설정한 상태라면 전원을 다시 켰을 때 초기화되며 연속제습으로 작동됩니다.,,https://static.service.skmagic.com/editor/faq/ckimg/f89e8b9257804db1895f82331bf2d977.png|https://static.service.skmagic.com/editor/faq/ckimg/44ceda012f3348eca6cc0a9a37317a4f.png
제습기,내부 물기를 제거하고 싶어요.,제습기능 작동 후 전원만 종료한 경우 송풍모드(바람만 나오는 단계)로 1분간 작동한 뒤 멈추게 됩니다. 이때 내부 응축기쪽의 열기로 남아있는 물기는 자연건조 됩니다. 제품 장기 미사용 시 체크사항 자동제습 수동제습 모드 작동 시 정해진 습도에 도달하면 송풍모드로 전환됩니다. 송풍모드로 10~20분 가량 작동 후 전원을 종료하면 남아있는 물기는 자연 건조 됩니다. 이때 습도가 낮은 곳에서 1시간 동안 두고 난 뒤 비닐로 밀봉하여 보관해 주세요.,,없음
제습기,연속 배수호스 연결 방법 (DEH140LI0 DEH140LI1),연속 배수호스 연결 방법을 확인해 주세요. 배수호스 연결 연속 배수호스가 작동 중 꼬이거나 막히지 않도록 주의해 주세요. 영하의 온도에선 연속 배스호스를 사용하지 마세요. 호스 내부의 물이 얼어 응축수가 역류할 수있습니다.,,https://static.service.skmagic.com/editor/faq/ckimg/1db729aed1504f89a388180962143791.png|https://static.service.skmagic.com/editor/faq/ckimg/8485bd631c6249739c41581d999875b5.png|https://static.service.skmagic.com/editor/faq/ckimg/fb4c1560ebc6402bbf7a68bfbfe2fcc3.png
제습기,작동시 제품 외관이 너무 뜨거워요.,작동시 제품이 너무 뜨거운데 정상인가요? 습한 공기가 증발기쪽을 통과하면서 차가워지고 다시 응축기쪽 뜨거운 열기를 만나게 되며 제습수가 만들어집니다. 이때 토출구로 뜨거운 바람이 나와 제품 및 주위 공기가 덥고 뜨겁게 느껴질수 있으며이는 제습수를 만들기 위한 정상작동 과정입니다. 인체와 비슷한 온도 36.5℃로 괘적하다 라고 하는데 측정 기준이 있나요? 외부온도는 사용후 1시간 후 측정으로 진행합니다. 제습수를 만들면서 제품 자체 및 외부 온도가 높아져도 만수(물이 가득참)가 되면 자동으로 작동이 멈추게 됨으로 안심하시고 사용하셔도 됩니다. 단 밀폐된 좁은 공간에서 사용시 온도 상승 우려가 있음으로 연속 사용보다는 적절한 습도설정 및 시간 예약 사용을 권장합니다.,[표1] | 측정기준 |  | | --- | --- | | 사용평수 16 평 오픈된 공간의 경우 | 바람 토출구 측정시 약 36.5℃ ( 상부 30cm 거리에서 33℃ 확인 ) | | 사용평수 3 평 밀폐된 공간의 경우 | 바람 토출구 측정시 약 40℃ (12 시간 사용 47℃ 이상 ) |,https://static.service.skmagic.com/editor/faq/ckimg/a452828472014be2a86bc7df0db535b7.png
제습기,풍량 조절 방법 (DEH140LI0 DEH140LI1),[풍량]버튼을 누르면 약>중>강>약 순서로 풍량이 조절됩니다. 약 단계에서 5초간 아무런 조작이 없을 경우 수면모드로 전환되며 LED 밝기가 약해집니다. 이때 주변 환경이 밝을 경우 경우 LED가 보이지 않을 수 있으며 램프 OFF기능은 없습니다. 연속제습 자동제습 수동제습 등 모든 제습 모드에서 사용할 수 있습니다.,,https://static.service.skmagic.com/editor/faq/ckimg/81502cdd71124ffa869ab9464c9575bb.png
제습기,타이머 설정 방법 (DEH140LI0 DEH140LI1),타이머 기능 설정 방법 [타이머]버튼을 선택하면 램프가 점등되고 타이머 기능이 작동됩니다. ◀버튼으로 원하는 예약시간 조절이 가능하며 설정 가능한 예약시간 범위는 1~24시간 입니다. 설정된 예약이 되면 자동으로 제품이 꺼집니다. 타이머 설정 후 전원을 끄면 설정이 모두 초기화 됩니다. 표시창에 현재 습도가 표시될 때 [타이머]버튼을 한번 더 누르면 설정된 타이머 시간을 확인할 수 있습니다.,,https://static.service.skmagic.com/editor/faq/ckimg/c74d0b5419624440bab987e1ba130f83.png
정수기,여름철 정수기 사용 및 관리 방법이 궁금해요,휴가 출발 전/도착 후 정수기 조치 방법 얼음이 나오지 않나요? 얼음이 녹거나 깨져서 나오나요? 냉수가 시원하지 않나요? 정수기 아래로 물이 새나요?(결로현상) 정수기 많이하는 질문보기(클릭),,없음
정수기,이사를 하는데 이전설치는 어떻게 해야하나요,정수기 분리 또는 설치시 부속품 손상 및 누수 발생 위험 요소가 있어 서비스 접수를 권장합니다. 서비스 요청시 분리 비용과 재설치 비용은 각각 발생됩니다. [이용 요금안내] 에서 비용 확인이 가능합니다. 구독제품을 일반구매제품으로 접수시 비용이 추가될 수 있습니다. 제품 이동서비스는 불가하므로 분리된 제품은 부속품들을 빠짐없이 챙기신 후 설치하는 장소까지 옮겨주셔야 합니다. 조리수밸브 설치 요청시 기존의 조리수밸브도 분리하여 가져오셔야 합니다. 조리수밸브 교체 및 설치 요청시 추가 비용 발생됩니다.,,없음
정수기,냉수 램프가 켜져있는데 냉수가 안 나와요.(직수형 얼음정수기),출수안됨 내부 온도 변화에 의한 일시적인 현상일 수 있음으로 아래와 같이 확인해 주세요. ①정수기의 냉수 기능을 'OFF'상태로 설정한 뒤 냉수 사용을 멈춰주세요. ②12시간 이상 경과 후 냉수 기능을 다시 'ON'상태로 설정해 주세요. ③냉수 선택 후 연속으로 총 3회 출수해 주세요. (1회당 약 1L~1.5L) 제품 모델별 [냉수] ON/OFF 설정 방법,,https://static.service.skmagic.com/editor/faq/ckimg/1dea7e36ba7b4b0698366916596ecf05.png
정수기,정수기에서 물이 나오지 않아요,정수기에서 모든 물이 출수되지 않는 경우 다음 내용을 확인해 주세요. 전원코드가 정상적으로 연결되어 있는지 확인해 주세요. 전원코드선 연결상태 확인 및 콘센트 이상 여부를 확인해 주세요. 역삼투압 정수기의 경우 전원이 꺼져있다면 승압펌프도 가동되지 않습니다. 취수량을 확인해 주세요. 역삼투압 정수기와 탱크형 정수기는 연속취수량이 1L 이상정도가 되면 저수조에 물이 채워지는 시간이 약 1-2시간이상 소요가 됩니다. 물을 사용하지 않고 2시간 이후 출수되는지 확인해 주세요. 물 공급 상태를 확인해 주세요. 정수기와 연결된 수도의 단수여부를 확인해 주세요. 물이 지나는 호스가 꺾이거나 눌려있진 않은지 확인해 주세요. 중간밸브나 볼밸브 원수도밸브가 모두 열린 상태로 출수가 되는지 확인해 주세요. 역삼투압 정수기와 탱크형 정수기는 밸브를 열고 두시간 이후 출수가 되는지 확인해 주세요. 겨울철에는 한파로 인해 수도가 동파되거나 정수기 호스선이 결빙될 수 있으니 호스선 결빙시 뜨거운 물수건으로 호스를 감싸서 녹여주세요. 밸브 잠김상태와 열림상태를 확인해 주세요. 밸브 손잡이의 날개 부분이 호스 방향과 일치하면 밸브는 열림 상태입니다. 모델에 따라 내용에 차이가 있을 수 있습니다.,,https://static.service.skmagic.com/editor/faq/ckimg/ce3b6965a5414704aea59454321a01be.png|https://static.service.skmagic.com/editor/faq/ckimg/9cbbfc3c26674a36a9374a0ede071d58.png|https://static.service.skmagic.com/editor/faq/ckimg/e19e69baa1244cf9a9cd974618f5119f.png|https://static.service.skmagic.com/editor/faq/ckimg/7aa68e8f25fb4f2bb56055354d1916f6.png
정수기,WPUIAC403 원코크 얼음물 정수기 얼음이 안 나와요.,[얼음] 버튼을 10초이상 길게 눌러 주세요. 내부 보관통에 있던 얼음이 출빙되기 위해 아래에서 위로 올라오는 구조임으로 [얼음]버튼을 길게 눌러주세요. 단 [얼음물]버튼은 짧게 눌러도 출수 가능합니다. [얼음]램프가 켜져 있는지 확인해 주세요. [얼음]버튼이 잠금 상태일 경우 버튼을 누르면 '띵띵'~소리와 함께 램프에 불이 들어오지 않습니다. [얼음]잠금해제 : [잠금]버튼을 3초간 누른 뒤 [얼음]버튼을 누르면 약 7초 후 잠금이 해제됩니다. [얼음]잠금해제 이후 얼음 보관통에 얼음이 없을 경우 바로 출빙되지 않습니다. 냉수 사용량을 확인해 주세요. 냉수 사용량이 많을 경우 얼음 생성이 지연됩니다. 냉수를 사용하지 않은 상태에서 1~2시간 이후 확인해 주세요. 온수 및 고온수가 정상적으로 출수되는지 확인해 주세요. 배수호스 꺾임 여부에 대한 확인을 온수 또는 고온수 출수 여부로 대체하여 확인해 주세요. 얼음이 생성되는 시간을 확인해 주세요. 얼음은 한번에 5개씩 생성됩니다. 주위 온도에 따라 생성되는 속도와 시간이 다르며 평균 약 15분~20분 정도 소요됩니다. 팬 필터를 청소해 주세요. ①제품 뒷면 하단 우측 먼지필터 손잡이를 앞으로 당겨 분리해 주세요. ②필터의 먼지는 흐르는 물에 깨끗이 세척 후 건조하여 다시 조립해 주세요.,,https://static.service.skmagic.com/editor/faq/ckimg/d464812120b24474a2b89a3e6217f0b4.png|https://static.service.skmagic.com/editor/faq/ckimg/c739c2a715db433680b98689dbe0b304.png|https://static.service.skmagic.com/editor/faq/ckimg/8bb292feae5f4835abdab26dd46a7ede.png|https://static.service.skmagic.com/editor/faq/ckimg/1796c54db4514919901402feb5d241c3.png|https://static.service.skmagic.com/editor/faq/ckimg/44654bb1c9644b41b98c486352a390dd.png
정수기,냉수버튼과 온수버튼을 누르면 띵 소리만 나고 작동이 안돼요 (직수형정수기),냉수 또는 온수 버튼을 누르면 '띵' 소리만 나고 버튼 선택이 되지 않는다면 해당 버튼이 잠겨있을 수 있습니다. 냉수와 온수버튼이 잠겨있지 않나요? 자물쇠모양 열쇠모양 온수잠금 냉수잠금 등 잠금 램프가 점등되어있는 경우 사용하려는 기능이 잠겨있을 수 있습니다. 버튼이 잠겨있는 경우 버튼 선택이 되지 않습니다. 제품별 냉수와 온수 버튼 잠금 설정 및 해제방법을 확인해 주세요. 설정변경 및 해제를 위해 버튼을 눌렀으나 작동하지 않을경우 전원코드선을 분리한 뒤 30초 후 재연결하여 작동해 주세요.,,https://static.service.skmagic.com/editor/faq/ckimg/8500286a634143f9aacc2578fc7ad66f.png
정수기,얼음이 나오지 않아요/생성되지 않아요,제빙 기능이 켜져 있나요? 얼음ON/OFF 램프 또는 얼음 모양 램프가 켜져있어야 제빙이 되어 얼음을 출빙할 수 있으므로 램프 점등 상태를 확인해 주세요. [얼음] 버튼 또는 [얼음]+[출빙]버튼을 5초이상 길게 누르면 제빙기능을 ON/OFF 할 수 있습니다. 전체 버튼 또는 얼음 출빙 버튼이 잠겨있지 않나요? 얼음 잠금 또는 전체 잠금 램프가 켜져있는 경우 출빙이 불가하므로 버튼 잠금 상태를 확인해 주세요. 잠금 상태가 아니라면 출빙버튼을 10초이상 길게 눌러 얼음이 출빙되는지 확인해 주세요. 냉수나 얼음 사용량이 많았나요? 냉수 우선 적용 프로그램으로 냉수를 사용하는 동안은 얼음 생성이 지연됩니다. 냉수를 사용하지 않은 상태에서 약 1~2시간 이후 확인해 주세요. 정상적으로 물공급이 되고 있나요? 연결된 정수기에서 물이 나오는지 확인해 주세요. 정수기 물이 나오지 않는다면 중간밸브 및 수도밸브의 잠김 상태 또는 급수 호스의 꺾임 눌림 등이 없는지 확인해 주세요. 위 내용대로 했으나 얼음이 나오지 않나요? 제품의 전원코드선을 분리한 뒤 30초 후 재연결하여 얼음ON 버튼이 점등된 상태로 2시간 후 얼음을 사용해 주세요.,,없음
정수기,냉수가 차갑지 않아요,냉수 램프가 켜져있는지 확인해 주세요. 냉수 램프가 꺼져있다면 냉수 램프를 ON으로 변경해 주세요. 냉수 램프가 이미 점등된 상태라면 전원 코드선을 분리한 뒤 10초 후 재 연결하여 확인해 주세요. 단 탱크형 모델은 전원 코드선 재 연결 후 1시간 뒤 확인해 주세요. 종이컵을 이용하여 냉수 온도를 확인해 주세요. 여름철에는 급수되는 원수(수도) 주변 환경에 따라 온도가 상승되어 냉수 온도가 미지근할 수 있습니다. 머그컵 유리컵 등 컵 재질 및 두께에 따라 첫잔 온도가 높을 수 있음으로 종이컵으로 두 번째 잔을 출수하여 냉수 온도를 확인해 주세요. 한번에 많은 물을 사용한 경우에는 1시간 후 냉수 온도를 확인해 주세요. 1L이상 한번에 많은 물을 사용했을 경우 냉각수가 차가워지는데 까지 시간이 소요가 됩니다. 특히 여름철은 냉수 사용량이 많음으로 냉수가 미지근한 경우엔 최소 1시간 이후 사용해 주세요. 제품 좌 우 후면이 벽면 또는 다른 가전으로 부터 최소 10cm이상의 여유 공간이 있는지 확인해 주세요. 정수기에서 발생하는 열기가 밖으로 순환되지 못하면 내부가 과열되어 냉수가 미지근하게 나올 수 있음으로 벽면 또는 다른 가전으로 부터 최소 10cm이상의 여유 공간이 필요합니다.,,없음
정수기,냉수와 온수 물이 출수가 안돼요 (WPUC500 WPUC520),냉수가 차갑지 않은 경우 냉수 ON/OFF 램프가 켜져있는지 확인해 주세요. 냉수 ON/OFF 버튼을 5초 이상 길게 눌러 냉수 기능을 ON/OFF 할 수 있습니다. 온수가 뜨겁지 않은경우 온수 ON/OFF 램프가 켜져있는지 확인해 주세요. 온수 ON/OFF 버튼을 5초 이상 길게 눌러 온수 기능을 ON/OFF 할 수 있습니다. 물이 전혀 나오지 않는 경우 확인해 주세요. 냉수ON/OFF 버튼과 냉수선택버튼이 점등된 상태에서 냉수 출수가 가능합니다. 온수ON/OFF 버튼과 온수선택버튼이 점등된 상태에서 온수 출수가 가능합니다. 버튼을 눌러도 반응이 없는 경우 확인해 주세요. 해당 버튼 하나만 누른게 맞는지 확인 후 5초 이상 반응이 있을 때까지 눌러 확인해 주세요. 제품의 전원콘센트를 분리한 뒤 30초 후 재연결하여 확인해 주세요.,,https://static.service.skmagic.com/editor/faq/ckimg/ebc3f4227a724431b362966fb93e57b4.png
정수기,버튼을 눌러도 작동이 안돼요 (직수형정수기),직수형 정수기의 모든 버튼이 작동되지 않는 경우 확인해 주세요. 버튼이 잠겨있지 않은지 확인해 주세요. 자물쇠모양 열쇠모양 온수잠금 냉수잠금 등 잠금 램프가 점등되어있는 경우 사용하려는 기능이 잠겨 있을 수 있습니다. 버튼이 잠겨있는 경우 각 버튼 잠금 해제 방법을 통하여 버튼 잠금을 해제하거나 전원코드를 분리 후 10초 뒤 재연결하여 확인해 주세요. 잠금 해제 후에도 모든 버튼이 작동하지 않고 램프가 깜빡거리거나 부저음이 발생하는 경우 확인해 주세요. 제품 내부에 누수가 발생 시 바닥 부분의 센서가 이를 감지하여 자동으로 누수 차단 장치를 작동시키며 발생하는 증상입니다. 누수 차단 장치가 작동되면 누수 사고 예방을 위해 급수 자체가 차단됩니다. WPUA1000 WPUA1100 WPUIAC403 WPUJAC103 WPUJCC103 제품은 필터교체 후 약 10분간 자동필터 세척이 진행되어 버튼 사용이 불가하므로 시간이 지난 후 확인해 주세요. WPUA1000 WPUA1100 WPUIAC403 WPUJAC103 WPUJCC103 제품은 직수관 안심케어 기능 작동중에는 버튼 사용이 불가하므로 작동완료 후 확인해 주세요. 누수차단 장치가 작동하여 버튼 작동이 안되는 경우 전문가의 안내가 필요합니다.,"[표1] | 적용모델 | | --- | | WPUA500, WPUA600, WPUA620, WPUA630, WPUA710, WPUA720 WPUA800 WPUA900, WPUA1000, WPUA1100, WPUI100 WPUI110,WPUI120, WPUI200, WPUI210 WPUI220, WPUI230, WPUIAC302, WPUIAC403, WPUJAC103, WPUJCC103 WPUGBC102, WPUGB112 |",없음
정수기,스스로 직수정수기 '띵띵띵' 소리가 나고 물이 안 나와요 (WPUA1000 WPUA1100),출수버튼을 누르면 '띵띵띵띵' 소리가 나고 물이 출수되지 않는 경우 필터 커버를 올바르게 조립한 후 확인해 주세요. 급수상태와 밸브 잠김 상태를 확인해 주세요. 정수기로 물이 공급되는 호스가 눌려있거나 꺾인 부분은 없는지 확인해 주세요. 정수기가 연결된 수도가 단수되지 않았는지 확인해 주세요. 수도밸브와 중간밸브가 잠겨있다면 밸브를 열고 출수가 되는지 확인해 주세요. 필터와 연결된 볼밸브를 확인해 주세요. 필터 교체 이후 물이 나오지 않는다면 필터와 연결된 볼밸브의 잠김상태를 확인해 주세요. (중간밸브와는 다름) 중간밸브가 [열림]상태여도 필터와 연결된 볼밸브가 [잠김]상태라면 정수기로 물이 공급되지 않습니다. 직수형 정수기는 본체 후면 또는 측면 필터 덮개를 분리하면 볼밸브 확인이 가능하며 탱크형 정수기는 필터가 장착되어있는 전면 하부 또는 상부의 판넬을 분리하면 확인이 가능합니다.,,https://static.service.skmagic.com/editor/faq/ckimg/1c9378a9a4b04f1b9a0f2e351743ff03.png|https://static.service.skmagic.com/editor/faq/ckimg/4e6c4bb740294f8a9432822579db149d.png|https://static.service.skmagic.com/editor/faq/ckimg/f599d12d84664b979dbde1c6aa2c6dc2.png
정수기,정수기 설치 시 주의사항은 무엇인가요,정수기를 설치할 장소의 환경에 따른 주의사항을 확인해 주세요. 정수기는 바닥으로부터 높이 3M 이하 수전과의 거리 20M 이하에서 설치가 가능합니다. 수전이 외부에 있거나 정수기를 실외에 설치하는 등 결빙 및 동파가 예상되는 장소의 설치가 불가합니다. 카운트형 정수기의 경우 물받이를 장착한 상태의 제품 길이보다 설치할 공간의 깊이가 짧은 경우 설치가 불가합니다. 수전이 벽에 묻힌 경우 설치가 불가합니다. 정수기를 설치할 장소의 수질에 따른 주의사항을 확인해 주세요. 폐수 하천 축산 등 주변에 오염이 심한 장소 또는 염분이 많은 장소에 설치가 불가합니다. 상수도 지역에는 모든 정수 방식의 정수기 설치가 가능하나 중공사막 방식 또는 나노테크 방식의 정수기 설치를 권장합니다. 지하수 및 간이상수도 지역에는 역삼투압 방식의 정수기 설치가 가능합니다. 모델에 따라 내용에 차이가 있을 수 있습니다.,,https://static.service.skmagic.com/editor/faq/ckimg/0be60d5c44854be190525157413c7859.png
정수기,정수기에서 여러가지 소리가 나요,정수기 동작시 나타나는 소리를 확인해 주세요. 웅~ 윙~ 소리는 콤프레셔와 팬이 내부의 열 순환을 위해 작동하며 발생하는 정상 소음입니다. 물이 흐르는 소리는 원수가 공급되거나 배수되며 발생하는 정상 소음입니다. 덜덜덜 떨림 소리는 제품의 수평이 맞지 않거나 제품위에 물건을 올려두었을 경우 발생하는 진동 소음입니다. 커피포트 물 끓는 소리는 온수 사용시 순간가열이 진행되며 발생하는 정상 소음입니다. 물 공급 호스가 떨리는 소리는 수압이 강한 경우 발생할 수 있습니다. 원수도 밸브 또는 중간밸브를 조금만 잠그고 사용해 주세요. 얼음정수기에서 달그락 툭 탁 소리가 나는 경우 제빙된 얼음이 아이스룸으로 떨어지며 발생하는 정상 소음입니다. 얼음정수기에서 바람이 빠지는 소리가 나는 경우 제빙된 얼음을 떨어트리기 위해 냉매가 순환되며 발생하는 정상 소음입니다. 정수기 동작시 나타나는 정상 소리가 아닌 다른 소리가 지속적으로 발생하나요? 제품에 연결된 호스선이 당겨지는 범위내에서 정수기의 위치를 조금만 움직여 소음이 줄어든다면 정수기의 수평상태 확인 및 위치를 소폭 이동해 주세요. 제품의 전원콘센트를 분리한 후 30초 후 연결하여 확인하여도 동일한 경우 서비스점검이 필요합니다.,,없음
정수기,얼음정수기에서 소음이 나요 (올인원직수얼음정수기),웅~ 윙~ 하는 소음 정수기는 냉수의 적정 온도를 유지하기 위해 콤프레샤와 팬이 작동하면서 소음이 발생합니다. 정수기 측면과 뒷면이 벽면과의 거리가 10cm이상 여유 공간이 있는지 확인해 주세요. 방열판 덮개에 먼지가 많이 쌓여있다면 소음이 커지므로 청소를 해주세요. 탁~ 툭~ 드르륵 소음 생성된 얼음이 아이스룸(얼음보관통)으로 떨어지는 소음이 발생됩니다. 아이스룸(얼음보관통)이 비어있는 상태에서는 더 크게 소리가 들릴수 있습니다. 물 흐르는 소음 아이스룸에 보관되어 있던 얼음이 녹거나 얼음 생성 후 남은 물이 배수 되면서 물 흐르는 소음이 발생합니다. 생성된 얼음을 아이스룸(얼음보관통)으로 떨어뜨리기 위해 냉매가 순환하는 소음이 발생됩니다. 위 내용과 같은 증상이라면 제품의 고장이 아닌 정상 작동 소음입니다. 그 외 이상 소음이 지속적으로 발생하면 서비스 접수가 필요합니다.,,없음
정수기,온수가 안나와요 (직수형 정수기),정수와 냉수는 정상적으로 출수되지만 온수만 출수가 되지 않는 경우 아래 내용을 확인해 주세요. 온수 버튼의 잠김 상태를 확인합니다. 온수 버튼이 잠긴 상태에서는 온수 버튼 선택이 되지 않아 출수할 수 없습니다. 온수 잠금 램프에 불이 들어와있는 경우 잠금 해제 후 사용해 주세요. <제품별 온수 잠금 램프 위치> 제품별 온수 버튼 잠금 설정 및 해제방법을 확인해 주세요.,[표1] | 적용모델 | 냉수잠금 | 온수잠금 | 전체잠금 | | --- | --- | --- | --- | | WPUIAC403 WPUIAC302 WPUJAC103 WPUJCC103 | https://static.service.skmagic.com/editor/faq/ckimg/0e12b4cdb61c4c9ea46841d2404f2a36.png | https://static.service.skmagic.com/editor/faq/ckimg/c9e079806e414ba385f91814fc8acb45.png | ▶전체잠금 설정 및 해제 불가 | | WPUI230 WPUI130 WPUI220 WPUI120 WPUI210 WPUI110 WPUI200 WPUI100 | https://static.service.skmagic.com/editor/faq/ckimg/1d1c3995cc8d49ed8edfe68e728ca115.png | https://static.service.skmagic.com/editor/faq/ckimg/571c1f8c575446f084ec5003d349b0b9.png | https://static.service.skmagic.com/editor/faq/ckimg/2dcd3d06ef324c29b4ee696c1018c86a.png | | WPUA1000 WPUA1100 WPUA720 WPUA710 WPUA700 WPUA630 WPUA620 WPUA600 WPUA701 WPUA601 WPUA500 | https://static.service.skmagic.com/editor/faq/ckimg/14389bdab6ce4fd5a159554f6e74cf37.png | https://static.service.skmagic.com/editor/faq/ckimg/df9c0aabbe8f409dbf7c40c94eebb0c2.png | https://static.service.skmagic.com/editor/faq/ckimg/d4b6ce8e010f4349abd626a6e4a26d77.png | | WPUA900 WPUA800 | https://static.service.skmagic.com/editor/faq/ckimg/cfb493238f4d428882ddf4c50e031369.png | https://static.service.skmagic.com/editor/faq/ckimg/7f6b3be473b340bc89790a6be6a84423.png | ▶전체잠금 설정 및 해제 불가 | | WPUA220 WPUA120 | https://static.service.skmagic.com/editor/faq/ckimg/42f1978806fa410c9f9b4dde4669e945.png | https://static.service.skmagic.com/editor/faq/ckimg/768743fa5ffe4315ac8584923bdb5d1c.png | https://static.service.skmagic.com/editor/faq/ckimg/76daa0c75e8a4e79a15562cd9573fb2c.png | | WPUA210 WPUA110 WPUA200 WPUA100 | https://static.service.skmagic.com/editor/faq/ckimg/028c79cb95dd44e286c559c92b739b07.png | https://static.service.skmagic.com/editor/faq/ckimg/c6bb15c097834b77b7efb6a2dd2fbd58.png | https://static.service.skmagic.com/editor/faq/ckimg/7434636121ed438fa3b8b0f2ea26d1ce.png |,https://static.service.skmagic.com/editor/faq/ckimg/499167d65103460daa47e5ce4b06876a.png|https://static.service.skmagic.com/editor/faq/ckimg/0e12b4cdb61c4c9ea46841d2404f2a36.png|https://static.service.skmagic.com/editor/faq/ckimg/c9e079806e414ba385f91814fc8acb45.png|https://static.service.skmagic.com/editor/faq/ckimg/1d1c3995cc8d49ed8edfe68e728ca115.png|https://static.service.skmagic.com/editor/faq/ckimg/571c1f8c575446f084ec5003d349b0b9.png|https://static.service.skmagic.com/editor/faq/ckimg/2dcd3d06ef324c29b4ee696c1018c86a.png|https://static.service.skmagic.com/editor/faq/ckimg/14389bdab6ce4fd5a159554f6e74cf37.png|https://static.service.skmagic.com/editor/faq/ckimg/df9c0aabbe8f409dbf7c40c94eebb0c2.png|https://static.service.skmagic.com/editor/faq/ckimg/d4b6ce8e010f4349abd626a6e4a26d77.png|https://static.service.skmagic.com/editor/faq/ckimg/cfb493238f4d428882ddf4c50e031369.png|https://static.service.skmagic.com/editor/faq/ckimg/7f6b3be473b340bc89790a6be6a84423.png|https://static.service.skmagic.com/editor/faq/ckimg/42f1978806fa410c9f9b4dde4669e945.png|https://static.service.skmagic.com/editor/faq/ckimg/768743fa5ffe4315ac8584923bdb5d1c.png|https://static.service.skmagic.com/editor/faq/ckimg/76daa0c75e8a4e79a15562cd9573fb2c.png|https://static.service.skmagic.com/editor/faq/ckimg/028c79cb95dd44e286c559c92b739b07.png|https://static.service.skmagic.com/editor/faq/ckimg/c6bb15c097834b77b7efb6a2dd2fbd58.png|https://static.service.skmagic.com/editor/faq/ckimg/7434636121ed438fa3b8b0f2ea26d1ce.png
정수기,정수기 본체에서 물이 새요,본체 아래에서 물고임이 발견되었나요? 제품 내 외부의 온도 편차로 인해 냉각기 표면에 맺힌 물방울이 본체 밑으로 떨어질 수 있습니다. 냉수 기능을 꺼둔 뒤 물기를 닦아내고 1시간 후 냉수 기능을 켜 사용해 주세요. 지속적인 물고임 발생시 서비스 점검이 필요합니다. 본체 아래에서 지속적으로 물고임이 발생하나요? 물기를 닦아내고 냉수 기능을 꺼둔 상태에서도 추가로 물이 새어나온다면 누수일 수 있습니다. 전원코드선를 분리한 후 중간밸브를 잠가둔 상태로 서비스 접수를 진행해 주세요. 설치환경에 따라 수전의 위치 밸브의 모양은 상이할 수 있습니다.,,https://static.service.skmagic.com/editor/faq/ckimg/c23549c197de45e5aaada35e9f40c590.png
정수기,스스로 정수기 필터 교체 방법이 궁금해요(WPUA1000CWPUA1100C WPUJAC103WPUJCC103),필터를 이용자가 직접 교체할 수 있는 모델인지 확인해 주세요. 직접 필터 교체가 가능한 모델에 한하여 확인해 주세요. 필터 교체 후 커버 조립이 완료되면 5초 후 [자동 필터 세척] 기능이 약 10분정도 작동됩니다. [자동 필터 세척] 작동중에는 전면 LED가 순차적으로 점멸하며 물을 출수할 수가 없습니다. 필터 세척 종료 후 제품을 사용해 주세요. 적용모델 WPUA1000 WPUA1100 WPUJAC103 WPUJCC103 직접 필터 교체가 불가능한 모델인 경우 서비스 접수가 필요합니다.,,https://static.service.skmagic.com/editor/faq/ckimg/1cc837200a1b428cb826ffbe0528ccb5.png
정수기,정수 필터 폐기방법이 궁금해요 (스스로직수정수기 에코미니정수기),정수필터란? 물속의 이물질을 걸러내어 물을 이용하기 적합한 상태로 만들어주는 장치입니다. 정수 필터 폐기는 어떻게 해야 하나요? 사용이 끝난 폐필터는 일반종량제 봉투에 넣어서 폐기하시면 됩니다.,,없음
정수기,스스로 직수정수기에서 물이 나오지 않아요 (WPUA1000 WPUA1100),스스로 직수정수기는 자동 필터 세척 직수관 안심케어 기능 작동시 정수기에서 물이 나오지 않습니다. 제품 상단 또는 전면의 램프가 깜빡거리고 버튼 작동 되지 않는 경우 상단 또는 전면 램프가 깜빡이고 버튼 작동이 안되는 경우 [자동필터세척] [직수관 안심케어]기능이 작동중임으로 절대 전원을 끄지 마세요. [자동필터세척] [직수관 안심케어] 기능은 약10~15분 동안 작동하며 작동하는 동안 물 출수가 불가합니다. [자동필터세척] 기능은 필터를 교체하거나 필터 커버를 3초이상 열었다 닫을 경우 자동으로 약10분 동안 작동됩니다. [직수관 안심케어] 기능은 120시간(5일)마다 자동으로 약 15분 동안 작동되며 수동으로 작동하고 싶은 경우 직수관 안심케어 버튼을 5초 이상 누르면 가능합니다. 출수버튼을 누르면 '띵띵띵띵' 소리가 나고 물이 출수되지 않는 경우 필터 커버를 올바르게 조립한 후 확인해 주세요. 급수상태와 밸브 잠김 상태를 확인해 주세요. 정수기로 물이 공급되는 호스가 눌려있거나 꺾인 부분은 없는지 확인해 주세요. 정수기가 연결된 수도가 단수되지 않았는지 확인해 주세요. 수도밸브와 중간밸브가 잠겨있다면 밸브를 열고 출수가 되는지 확인해 주세요. 필터와 연결된 볼밸브를 확인해 주세요. 필터 교체 이후 물이 나오지 않는다면 필터와 연결된 볼밸브의 잠김상태를 확인해 주세요. (중간밸브와는 다름) 중간밸브가 [열림]상태여도 필터와 연결된 볼밸브가 [잠김]상태라면 정수기로 물이 공급되지 않습니다. 직수형 정수기는 본체 후면 또는 측면 필터 덮개를 분리하면 볼밸브 확인이 가능하며 탱크형 정수기는 필터가 장착되어있는 전면 하부 또는 상부의 판넬을 분리하면 확인이 가능합니다.,,https://static.service.skmagic.com/editor/faq/ckimg/7ef60d7690974fb0a7e15fa4d99bf316.png|https://static.service.skmagic.com/editor/faq/ckimg/1c9378a9a4b04f1b9a0f2e351743ff03.png|https://static.service.skmagic.com/editor/faq/ckimg/4e6c4bb740294f8a9432822579db149d.png|https://static.service.skmagic.com/editor/faq/ckimg/f599d12d84664b979dbde1c6aa2c6dc2.png
정수기,정수기 위치를 변경하고 싶어요,제품 설치시 연결된 급수 또는 배수호스등의 분리없이 제품만 위치 변경이 필요한가요? 제품과 연결된 설치 부품의 분리 재설치가 불필요한 경우 바로 옆으로만 이동이 가능합니다. 자가에서 직접 이동이 가능한 정도로 제품을 눕히거나 뒤집지 않고 가볍게 밀어 옮겨주시면 됩니다. 제품이 이동하는 과정에서 연결된 호스와 전기선등이 꺾이거나 눌리진 않았는지 확인해 주세요. 제품 설치시 연결된 급수 또는 배수호스등의 분리 재설치가 필요한 위치로 변경이 필요한가요? 바로 옆으로 이동하는게 아닌 연결된 부품의 분리 및 재설치가 필요한 경우에는 서비스 접수가 필요하며 별도의 비용이 발생 됩니다. 직접 위치 변경 시 누수 발생 위험이 있으므로 서비스 접수를 권장합니다.,,없음
정수기,IOT 연결이 안돼요,[SK매직 서비스센터] 어플(APP)을 정상적으로 설치한 뒤 IOT 사용이 되지 않는 경우 아래 내용을 확인해 주세요. IOT 연결 오류시 다음 내용을 확인해 주세요. 가전제품의 와이파이 램프가 켜져있는지 확인해 주세요. 램프가 꺼져 있다면 가전의 와이파이 버튼을 5초 이상 길게 눌러 램프에 불이 들어오는지 확인해 주세요. 램프가 켜져 있다면 가전의 와이파이 램프 OFF방법으로 램프를 끈 후 다시 와이파이 버튼을 5초 이상 눌러 점등되는지 확인해 주세요. 연결할 와이파이가 인터넷에 연결되어있고 비밀번호가 설정되어 있는지 확인해 주세요. 연결하려는 와이파이의 신호(강도)가 안정적인지 확인해 주세요. 연결할때에는 가전제품과 와이파이와 스마트폰이 10m이내여야 연결 가능합니다. 다른 스마트폰으로 확인해 주세요. 스마트폰에 따라 일부 기능을 지원하지 않을 수 있습니다. IOT 사용이 불가한 경우를 확인해 주세요. 5G 환경에서는 연결 상태가 불안정 하여 사용이 불가합니다. 2.4G로 연결하여 사용해 주세요. 하나의 공유기에 많은 수의 무선공유기가 연결되어 있을 경우 제품과 스마트기기 간의 연결이 불가할 수 있습니다. 인터넷이 공유기이더라도 UPD 검색 기능을 막는 경우 가전 등록이 불가능합니다. 인터넷 공유기 설정에서 공유기에 연결되는 와이파이 지원기기의 IP를 지정하여 할당할 경우 가전등록이 불가능합니다. 네트워크 이름(SSID)을 숨길 경우 와이파이 연결이 안될 수 있습니다. 제품별 IOT 사용 방법이 궁금한 경우 확인해 주세요. [제품 사용설명서] 에서 제품과 모델명을 조회하시어 IOT 사용가이드(설명서)를 참고해 주세요.,,없음
정수기,정수기에서 웅~ 윙~ 소음이 나요,냉수 기능을 켜둔 상태에서 윙~ 웅~ 소리가 발생하나요? 제품 내부 냉각기 온도 유지를 위해 열기가 순환될 수 있도록 콤프레셔와 팬이 작동하며 이때 소리가 발생합니다. 주변 온도가 높을수록 콤프레셔와 팬의 회전 속도는 빨라지고 회전 시간이 길어지며 소리에 차이가 있을 수 있습니다. 설치환경(열기순환이 어려운 구조 등)과 주변환경(주변이 조용한 시간대 장소)에 따라 더욱 크게 들릴수도 있습니다. WPU1100 WPU1200 WPU1300 WPU1400 모델의 경우 콤프레샤가 없는 열전소자방식으로 냉수모드가 켜진 상태라면 끊임없이 팬이 작동됩니다. 정수기 주변 환경을 확인하여 주세요. 정수기 측면과 뒷면이 벽면과의 거리가 10CM이상이 되도록 여유공간을 확보하여 내부 열기가 원활히 통풍될 수 있도록 해주세요. 방열판 덮개에 먼지가 많이 쌓여있다면 소리가 커지므로 청소해 주세요.(단 방열판 자가 청소 가능 모델에 한함) 그 외에 정수기 동작시 발생하는 소리를 확인해 주세요. 물이 흐르는 소리는 원수가 공급되거나 배수되며 발생하는 정상 소리입니다. 달그락 툭 탁 소리는 제빙된 얼음이 아이스룸으로 떨어지며 발생하는 정상 소리입니다. 바람이 빠지는 소리는 제빙된 얼음을 떨어트리기 위해 냉매가 순환되며 발생하는 정상 소리입니다. 덜덜덜 떨림 소리는 제품의 수평이 맞지 않거나 제품위에 물건을 올려두었을 경우 발생하는 진동소리입니다. 커피포트 물끓는소리는 온수 사용시 순간가열이 진행되며 발생하는 정상 소리입니다.,,없음
정수기,물줄기가 약하고 정량만큼 나오지 않아요,물줄기가 갑자기 약해진 경우 정수기로 물 공급이 정상적으로 되고 있는지 확인해 주세요. 호스가 눌리거나 꺾여 물이 정상적으로 공급되지 않을 수 있으므로 호스상태를 확인해 주세요. 중간밸브 및 수도밸브 볼밸브가 열림 방향으로 완전히 개방되어있는지 확인해 주세요. 직수형 정수기인 경우 확인해 주세요. 온수는 순간 가열 방식으로 순간적으로 물을 끓여서 내보내기 위해 유량을 조절하여 정수나 냉수에 비해서 물줄기가 가늘고 약하게 나오는게 증상은 정상입니다. 제품에 따라 출수 용량 선택은 가능하나 설치 환경의 변동 수압에 의해 설정된 용량과 출수되는 용량의 편차가 생길 수 있습니다. 직수형 제품의 경우 저장된 물이 아닌 배관에서 직수 형태로 바로 출수되므로 동일한 수전에 세탁기 화장실 수도등이 설치되어 동시 사용하는 경우 수압에 영향을 받습니다. WPUGBC102 모델인 경우 출수 다이얼이 끝까지 돌아가 있는지 확인해 주세요. 다이얼의 열림 정도에 따라 출수량과 출수 속도에 차이가 있습니다. 최대로 열린 상태에서 확인해 주세요.,,https://static.service.skmagic.com/editor/faq/ckimg/04d97f3298bc4e75af50f525734ae863.png|https://static.service.skmagic.com/editor/faq/ckimg/e9176e78885b45a6b5dfbf7359645050.png
정수기,얼음 기능 버튼 작동이 안돼요 (올인원직수얼음정수기),얼음 출빙 버튼이 작동하지 않는 경우 확인해 주세요. 얼음 잠금 램프가 점등되어있는 상태에서는 얼음 출빙이 불가하며 부저음만 발생되므로 얼음잠금버튼을 5초 이상 길게 눌러 잠금을 해제해 주세요. 얼음 ON/OFF 버튼이 작동하지 않는 경우 확인해 주세요. 얼음 ON/OFF 램프가 점등되어있어야 얼음 생성이 시작되며 램프가 OFF되어있다면 얼음이 만들어지지 않습니다. 얼음 ON/OFF 버튼을 5초이상 길게 누르면 얼음 생성 기능ON/OFF 설정을 할 수 있습니다. 얼음 잠금 버튼이 작동하지 않는 경우 확인해 주세요. 얼음 잠금 버튼 적용 모델 : WPUI100 WPUI110 WPUI200 WPUI210 얼음 잠금 램프가 점등되어있다면 출빙 기능이 잠긴 상태로 출빙이 불가하며 부저음이 발생합니다. 얼음 잠금 버튼을 5초 이상 길게 누르면 얼음 및 출빙 잠금 상태를 변경할 수 있습니다. 위 방법으로도 버튼 설정이 되지 않는 경우 전원 코드선을 분리한 뒤 30초 후 다시 연결하여 확인해 주세요.,,https://static.service.skmagic.com/editor/faq/ckimg/d8874f0f915247dba64b39cb5fbac2a4.png|https://static.service.skmagic.com/editor/faq/ckimg/b29e6a06d99a4655a72388e20f6f905f.png
정수기,부저음/버튼음/음소거기능 ON/OFF방법이 궁금해요(직수형정수기),부저음부저음부저음부저음부저음부저음부저음부저음,"[표1] | 적용모델 | 부저음 설정방법 | 이미지 | | --- | --- | --- | | ( 원코크 )WPUIAC403 ( 올인원플러스 )WPUIAC302 ( 스스로플러스 )WPUJAC103/JCC103 ( 스스로 )WPUA1000/A1100 | [ 용량 ] 버튼 을 5 초이상 누를 때마다 음소거 기능을 ON/OFF 할 수 있습니다 . | https://static.service.skmagic.com/editor/faq/ckimg/428af2218c27421c9ff69649e93b5b0d.png | | ( 얼음직수 ) WPUIC110,WPUIC100 WPUI230/I130/I220/I120/I210/I110/I200/I100 | [ 연속 ] 버튼 을 5 초이상 누를 때마다 음소거 기능을 ON/OFF 할 수 있습니다 . | https://static.service.skmagic.com/editor/faq/ckimg/d9ca8b9a9fc342e5984d70daa3798d44.png | | ( 올인원직수 ) WPUA720/A710/A700 WPUA630/A620/A600 WPUA701/A601/A500 | [ 연속 ] 버튼 을 5 초이상 누를 때마다 음소거 기능을 ON/OFF 할 수 있습니다 . | https://static.service.skmagic.com/editor/faq/ckimg/b7280a3f7ab94349b61348e648c44171.png | | ( 슈퍼미니 ) WPU2100/2200 | [ 연속 ] 버튼 을 5 초이상 누를 때마다 음소거 기능을 ON/OFF 할 수 있습니다 . | https://static.service.skmagic.com/editor/faq/ckimg/309435b815ae49efa4f3f3ff455441b0.png |",https://static.service.skmagic.com/editor/faq/ckimg/428af2218c27421c9ff69649e93b5b0d.png|https://static.service.skmagic.com/editor/faq/ckimg/d9ca8b9a9fc342e5984d70daa3798d44.png|https://static.service.skmagic.com/editor/faq/ckimg/b7280a3f7ab94349b61348e648c44171.png|https://static.service.skmagic.com/editor/faq/ckimg/309435b815ae49efa4f3f3ff455441b0.png
정수기,냉수는 물이 나오는데 온수만 물이 끊기고 안나와요 (탱크형정수기),탱크형정수기에서 냉수출수는 정상이나 온수만 출수가 불가할 경우 확인해 주세요. 탱크형 정수기의 냉온수 탱크 원리를 확인해 주세요. 냉수탱크의 물을 먼저 채운 다음 온수탱크로 물이 공급됩니다. 물 공급이 끊기면 냉수는 출수가 되어도 온수만 출수되지 않는 증상이 나타나며 냉수탱크에 고여있던 물도 다 사용하게되면 냉수도 출수 되지 않습니다. 급수상태와 밸브 잠김 상태를 확인해 주세요. 정수기가 연결된 수도가 단수되지 않았는지 확인해 주세요. 단수가 되었다면 수돗물이 정상적으로 공급될 때까지 기다린 후 사용해 주세요. 수도밸브와 중간밸브가 잠겨있다면 밸브를 열어둔 뒤 1시간 후 정상적으로 온수가 출수되는지 확인해 주세요. 중간밸브는 설치 환경에 따라 위치가 상이합니다. 필터와 연결된 볼밸브의 잠김 상태를 확인합니다. 필터 교체 이후 물이 나오지 않는다면 정수기 필터와 연결된 볼밸브의 잠김상태를 확인해 주세요. (중간밸브와는 다름) 중간밸브가 [열림]상태여도 필터와 연결된 볼밸브가 [잠김]상태라면 정수기로 물이 공급되지 않습니다. 탱크형 정수기는 필터가 장착되어있는 전면 하부 또는 상부의 판넬을 분리하면 확인이 가능합니다. 정수기 호스 상태를 확인합니다. 정수기로 물이 공급되는 호스가 눌려있거나 꺾인 부분은 없는지 확인해 주세요. 겨울철에 급수 호스가 동파된 경우라면 따뜻한 물을 호스선을 따라 부어 녹인 뒤 사용해 주세요.,,https://static.service.skmagic.com/editor/faq/ckimg/5aec6f59f0d84b9ca346f38dae56357b.png|https://static.service.skmagic.com/editor/faq/ckimg/d1b227cf695945fdae0630430714f89b.png|https://static.service.skmagic.com/editor/faq/ckimg/b78ae49d97214b1cb5a8a9cde932b68a.png
정수기,온수 출수시 '띠리링~' 소리가 나면서 온수가 미지근해요 (직수형정수기),온수 초기화란? 입수량 온도 등을 확인하기 위해 일정량의 물을 흘려보내는 과정을 뜻합니다. 온수를 출수하였을 때 '띠리링~' 소리가 나면서 온수가 미지근하게 나온다면 온수 초기화가 필요합니다. 온수 온도 상태를 확인해 주세요. 온수 온도는 70~80℃ 가 정상이며 ±5정도 오차는 발생할 수 있습니다. 온수 온도가 뜨겁지 않거나 '띠리링~' 기계음이 발생하는 경우 온수 초기화를 진행해 주세요. 정전 또는 제품의 전원 코드 분리 후 다시 연결하게 될 경우에도 필히 온수 초기화를 진행해 주세요. 모델에 따라 온수 초기화 진행이 필요합니다. WPUA200 WPUA210 WPUA400 WPUA410 WPU1300 온수초기화 방법 ①전원코드를 분리한 뒤 10초 후 다시 연결해 주세요. ②[온수]를 [연속]으로 선택하여 물을 출수해 주세요. 이때 '띠리링~' 소리가 발생될 수 있으며 이는 정상적인 작동 알림 입니다. 물은 저절로 정지되니 절대 중간에 정지하지 마세요. ③첫 잔은 버리고 다시 [온수]를 [한컵]으로 선택하여 두 번째 잔을 출수해 주세요. ④두 번째 잔에 출수 된 물의 온수 온도를 확인해 주세요. 그외 직수형 모델 온수초기화 방법 온수 초기화 미적용 모델이더라도 갑작스러운 정전 또는 전압 상태가 불안정 할 경우 일시적으로 자동 온수 초기화가 진행됩니다. ①'띠리링~ 띠리링' 부저음이 계속 될 경우 중단하지 마시고 자동으로 부저음이 멈출 때까지 기다려 주세요. ②부저음이 자동적으로 멈추면 온수를 다시 출수하여 온도를 확인해 주세요.,,없음
정수기,필터 교체 주기가 궁금해요,적용모델 : WPUGBC102 총 2개의 필터가 사용되며 프리 블록카본 필터 4개월 복합 나노PAC 필터 12개월로 권장해 드립니다. 적용모델 : WPU1000 WPU1100 총 2개의 필터가 사용되며 세디 블록카본 복합필터 4개월 Nanoceram PAC 멤브레인 필터 16개월로 권장해 드립니다. 적용모델 : WPU8201 WPU8202 총 3개의 필터가 사용되며 세디+프리 블록카본 복합필터 4개월 포스트 복합카본 12개월 UF멤브레인 필터 20개월로 권장해 드립니다. 적용모델 : WPUIAC302 총 3개의 필터가 사용되며 세디먼트 필터 4개월 복합블록 카본필터 4개월 나노테크팩 필터 필터 12개월로 권장해 드립니다.,,없음
정수기,전원이 안들어와요/작동 중 전원이 꺼져요/차단기가 내려가요,제품의 전원코드선이 연결된 콘센트를 확인해주세요. 제품의 전원코드선이 콘센트에 정상적으로 잘 연결되어 있는지 확인해 주세요. 전원코드선에 물기가 묻어있는 경우 물기를 닦은 후 콘센트에 연결하여 주세요. 제품의 전원코드선이 콘센트에 연결되어 있다면 해당 콘센트에 드라이기 등 소형 전기제품를 연결하여 콘센트의 전원공급 상태가 정상인지 확인해 주세요. 콘센트에 여러 제품을 연결하여 사용시 전력 과부하로 인해 누전차단기가 내려가거나 작동 중 전원이 꺼질 수 있으므로 제품을 단독으로 연결하여 사용해 주세요. 대기전력 차단 콘센트에 연결하여 사용하는 경우 콘센트 상태를 [상시]로 설정하시거나 일반적인 콘센트에 연결하여 사용해 주세요. 설치된 장소에 누전차단기를 확인해주세요. 제품이 설치된 장소에 누전차단기(두꺼비집)가 내려가 있는건 아닌지 확인해 주세요. 누전차단기가 내려가 있다면 다시 원상복구하여 사용해 주세요. 멀티콘센트로 연결하여 사용하는 경우 멀티콘센트를 확인해주세요. 멀티콘센트의 노후화로 작동이 안될 수 있으니 멀티콘센트를 교체한 후 확인해 주세요. ON/OFF스위치가 없는 정격용량 250V 16A 이상의 멀티콘센트를 사용해 주세요. 벽면콘센트와 멀티콘센트에 여러 제품을 연결하여 사용시 전력 과부하로 인해 누전차단기가 내려가거나 작동 중 전원이 꺼질 수 있으므로 제품을 단독으로 연결하여 사용해 주세요.,,https://static.service.skmagic.com/editor/faq/ckimg/43ef292173b648a99e10f027e5f0d4a4.png|https://static.service.skmagic.com/editor/faq/ckimg/efac5526c713497e9f767873b1ad4a17.png
정수기,온수가 나오다 끊겨요/퍽 퍽 물이 튀면서 나와요 (직수형정수기),온수 취수시 스팀이 발생하거나 취수 중 물이 끊긴 경우 확인해 주세요. 전압 상승 또는 저수압으로 급격한 변화가 발생하였거나 물 공급이 적은 경우 과열방지기능이 작동하여 취수가 중단됩니다. 수돗물과 정수기를 동시에 사용하면 정수기로 유입되는 수압이 약해져 증상이 발생할 수 있습니다. 다른 곳에서의 수돗물 사용이 끝나면 정수기를 사용해 주세요. 온수 취수시 퍽퍽 소리가 나고 물이 튀는 경우 확인해 주세요. 순간가열 온수 방식으로 물이 끓는 과정에서 공기가 발생하고 물과 섞여 출수되며 발생하는 증상입니다. 증상이 지속적으로 발생하는 경우 온수초기화 작업을 진행해 주세요. 지속적인 증상 발생시 온수 초기화를 진행해 주세요. 적용모델 : WPUA200 WPUA210 WPUA400 WPUA410 WPU1300 ①전원코드선을 분리한 후 10초 뒤 다시 연결해 주세요. ②온수로 연속을 선택하여 출수하고 물이 자동으로 멈출때까지 절대 멈추지 말아 주세요. ③물이 멈추면 받아둔 물을 버리고 다시 온수로 한컵을 선택하여 2번째 출수를 진행해 주세요. ④한컵을 선택하여 받은 2번째잔으로 온수 온도와 출수 상태를 확인해 주세요. 온수초기화 과정에서 '띠리링~'멜로디가 발생할 수 있으며 이는 정상적인 부분으로 중간에 초기화 작업을 멈추지 마세요.,,없음
정수기,겨울철 한파로 정수기에서 물이 안나와요,정수기 주변 설치 환경을 점검해 주세요. 정수기 뒷편 회색 또는 흰색 얇은 호스 선을 따라 이동 시 호스 끝의 급수밸브와 연결수도를 확인해주세요. 사업장 마감 후 난방이 꺼지거나 정수기 호스가 유리벽 등 낮은 온도에 노출 시 연결수도나 호스가 얼수 있습니다. 가정집이라도 급수호수가 창가에 노출되거나 난방이 가동되지않는 사용 환경이라면 동파가 발생될 수 있습니다. 수도계량기 또는 수도 동파 시 수도물이 적게나오거나 안나올 수 있습니다. 정수기 문제가 아님으로 동파 조치 이후 정수기 출수 여부를 확인해주세요. 겨울철 결빙 동파 발생 시 조치 방법을 확인해 주세요. ①수돗물 출수 여부를 먼저 확인하여 수도계량기 또는 수도배관에 문제가 발생한 경우 우선 조치 후 다음 제품 정상 여부를 확인해 주세요. ②호스가 결빙되었을 경우 따뜻한 물에 수건을 젹셔 호스에 감싸 녹여주거나 드라이어 등으로 호스를 녹이고 보온재 등으로 감싸주세요. 결빙이 발생된 부위에 드라이어로 직접적인 열에 노출시킬 경우 열 가열로 인해 호스가 손상될 수 있으므로 주의해 주세요. ③연결수도 확인이 어려운 경우 날씨가 따뜻해지거나 얼어붙었던 호스가 녹으면 다시 취수가 가능해집니다.,,https://static.service.skmagic.com/editor/faq/ckimg/0f255b57ef2142828983a06f9207b7ea.png|https://static.service.skmagic.com/editor/faq/ckimg/3fcc7bbd54d14d9a813fd6576a5e39d4.png
정수기,IOT케어 또는 와이파이 램프가 깜박거려요 (램프 OFF 방법),모델에 따라 와이파이 ON/OFF 방법이 상이합니다. 와이파이 램프가 깜박거리는 경우 확인 IOT 연결이 끊긴 상태 (IOT 재연결이 필요할때) IOT 연결을 안한 상태에서 제품의 와이파이 버튼을 눌러 활성화 시킨 상태 WPUI100 WPUI110 WPUI200 WPUI210 WPUI220 WPUI230 모델의 와이파이 ON/OFF 방법을 확인해 주세요. IOT케어버튼과 UV안심케어 버튼을 동시에 5초 이상 길게 눌러주세요. WPUA300 WPUA400 모델의 와이파이 ON/OFF 방법을 확인해 주세요. 와이파이와 잠금버튼을 동시에 5초이상 길게 눌러주세요. WPUA500 WPUA600 WPUA610 WPUA601 WPUA700 WPUA710 WPUA701 모델의 와이파이 ON/OFF 방법을 확인해 주세요. 와이파이와 잠금버튼을 동시에 5초이상 길게 눌러주세요. WPU2200 모델의 와이파이 ON/OFF 방법을 확인해 주세요. 와이파이와 잠금버튼을 동시에 5초이상 길게 눌러주세요.,,https://static.service.skmagic.com/editor/faq/ckimg/019f7d1164424df5b61d844e23271f21.png|https://static.service.skmagic.com/editor/faq/ckimg/9b5a94ffbd854597ac86cb4dbbda7211.png|https://static.service.skmagic.com/editor/faq/ckimg/84330eea2c6546c096781dd76152cc11.png|https://static.service.skmagic.com/editor/faq/ckimg/723b1972f2f44aaca22fa658aeb4e2df.png
정수기,정수기 제품 중 IOT 연결이 가능한 모델은 무엇인가요?,IOT 기능이란 제품을 휴대폰과 연동하여 휴대폰에서 제품의 상태 확인 및 일부 설정을 컨트롤 할 수 있는 기능입니다. IOT 사용이 가능한 제품을 확인해 주세요. 슈퍼미니 레트로 정수기 : WPU2200 슈퍼S정수기 : WPUA300 WPUA400 올인원 직수 정수기 - WPUA500 WPUA600 WPUA610 WPUA601 WPUA700 WPUA710 WPUA701 올인원 얼음 직수 정수기 - WPUI110 WPUI200 WPUI210 WPUI220 WPUI230 제품에 IOT 연결 버튼이 있는지 확인해 주세요. 제품에 [IOT케어] 또는 [WiFi] 버튼이 있다면 IOT연결이 가능한 모델입니다.,,https://static.service.skmagic.com/editor/faq/ckimg/febfeb2c5e6848f5a9097ae946e090ce.png
정수기,한컵을 설정했는데 연속으로 물이 나와요,설정한 용량에서 멈추지 않고 물이 나오나요? 한컵 500ml 으로 번갈아 선택하여 정상적으로 출수되는지 확인해 주세요. 전원코드선을 분리한 후 30초 뒤 연결하여 확인해 주세요.,,없음
정수기,얼음정수기 배수호스에서 물이 나와요,얼음 정수기 배수호스에서 물이 수시로 배출되나요? 적용모델 : (얼음정수기) WPUI100 WPUI110 WPUI200 WPUI210 WPUI120 WPUI220 얼음 기능이 활성화된 상태라면 지속하여 새로운 물이 공급되고 얼음을 만든 후 남는 물과 얼음 보관중 얼음이 녹아 발생한 물이 배수호스를 통해 수시로 배출 됩니다. 얼음 정수기는 작동중 배출되는 물을 배수하기 위해 필히 배수호스가 설치됩니다. 수도를 틀어 놓은 것 처럼 지속하여 물이 배출되는 경우 전문가의 점검이 필요합니다. 얼음 정수기 배수호스에서 나오는 물을 활용할 수 있나요? 배수호스를 통해 나오는 물은 식수 또는 조리용을 제외한 청소 세탁 및 빨래 등 기타 허드렛물로 사용하실 수 있습니다.,,https://static.service.skmagic.com/editor/faq/ckimg/751d49cd08a845c0b8265df2d7bd872f.png
정수기,탱크형 정수기 냉수/온수가 미지근 한가요?,냉수나 온수가 미지근한 경우 아래 내용을 확인해 주세요. 물 사용량이 많은 경우 1~2시간 후 사용해 주세요. 정수기와 벽 또는 주변 사물과의 거리를 10cm이상 확보해 주세요. 첫잔은 미지근 할 수 있으니 두 번째 잔으로 온도를 확인해 주세요. 냉수 또는 온수 스위치가 ON으로 되어 있는지 확인해 주세요. 냉수 또는 온수 스위치가 OFF상태일 경우 ON으로 변경한 뒤 1시간 후 냉수 또는 온수를 사용해 주세요. 제품별 냉수 온수 ON/OFF 방법을 확인해 주세요. WPUB100 제품 뒷면에 냉온수 스위치 버튼을 확인해 주세요. WPUB200 WPU7100 WPU7110 제품 앞면에 냉온수 터치 버튼을 확인해 주세요. WPUC500 WPUC520 제품 앞면에 냉온수ON/OFF 스위치 버튼을 확인해 주세요. WPUIC100 WPUIC110 냉수 5초간 누르면 ON/OFF 설정 가능하며 온수 버튼을 5초간 누르면 온수 설정 변경 가능합니다. 변경순서는 강약온수OFF강약온수OFF 그 외 제품은 뒷면에 냉온수 스위치 버튼을 확인해 주세요.,,없음
정수기,물이 고여요 물이 맺혀요(결로),제품 내부와 외부의 온도편차에 의한 물맺힘 현상으로 물맺힘 현상이 심할 경우 제품 하단으로 물이 흘러내리는 일시적인 현상입니다. 여름철 또는 설치 환경의 온도에 따라 결로 현상이 발생될 수 있습니다. 자가조치 방법을 확인해주세요. 냉수기능 OFF시에는 냉각 기능이 정지됨으로 외내부 온도 편차가 발생되지 않아 결로 현상이 발생되지 않습니다. 냉각기능 OFF상태에서 물을 닦아 낸 뒤 1~2시간 후 다시 물고임이 발생되는지 확인해주세요. 냉수기능 OFF 했으나 물이 흘러나오는 현상이 지속 발생된다면 서비스 접수가 필요합니다. 결로 현상이 아닐경우 정수기로 유입되는 물공급 차단을 위해 중간밸브를 잠궈주세요. 정수기로 연결된 호스선을 따라가 보면 수도배관에 연결된 중간밸브를 확인할 수 있습니다. 누수 피해를 예방하기 위해 서비스매니저가 방문할 때까지 중간밸브 잠김 상태를 꼭 확인해 주셔야 합니다. 중간밸브의 위치 확인이 어렵거나 중간밸브에서 누수가 된다면 수도배관 밸브를 잠궈주세요. 모델에 따라 내용에 차이가 있을 수 있으며,,https://static.service.skmagic.com/editor/faq/ckimg/bd1f1557a562451886eec5f748df3769.png|https://static.service.skmagic.com/editor/faq/ckimg/d1b227cf695945fdae0630430714f89b.png
정수기,버튼 램프와 코크 램프 밝기는 어떻게 조절하나요,버튼 램프 및 코크 LED 밝기는 밝음-중간-꺼짐 3단계로 조절이 가능합니다. 다음 내용을 확인해 주세요 제품별 LED 램프 밝기 조절 방법입니다. 적용모델 : WPUA100 WPUA110 WPUA120 WPUA200 WPUA210 WPUA220 ①[550ml] 버튼을 5초 이상 누르면 취수부의 램프가 점멸됩니다. ②취수부의 램프가 점멸하는 동안 취수다이얼을 돌려 취수부 램프의 밝기를 선택해주세요. ③[550ml] 버튼을 1초정도 누르거나 5초 동안 조작이 없는 경우 자동으로 설정이 완료됩니다. 적용모델 : WPUA300/A310/A320/A400/A410/A420 ①[550ml] 버튼을 5초 이상 누르면 취수부의 램프가 점멸됩니다. ②취수부의 램프가 점멸하는 동안 취수버튼을 눌러 취수부 램프의 밝기를 선택해주세요. ③[550ml] 버튼을 1초정도 누르거나 5초 동안 조작이 없는 경우 자동으로 설정이 완료됩니다. 적용모델 : WPUA500/A600/A601/A610/A620/A630/A700/A701/A710/A720 ①[550ml] 버튼을 5초 이상 누르면 취수부의 램프가 점멸됩니다. ②취수부의 램프가 점멸하는 동안 취수버튼을 눌러 취수부 램프의 밝기를 선택해주세요. ③[550ml] 버튼을 1초정도 누르거나 5초 동안 조작이 없는 경우 자동으로 설정이 완료됩니다. 적용모델 : WPUI100/I110/I200/I210/I120/I130/I220/I230 ①[550ml] 버튼을 5초 이상 누르면 취수부의 램프가 점멸됩니다. ②취수부의 램프가 점멸하는 동안 취수버튼을 눌러 취수부 램프의 밝기를 선택해주세요. ③[550ml] 버튼을 1초정도 누르거나 5초 동안 조작이 없는 경우 자동으로 설정이 완료됩니다. 적용모델 : WPUA800 WPUA900 WPUA1000 WPUA1100 ①[정수] 버튼을 5초 이상 누르면 연속버튼 램프가 점멸되며 취수부에 녹색 램프가 점등됩니다. ②정수버튼 램프가 점멸하는 동안 취수버튼을 눌러 취수부 램프의 밝기를 선택해주세요. ③[정수] 버튼을 1초정도 누르거나 5초 동안 조작이 없는 경우 자동으로 설정이 완료됩니다. *WPU2200 모델은 [정수]버튼이 아닌 [한컵]버튼을 눌러주세요 적용모델 : WPU2100 램프 밝기 조절은 되지 않으며 [잠금]버튼을 5초 이상 길게 누르면 잠금램프를 제외한 모든 램프가 OFF됩니다. 적용모델 : WPU1100/WPU1200/WPU1300/WPU1400 별도의 램프 밝기 조절이 되지 않습니다. 램프 설정이 되지 않는 경우 전원코드선을 분리한 뒤 30초 후 재연결하여 확인해 주세요.,,없음
정수기,급수호스 또는 필터에서 물이 새요,전원 콘센트를 분리해 주세요/정수기 중간밸브를 잠궈주세요. 정수기로 연결된 급수호스선을 따라가보면 수도배관에 연결된 중간밸브를 확인할수 있습니다. 누수 피해를 예방하기 위해 서비스매니저 방문시까지 중간밸브 잠김 상태를 꼭 확인해 주셔야 합니다. 필터 조립 상태를 확인해 주세요. 필터 교체 후 필터 연결부에서 누수가 발생된다면 피팅이나 호스가 헐겁지 않고 정상적으로 잘 조립이 되어있는지 확인해 주세요.,,https://static.service.skmagic.com/editor/faq/ckimg/375b72e3075c436693cc41086c29580a.png|https://static.service.skmagic.com/editor/faq/ckimg/2705539a96cf421d9913dd4f864e6be2.png
정수기,단수된 후 정수기는 어떻게 사용해야 하나요,수도 단수시에는 정수기 중간밸브를 잠그고 제품의 전원 코드를 분리해 주세요. 단수 이후 물 공급시 싱크대 수도에서 깨끗한 물이 나올 때 까지 물을 흘러 보낸 이후 정수기 중간밸브를 열고 정수기를 사용해 주세요. 탱크형 정수기의 경우 온수 코크에서 물이 나오는지 확인 후 전원 코드 선을 제거한 뒤 다시 연결하여 온수 스위치를 켜주세요. 물탱크에 물이 없는 상태로 온수 전원을 켜면 과열로 인한 안전장치 작동으로 제품 점검을 받으셔야 합니다.,,없음
정수기,얼음 정수기에서 얼음이 녹거나 깨져서 나와요 출빙량이 적어요.,■ 평소와 다르게 녹은 얼음이 많이 나오거나 출빙량 적어졌다면 아래 내용을 확인해 주세요. ✔방열팬 먼지필터에 먼지가 많진 않은지 ✔ 벽과의 이격거리가 없어 통풍이 원할하지 않은지 ✔ 얼음을 장시간 사용하지 않아 얼음 보관시간이 길진 않았는지 ✔ 냉수 사용량이 많아지거나 주위 온도 / 입수 온도가 높아지진 않았는지 ■ 이런 경우 녹은 얼음이 나올수 있어요. ①얼음 보관통에 얼음이 서로 엉켜붙는 현상을 방지 하기 위해  상온으로 보관  하여 장시간 얼음을 사용하지 않으면 녹거나 깨진 얼음이 출빙될 수 있어요 . Ex. 회사  다중 이용시설 ( 아침 사용  주말 지난 아침 사용시 ) 퇴근후 출빙시 ②만들어진 얼음이 얼음 보관통으로 떨어지면서 깨질수도 있어 출빙시 깨진 얼음이 나올수 있어요 . ③ 주위 온도가 높을 수록 녹고  ​ 깨진 얼음이 많이 나올 수 있어요 ( 먼지필터 청소  통풍 공간을 확인해 주세요 ) ④ 특히 겨울철에는 얼음 사용량이 적어 얼음 보관시간이 길어 지면 녹고  깨진 얼음이 더 발생될 수 있어요 . ⑤ 먼저 만들어진 얼음이 나오고 새로 만들어진 얼음이 나중에 나오기 때문에 깨진  녹은 얼음이 출빙될 수 있어요 . Tip.얼음을 출빙하지 않는 시간이 길었다면 처음 나오는 얼음은 깨지거나 녹은 얼음이 나올 수 있으니 1 컵 ~2 컵 뺀 후 얼음을 받아 사용해 주세요 . ■ 출빙량이 적어졌다면 이렇게 해주세요. ✔냉수 사용량이 많거나 주위 온도가 높으면 얼음 ​ 이 생성되기까지 시간이 길어져요. ①먼지 필터에 먼지가 많은지 확인하시고 청소를 해주세요 . ②제품의 열기가 잘 빠질 수 있도록 벽과 10 ㎠이상 거리를 두어 통풍이 잘 되도록 해주세요 . 정상 얼음 생성여부 확인방법 얼음 버튼을 눌러 보관통에 있는 얼음을 모두 출빙 후 1 시간이후 새로 만들어진 얼음을 확인해 주세요 .,,없음
정수기,물맛이 이상해요,장기간 물을 사용하지 않았거나 필터 교체 후 물맛이 이상한가요? 물을 3L이상 취수하여 버린 뒤 1시간 후 사용해 주세요. 물에서 비린맛 또는 비린 냄새가 나나요? 비린맛은 환경적인 영향이 크기 때문에 첫 잔은 버린 후 2번째 잔부터 종이컵으로 확인해 주세요. 쇠컵을 사용할 경우 물에서 쇠냄새가 나고 플라스틱컵을 사용하면 플라스틱 냄새를 느끼는 것처럼 설거지 후 컵이 건조되는 과정에서 컵자체에 비린내가 배인 상태로 발생할 가능성이 있습니다. 물에서 쓴맛 짠맛이 나나요? 원수의 미네랄성분으로 인해 물에서 쓴맛이나 짠맛이 느껴지기도 합니다. 미네랄 성분은 인체에 필요한 무해한 성분으로 안심하고 드셔도 됩니다. 원수의 미네랄성분 중 칼륨과 나트륨 성분이 많을 경우는 약간의 짠맛을 유발하며 마그네슘이나 황신이온은 쓴 맛 철은 비릿한 금속맛으로 느껴질 수 있습니다. 물맛은 개인적으로 느끼는 차이가 다를 수 있습니다.,,없음
정수기,스스로 직수정수기 직수관 안심케어는 무엇인가요 (WPUA1000 WPUA1100),직수관 안심케어란 전해수를 직수관 내부로 흘려보내어 직수관을 살균시켜주는 기능입니다. 다음 내용을 체크해 주세요 자동 직수관 안심케어 기능입니다 . 버튼 조작 설정없이 자동으로 직수관 안심케어가 동작합니다. 초기 설치 및 전원코드 분리 후 재연결 시점으로 5일 12시간(132시간) 후 첫 직수관 안심케어가 동작되며 그 후로는 5일(120시간)기준으로 자동으로 직수관 안심케어가 진행됩니다. 자동 직수관 안심케어는 약 12분간 동작합니다. 수동 직수관 안심케어 기능입니다. [직수관 안심케어] 버튼을 5초동안 누르면 수동 직수관 안심케어가 동작합니다. 직수관 안심케어는 주기적으로 자동 동작되지만 원하실때 버튼을 눌러 추가적으로 동작할 수 있습니다. 수동 직수관 안심케어는 약 12분간 동작합니다. 직수관 안심케어 잠금 및 해제방법 입니다. [직수관 안심케어]+[잠금] 버튼을 동시에 5초간 누르면 직수관 안심케어가 잠금/해제가 됩니다. 잠금상태에서는 직수관 안심케어 LED가 OFF되고 버튼을 누르면 `띵띵띵` 부저음이 발생합니다. 잠금상태에서는 자동 직수관 안심케어도 동작하지 않습니다. 직수관 안심케어 작동시 CHECK!! 직수관 안심케어 작동 후 냉수는 미지근해집니다. 1시간 이후 냉수를 사용해 주세요. 직수관 안심케어 LED는 직수관 안심케어 잠금상태를 제외하고 상시 점등이 되어있습니다. 직수관 안심케어 동작시에는 상부의 버튼 램프 LED가 순차적으로 점멸하며 물을 출수할 수 없습니다. 해당 기능 작동 종료 후 물을 출수해 주세요. (단 종료 후 바로 취수하는 냉수는 미지근합니다.) 직수관 안심케어 동작 중 취소를 원하실 경우 [직수관 안심케어] 버튼을 5초간 눌러주세요. 도중에 취소할 경우 약 4분 후에 제품을 사용하실 수 있습니다. (단 종료 후 바로 취수하는 냉수는 미지근합니다.) 직수관 안심케어 동작 중 배수출수 및 배수정지 사이클이 약 40회 정도 반복됩니다. 직수관 안심케어 동작 시 약 12L 물이 배수됩니다.,,없음
정수기,조리수밸브를 분리 또는 설치하고 싶어요,제품 분리 또는 설치시 부속품 손상 및 누수 발생 위험 요소가 있어 서비스 접수를 권장합니다. 제품 이동서비스는 불가하므로 분리된 제품과 부속품들을 빠짐없이 챙기신 후 설치하는 장소까지 옮겨주셔야 합니다. 분리 비용과 재설치 비용은 각각 발생됩니다.,,https://static.service.skmagic.com/editor/faq/ckimg/ffb853b90b6b43d9bafdb878579bde2b.png
정수기,정수기에서 떨리는 진동 소리가 나요,정수기에 연결된 호스가 떨리며 소리가 발생할 수 있습니다. 정수기에 연결된 호스가 미세하게 떨리며 벽면 또는 본체에 닿아있다면 위치를 가볍게 이동해 주세요. 수도의 수압이 강한 경우에도 호스 떨림 소음이 발생할 수 있습니다. 원수도밸브 또는 중간밸브를 조금만 잠그고 수압을 조절해서 사용해 보세요. 정수기 주변 환경을 확인해 주세요. 정수기 위 또는 좌 우측에 밀착된 물건 놓여 있다면 제품 작동시 미세한 진동이 전달되어 덜덜 진동음이 발생할 수 있으므로 물건을 치워주세요. 정수기 한쪽을 눌렀을 때 덜컹이며 바닥과 수평이 맞지 않는 경우 진동음이 발생할 수 있으니 수평이 맞는지 확인해 주세요.,,없음
정수기,필터 교체 후 버튼 작동이 안돼요 (WPUA1000C WPUA1100C),자가필터교체 후 약 10분 동안 모든 버튼 조작이 불가한가요? 필터교체 후 필터 커버를 닫으면 자동으로 약 10분간 자동필터세척(필터플러싱)을 진행하며 전면의 램프가 순차적으로 점멸됩니다. 자동필터세척중에는 제품 사용이 불가하고 모든 버튼 작동시 띵띵띵 부저음이 발생하며 작동되지 않습니다. 자동필터세척(필터플러싱)이란? 교체된 새 필터에 물을 연속으로 통과시켜 자동으로 필터를 세척하고 물을 배출시키는 기능입니다. 자동필터세척(필터플러싱)시 배수호스로 약 15L의 물이 배수됩니다.,,없음
정수기,냉수와 온수 램프에 불이 들어오지 않아요 (탱크형정수기),제품 뒷면의 냉수와 온수 버튼을 확인합니다. 정수기 뒷면의 냉수와 온수 버튼을 켜고 전면의 램프가 점등되었는지 확인해 주세요. 냉수와 온수는 버튼 설정 후 1시간 이후 물을 출수하여 온도를 확인해 주세요. 제품 전면의 냉수와 온수 버튼을 확인합니다. 적용 모델 : WPUB200 WPU7100 WPU7110 정수기 전면에 냉수/온수 설정 버튼이 있는 모델은 해당 버튼을 5초 이상 램프에 불이 들어올때까지 길게 눌러주세요. 램프가 점등된 이후 다시 한번 더 냉수/온수 버튼을 짧게 터치시 강 약 조절을 할 수 있습니다. 제품의 전원코드를 확인합니다. 냉수와 온수 램프 모두 점등이 되지 않는다면 제품의 전원코드가 정상적으로 잘 연결되어있는지 확인해 주세요. 정수기 전원코드 분리 후 다른 전기제품을 연결하여 작동 여부를 확인해 주세요.,,https://static.service.skmagic.com/editor/faq/ckimg/cce73ef929dc416c9bbb86972ae8cc2b.png|https://static.service.skmagic.com/editor/faq/ckimg/2a7246c0be4e4d2fb87b6c95fa70a8ff.png|https://static.service.skmagic.com/editor/faq/ckimg/c70dbd51c7fb490881b8c084ec1d4278.png
정수기,얼음 토출구 분리 및 청소방법이 궁금해요 (올인원직수얼음정수기),얼음을 출빙할 경우 주의사항을 확인해 주세요. 컵에 음료가 든 상태로 얼음을 출빙하는 경우 얼음이 낙하하며 음료가 튀어 토출구 안쪽까지 오염될 수 있어 가능한 얼음 출빙 후 음료를 담아주세요. 커피나 음료가 토출구 안쪽과 내부에 튀는 경우 바로 오염부위를 청소해 주세요. 얼음 토출구 청소 방법을 확인해 주세요.,,https://static.service.skmagic.com/editor/faq/ckimg/3d2d97716b6047deb5974ae3c04a6b46.png
정수기,스스로 직수정수기 필터 교체 후 물이 나오지 않아요 (WPUA1000 WPUA1100),필터 교체 후 물이 출수되지않는 경우 확인해 주세요. 필터가 잘못 된 위치에 조립되어있는 경우 물이 필터를 통과하지 못하여 출수되지 않습니다. 필터 커버가 잘 조립되어 있나요? 필터 커버가 들떠있는 경우 정상적으로 필터플러싱 이 진행되지 않습니다. 필터플러싱(자동필터세척) 이란? 정수기 전면의 램프가 깜빡이면서 배수 호스로 물이 빠지고 약 10분 간 취수 버튼을 눌러도 물이 나오지 않습니다. 자동필터세척 도중 전원 코드를 분리하면 안됩니다. 필터와 필터커버 재조립 후에도 물이나오지 않는 경우 확인해 주세요. 버튼을 눌러도 '띵띵'소리가 나면서 버튼 동작이 안된다면 '누수감지센서' 동작 중일 수 있습니다. 필터 교체 시 필터 아래 구멍으로 물이 튀는 경우 누수감지센서가 작동 될 수 있습니다. 누수감지센서 동작 시 아래 내용을 확인해 주세요. ①제품을 옆면으로 45도 각도로 기울인 상태로 30초 이상 유지해 주세요. 소량의 물이 제품 내부로 튀었을 경우 제품의 바닥으로 물이 나오지 않을 수 있으며 물이 흘러 나온다면 나오지 않을 때까지 기울여 모두 제거해 주세요. ②필터 세척을 위하여 필터 커버를 열었다 다시 닫고 필터플러싱(약 10분) 후 취수 버튼을 눌러 물이 정상적으로 출수되는지 확인해 주세요. 환경에 따라 수압이 센 경우 필터분리(교체) 시 수압에 의해 물이 튀거나 잘 끼워지지 않을 수 있습니다. 수압이 센 경우 본체 뒷면 파란색 '볼밸브'를 열십자 모양(十)으로 잠근 뒤 취수 버튼을 눌러 남아있는 공기압을 제거 후 필터교체 볼밸브 개방(一) 필터플러싱 순서대로 사용 확인해 주세요.,,https://static.service.skmagic.com/editor/faq/ckimg/89911ccd67f340f6ac2109f0be3366be.png|https://static.service.skmagic.com/editor/faq/ckimg/e93ff7bebf354157b329c1cbcb53e549.png|https://static.service.skmagic.com/editor/faq/ckimg/171ea62204be42f2b4bd3258d3903254.png
정수기,얼음부족램프에 계속 불이 들어와 있어요 (올인원직수얼음정수기),제품 내부 아이스룸(얼음보관통)에 보관된 얼음이 센서에 감지됨에 따라 얼음가득 또는 얼음부족 램프가 점등됩니다. [얼음가득] 또는 [얼음부족] 램프가 켜져있나요? 아이스룸(얼음보관통) 상 하에 감지 센서가 있어 상부센서에 얼음이 감지되면 [얼음가득] 하부센서에 얼음이 감지되지 않으면 [얼음부족] 램프가 점등됩니다. 얼음이 한쪽으로 쌓여있거나 소량 남아있는 경우 센서에 정상 감지가 되지 않을 수 있습니다. 소량의 얼음이 남아있을 수 있으니 출빙버튼을 10초~15초 이상 길게 눌러서 확인해 주세요. 얼음 사용량이 많은가요? [얼음부족]램프가 점등되면서 얼음이 전혀 나오지 않는 경우 얼음 사용량이 많은것으로 약 1~2시간 이후 얼음을 사용해 주세요. 냉수 우선 적용 프로그램으로 냉수를 사용하는 동안은 얼음 생성이 지연되므로 냉수미사용시 얼음을 더욱 빨리 만들 수 있습니다.,,https://static.service.skmagic.com/editor/faq/ckimg/03a35d2a924b4510b5361aa9dbd436ba.png
정수기,스스로 직수정수기 램프가 깜빡거리고 버튼 작동이 안돼요 (WPUA1000 WPUA1100),스스로 직수정수기는 자동 필터 세척 직수관 안심케어 기능 작동시 정수기에서 물이 나오지 않습니다. 제품 상단 또는 전면의 램프가 깜빡거리고 버튼 작동 되지 않는 경우 확인해 주세요. 상단 또는 전면 램프가 깜빡이고 버튼 작동이 안되는 경우 [자동필터세척] [직수관 안심케어]기능이 작동중임으로 절대 전원을 끄지 마세요. [자동필터세척] [직수관 안심케어] 기능은 약10~15분 동안 작동하며 작동하는 동안 물 출수가 불가합니다. [자동필터세척] 기능은 필터를 교체하거나 필터 커버를 3초이상 열었다 닫을 경우 자동으로 약10분 동안 작동됩니다. [직수관 안심케어] 기능은 120시간(5일)마다 자동으로 약 15분 동안 작동되며 수동으로 작동하고 싶은 경우 직수관 안심케어 버튼을 5초 이상 누르면 가능합니다.,,https://static.service.skmagic.com/editor/faq/ckimg/7ef60d7690974fb0a7e15fa4d99bf316.png
정수기,유아수 온도는 어떻게 조절하나요,유아수는 3단계 45℃ 50℃ 55℃ 설정이 가능합니다. 유아수의 기본 설정 온도는 50 ℃ 입니다. 유아수 온도 조절 방법 ①[유아수] 버튼을 5초 이상 눌러주세요. [유아수]버튼이 없고 온수 차 미온/유아수로 구분되어 있는 모델은 [온수]버튼을 5초이상 눌러 미온/유아수 램프에 불이 들어오는지 확인해 주세요. ②취수 버튼을 눌러 원하는 온도를 선택해 주세요. ③[유아수]버튼이 있는 모델은 [유아수]버튼을 [유아수]버튼이 없는 모델은 [온수]버튼을 짧게 누르면 설정이 완료됩니다. [유아수] [온수]버튼을 누르지 않아도 5초동안 아무런 조작이 없으면 자동으로 설정이 완료됩니다. 모델에 따라 내용에 차이가 있을 수 있습니다.,,https://static.service.skmagic.com/editor/faq/ckimg/a4f216180d4445ab8bcc97cde33e3709.png
정수기,초소형 직수정수기 LED 밝기 조절 방법,LED 밝기 조절은 아래 사진처럼 코크부 LED 밝기만 조절 가능하며 출수버튼은 OFF되지 않습니다. 제품 미사용(대기) 상태 기준으로 LCD표시창은 1분 후 OFF되며 출수버튼의 LED는 OFF되지 않습니다. LED밝기 조절 방법 ①[정수] 버튼을 3초이상 눌러 LED 밝기를 조절합니다. ②[정수] 버튼을 3초이상 누를 때마다 표준 약 으로 변경됩니다. ③LED 밝기 OFF는 앱을 통해서만 가능합니다. 앱을 통해 취침모드 LED OFF 기능을 사용할 경우 LED라이팅만 OFF됩니다. (출수버튼은 OFF되지 않습니다.,,https://static.service.skmagic.com/editor/faq/ckimg/4cf4fc73c2f740d6aedf1b6052628f6f.png|https://static.service.skmagic.com/editor/faq/ckimg/c6093385bf5c482bb225f511cca1e485.png
정수기,조리수밸브에서 물이 새요/조리수밸브에서 물이 떨어져요,조리수 밸브 잠금 상태를 확인해 주세요. 조리수 밸브를 완벽히 잠가둔 상태에서도 물이 새는지 확인해 주세요. 조리수를 잠근 후에도 조리수에서 물이 새는 경우 정수기 중간밸브를 잠궈주세요. 정수기 뒷면에 연결된 급수 호스선을 따라가보면 수도배관에 연결된 중간밸브를 확인할 수 있습니다. 누수 피해를 예방하기 위해 중간밸브를 잠근 뒤 서비스 접수를 신청해 주세요.,,https://static.service.skmagic.com/editor/faq/ckimg/a61aa845392b46d296395a2e84d86612.png
정수기,정수기 물이 나오다가 끊겨요,물공급 상태를 확인해 주세요. 설치된 수전이 단수가 되었다면 수돗물이 정상적으로 공급될 때까지 기다려 주세요. 급수호스가 눌리거나 꺾여있지는 않은지 확인해 주세요. 겨울철 영하의 날씨로 급수호스가 결빙되었다면 호스 선을 따뜻한 물수건으로 감싸서 녹여 주세요. 수도밸브와 중간밸브가 잠겨있다면 밸브를 열어주세요. 다른 수도의 물과 동시에 사용하는 경우 확인해 주세요. (직수형정수기) 세탁기 사용이나 샤워 등 동시에 물 사용이 있을 경우 변동 수압으로 인해 정수기 사용시 물줄기가 약해지며 물이 끊겼다 나올 수 있습니다. 온수 기능은 동시에 물사용이 있을 경우 변동수압 또는 저수압이 발생하여 온수 온도과열방지 기능이 작동하여 취수가 중단되며 물이 끊기거나 스팀만 나올 수 있습니다. 동일 수전에 연결된 다른 제품의 수도 사용을 중지하거나 호스가 꺾여있진않은지 확인 후 사용해 주세요.,,https://static.service.skmagic.com/editor/faq/ckimg/5a387fa760b44bbcaa35d0dcc39d46d6.png
정수기,스스로 직수정수기의 필터는 몇개인가요? (WPUA1000C WPUA1100C),스스로 직수정수기 필터 개수를 확인해 주세요. 스스로 직수정수기에는 고밀도 활성탄으로 작은 부유물 및 잔류염소등을 제거하는 필터와 물 속 미세입자 미생물등을 제거하는 필터 2개가 장착됩니다. 보통의 직수정수기에는 4cm 필터 3개가 장착되며 스스로 직수정수기의 필터는 더욱 큰 6cm 필터 2개로 동일한 정수 효과를 발휘합니다.,,https://static.service.skmagic.com/editor/faq/ckimg/d6fd23b092f243df86c419a11aa548ff.png
정수기,정수기 UV 살균기능은 무엇인가요,UV 살균 기능이란? UV(자외선) 램프를 이용해 잔류성 물질 없이 99%이상 세균을 제거하는 기능입니다. 정수기에 적용된 UV살균 기능은 코크 출수 아이스룸 워터룸 UV살균이 있습니다. 1. 코크 UV살균 기능 외부와 직접 접촉되는 코크까지 완벽하게 UV케어 진행 코크 살균은 무출수(출수를 하지 않은 시점) 2시간 기준 10분씩 진행 (제품에 따라 살균시간은 차이가 있음) 코크 살균은 자동과 수동으로 설정이 가능 2. 출수 UV살균 기능 출수 즉시 흐르는 물까지 UV케어 진행 출수 UV기능은 출수시 자동으로 진행되며 수동으로 ON/OFF 설정 불가 3. 아이스룸 UV살균 기능 얼음이 담겨져있는 아이스룸까지 UV케어 진행 하루 2번 3시간씩 UV살균 진행 4.,,https://static.service.skmagic.com/editor/faq/ckimg/79ace1f2fe844da0a261a3fe2e74724f.png|https://static.service.skmagic.com/editor/faq/ckimg/2663c9cb660a40cfa28e457d1d481160.png|https://static.service.skmagic.com/editor/faq/ckimg/337446c2dc8a43a7a25598cc0143d300.png
정수기,출수 버튼이 뻑뻑해요(WPUA100 WPUA200 WPUA110 WPUA210 WPUA120 WPUA220),출수 버튼이 뻑뻑하고 잘 눌러지지 않을 때 버튼부 청소가 필요합니다. 다이얼 방식의 출수 버튼이 뻑뻑하고 잘 눌리지 않는 경우 청소 방법을 확인해 주세요. 적용모델 WPUA100 WPUA200 WPUA110 WPUA210 WPUA120 WPUA220 ①전원콘센트를 분리합니다. ②출수버튼을 눌러줍니다. ③출수버튼이 눌려있는 상태에서 면봉이나 물티슈로 내부 홈을 돌아가면서 깨끗하게 닦아줍니다. 터치식 버튼이 간헐적으로 눌리지 않을 경우 확인해 주세요. 손가락의 지문 부위로 정확한 터치 버튼을 눌러 확인해 주세요. 버튼 조작부에 이물질이 묻어 있는 경우 청소 후 사용해 주세요.,,https://static.service.skmagic.com/editor/faq/ckimg/85420209a7a446af82b19e244f75c9ba.png
정수기,온수 출수가 늦어요 (직수형정수기),순간온수방식은 탱크에 물을 저장하지 않고 온수 취수버튼을 누르는 순간부터 물을 가열하기 시작하고 일정온도 이상이 되면 출수가 진행되기 때문에 취수시까지 약 4~6초정도 시간차가 발생할수 있습니다.,,없음
정수기,WPUIAC403 원코크 얼음물 정수기 얼음 생성 갯수와 소요시간,1회 생성되는 얼음 갯수는 5개이며 생성되는 시간은 평균 13~15분 소요됩니다. 단 냉수 사용량이 많거나 주변 온도에 따라 얼음이 생성되는 시간은 달라질 수 있습니다. 초기설치 직후와 같이 아이스룸에 얼음이 없는 상태일 경우 만빙(얼음가득)상태까지 외부 온도 20℃ 기준 약 4시간 가량 소요되며 주변 온도에 따라 시간은 달라질 수 있습니다. 만빙(얼음가득) 시 최대 약 940g의 얼음이 보관됩니다.,,https://static.service.skmagic.com/editor/faq/ckimg/6f150cb5f9a647be9b5ee7dc63b7a42e.png|https://static.service.skmagic.com/editor/faq/ckimg/f4c83e1aa4ad480e87984ef3a4667783.png
정수기,물에서 벌레가 나왔어요,정수기 외관의 틈으로 벌레는 들어갈 수 있으나 이는 설치장소의 주변환경 관리상태에 따라 발생하는 현상이며 정수기 구조적 특성상 물탱크나 유로관 내부로는 벌레가 들어갈 수 없습니다. 단 외부환경에 노출되는 취수구를 통해 취수구 안쪽에 벌레가 붙어있다가 출수시 떨어져 물과 섞여 나올수는 있습니다. 취수구를 주기적으로 청소를 하면 청결하게 정수기를 사용할 수 있습니다. 물탱크 청소 후 커버의 체결상태가 불량하면 틈이 생겨 벌레가 유입될 수 있으니 필히 정상적인 조립상태 확인이 필요합니다.,,없음
정수기,정수기 사용 중 전원이 반복적으로 꺼졌다 켜졌다 해요,벽면콘센트에 정수기 전원코드선이 헐겁지 않게 정상적으로 잘 꽂혀있는지 확인해 주세요. 정수기 전원코드를 다른 연결 콘센트에 연결하여 작동 후 동일증상이 발생되는지 확인해 주세요. 멀티콘센트 사용시 멀티콘센트의 노후화로 작동이 안될수 있으니 멀티콘센트를 교체해 주세요. 멀티콘센트 사용시 스위치가 없는 정격용량 250V 16A 이상의 멀티콘센트를 사용해 주세요. 멀티콘센트는 벽면콘센트에 연결하여 사용해 주세요.,,없음
정수기,스스로 직수정수기 호스에서 물이 나와요 (WPUA1000 WPUA1100),스스로 직수정수기는 배수호스가 연결되어있으며 상황에 따라 배수호스로 물이 배출됩니다. 배수호스로 물이 배출되는 경우는 다음과 같습니다. 유로 순환 케어기능 작동시 배수호스로 물이 배출되고 3시간동안 취수가 없을 경우 직수관 물을 스스로 배출시킵니다. [자동 필터 세척] 기능 작동시 배수호스로 물이 배출되고 필터를 플러싱한 물이 약 15L 배출됩니다. [직수관 안심케어] 기능 작동시 배수호스로 물이 배출되고 직수관 살균 동작 중 살균수인 전해수가 약 12L 배출됩니다. 배수호스로 물이 배출되는 증상은 정상적인 현상으로 안심하고 사용해 주세요.,,없음
정수기,코크(취수구)에서 물이 떨어져요,직수형정수기 코크에서 물이 새어 나오나요? 중간밸브를 잠근 뒤 콘센트를 분리한 상태로 서비스 접수를 진행해 주세요. 탱크형정수기 코크에서 물이 새어 나오나요? 중간밸브를 잠근 뒤 콘센트를 분리한 상태로 서비스 접수를 진행해 주세요. 누수가 심한 경우 물이 나오지 않을 때까지 직접 출수하여 내부 물통의 물을 비워주세요. 중간밸브 잠김과 열림 상태를 확인해 주세요.,,없음
정수기,UV 살균 안심케어는 언제 작동하나요? (올인원직수얼음정수기),물이 출수되는 코크 UV살균 안심케어 작동 시간을 확인해 주세요. 취수가 끝난 시점부터 2시간 뒤 30분 동작하며 이후 무출수시 2시간에 10분씩 반복되어 작동합니다. 살균 진행 중 물을 취수할 경우 살균이 중단되고 취수가 끝난 시점부터 2시간 뒤 UV살균안심케어가 작동합니다. 얼음을 보관하는 아이스룸 UV살균 안심케어 작동 시간을 확인해 주세요. 출빙이 끝난 시점부터 5시간 뒤 3시간 동작하며 이후 무출빙시 9시간에 3시간씩 반복되어 작동합니다. 살균 진행 중 얼음을 출빙하여도 살균 기능은 유지되며 진행중이던 살균이 끝나고 이어서 살균이 작동합니다. 수동 살균을 진행하고 싶은 경우 확인해 주세요. ①UV살균 안심케어 버튼을 짧게 1회 터치해 주세요. ②출빙버튼과 출수버튼이 동시에 깜빡일 때 아이스룸 케어를 원하는 경우 출빙버튼을 코크 케어를 원하는 경우 출수버튼을 눌러주세요. ③UV살균 안심케어 작동이 시작되면 제품 가운데 램프가 5분간 점등됩니다. UV살균 안심케어가 작동하면 스노우폴(세로 램프)이 점등됩니다. 램프는 UV살균 안심케어 시작과 동시에 점등된 후 5분 뒤 소등되고 케어 동작은 유지됩니다. 모델에 따라 내용에 차이가 있을 수 있습니다.,,https://static.service.skmagic.com/editor/faq/ckimg/696377905fcc43859dfc73fc4b119bf8.png|https://static.service.skmagic.com/editor/faq/ckimg/660be8c4619249aea16cad63005af520.png
정수기,스스로 직수정수기 자동 필터 세척 기능은 무엇인가요 (WPUA1000 WPUA1100),자동 필터 세척이란? 교체한 새필터에 물을 통과시켜 배출하는 플러싱 작업을 자동으로 해주는 기능입니다. 필터교체는 반드시 중간밸브가 개방된 상태로 전원이 정상적으로 켜진 상태에서 필터교체를 진행하여 주세요. 자동 필터 세척 기능은 필터 커버 분리 후 다시 조립할 경우 동작합니다. 새필터로 교체 후 필터 커버를 조립할 경우 약 5초가 지나면 자동 필터 세척 기능이 진행됩니다. 필터 교체가 아니더라도 필터 커버 분리 후 3초 필터 커버 조립 후 약 5초가 지나면 자동 필터 세척 기능이 진행됩니다. 자동 필터 세척 기능은 약 10분정도 동작합니다. 해당 기능 동작시에는 전면 버튼 램프 LED가 순차적으로 점멸됩니다. 자동 필터 세척 동작 중 [출수]버튼을 5초간 눌러 세척 기능을 취소할 수 있습니다. 자동 필터 세척 동작 중에는 물을 출수할 수 없습니다. 작동 종료 후 정수기를 사용해 주세요. 자동 필터 세척 중에는 배수호스를 통해 배수가 진행됩니다. 정상적인 현상으로 안심하고 사용해 주세요.,,https://static.service.skmagic.com/editor/faq/ckimg/60733256c2594e3784a71c94eb61874d.png
정수기,정수기 중간밸브에서 물이 새요,중간밸브를 잠궈도 물이 계속 누수되는 경우 중간밸브가 연결된 수도배관 밸브를 잠궈주세요. 누수 피해를 예방하기 위해 서비스매니저 방문시까지 수도배관 밸브의 잠김 상태를 꼭 확인해 주세요. 수도배관 밸브는 수전 위치에 따라 상이합니다.,,https://static.service.skmagic.com/editor/faq/ckimg/4d46a3338aeb48ac9135d31a95cb566a.png
정수기,온수 사용시 갑자기 전원이 꺼져요 (직수형정수기),순간 온수 가열 방식이란? 온수 기능 사용시 일반 상온의 물을 출수와 동시에 순간적으로 가열하여 온수를 만드는 방식입니다. 순간 온수 가열시 일시적으로 수압 또는 전압에 변동이 발생할 수 있습니다. 온수 사용시 전원이 꺼지거나 전등이 깜빡거리나요? 순간 온수 가열 시 전력이 최대치로 소비됩니다. 이때 설치된 장소의 전력량이 부족할 경우 발생할 수 있습니다. 순간 온수 가열 정수기 설치 환경을 확인해 주세요. 순간 온수 가열 방식의 직수형 정수기는 벽면 콘센트에 해당 제품만 연결하여 사용해 주세요. 멀티콘센트를 사용할 경우 정격용량이 250V 16A 이상이어야하며 정수기만 연결된 멀티콘센트를 벽면콘센트에 단독으로 연결하여 사용해 주세요.,,https://static.service.skmagic.com/editor/faq/ckimg/1597df7b8e514f7886d9068509af902f.png
정수기,조리수밸브에서 이물질이 나와요,출수한 물에서 이물질이 발견되었나요? 조리수밸브는 정수기 필터를 거쳐 나온 물이 출수되며 정수기 필터의 기공은 크기가 매우 작아 눈에 보이는 이물질은 외부 환경에서 발생하는 증상일 수 있습니다. 주기적인 청소가 필요하므로 면봉을 이용하여 취수구 안쪽을 이물이 묻어나오지 않을 때까지 청소해 주세요. 출수한 물에서 노란색 이물질이 발견되었나요? 취수구 안쪽에 물이 맺히며 발생한 물때가 출수시 섞여나오는 증상으로 주기적인 조리수밸브 청소가 필요합니다. 면봉을 이용하여 취수구 안쪽을 이물이 묻어나오지 않을 때까지 청소해 주세요. 출수한 물에서 하얀색 이물질이 발견되었나요? 정수된 물에는 미네랄(칼륨 마그네슘)성분이 함유되어 있으며 물이 가열되었다 식거나 얼었다 녹는경우 흰색 결정체가 되어 보여질 수 있습니다. 미네랄이 함유된 물에서 발생하는 자연적인 현상이며 인체에 무해하고 시중에 판매되는 미네랄 함유 생수에도 이와 같은 문구를 기입하고 있습니다. 출수한 물에서 검은색 이물질이 발견되었나요? 물을 정수하는 필터중에는 숯성분을 사용하는 카본필터가 포함되어있으며 필터 교체 후 물을 충분히 흘려버리지 않았을 때 숯가루가 함께 출수되며 발생합니다. 일시적으로 발생하는 증상으로 2-3리터를 출수하여 버린 뒤에도 동일 증상이라면 전문가의 점검이 필요합니다. 출수한 물에서 벌레가 발견되었나요? 자사 제품은 벌레가 투입될 수 없는 구조로 외부로 노출되어있는 코크(취수구) 안쪽에 숨어있던 벌레가 물출수 시 함께 나올 수 있습니다. 면봉을 이용하여 취수구 안쪽을 이물이 묻어나오지 않을 때까지 청소해 주세요.,,https://static.service.skmagic.com/editor/faq/ckimg/8145182d316a42baa72a6557c51d7287.png|https://static.service.skmagic.com/editor/faq/ckimg/e90fcc8607b24a8093878ec0b606975f.png|https://static.service.skmagic.com/editor/faq/ckimg/932b4e48bf0e454fb5e5d6e0d7646e54.png
정수기,장기간 미사용시 제품 관리방법이 궁금해요,제품을 분리 후 장기간 보관하는 경우 확인해 주세요. 분리된 제품은 내부 물기로 인해 손상될 수 있으므로 꼭 세워서 이동 또는 보관해 주세요. 겨울철 제품이 얼지 않도록 실내에 보관해 주세요. 제품이 연결된 상태로 장기간 미사용하는 경우 확인해 주세요. 제품의 중간밸브를 잠근 뒤 수조(물탱크) 및 직수관의 물을 제거하기 위해 물이 끊길때까지 출수해 주세요. 얼음정수기의 경우 얼음을 모두 출빙해 주세요.,,없음
정수기,사용설명서가 없어요 어떻게 확인해야하나요,제품 구매시 공용으로 제공되는 간단설명서가 포함되어있습니다. 그외 제품 모델별 상세사용설명서는 제품에 부착된 QR코드 접속 및 서비스 홈페이지를 통해 확인이 가능합니다. 서비스센터 홈페이지에서 사용설명서 확인이 가능합니다. 서비스센터 홈페이지 접속(web/mobile) > 쉬운해결 > 제품 사용설명서 제품의 QR코드를 확인해 주세요. 모델코드가 기재되어있는 QR코드가 부착되어있어야만 QR코드 이용이 가능합니다. (제품 생산년도에 따라 차이가 있습니다.) QR코드로 접속하여 제품 사용설명서 IOT 사용설명서 요리가이드를 확인해보실 수 있습니다. 모델에 따라 내용에 차이가 있을 수 있습니다. QR코드로 접속하여 확인해 주세요. ①스마트폰에서 카메라를 켜고 QR코드를 비추면 상단에 알림이 표시됩니다. ②해당 알림을 클릭하여 접속해 주세요. ③사용설명서 카테고리를 선택 후 확인해주세요.,,https://static.service.skmagic.com/editor/faq/ckimg/281a1cc8ae4346888c55fc976756a9ae.png|https://static.service.skmagic.com/editor/faq/ckimg/2c9afbf5c8ea4ff98110899691206fc9.png|https://static.service.skmagic.com/editor/faq/ckimg/94ac0d5ba1d040ae997348f06050f340.png
정수기,여름 휴가철 장기간 미사용 전/후 제품 관리방법,여름철 휴가 떠나기 전 장기간 미사용 시 제품 관리 방법 입니다. ①누수 방지를 위해 중간밸브와 볼밸브를 잠궈 차단시켜 주세요. ②중간밸브와 볼밸브를 잠근 상태에서 직수정수기는 '물' 선택하여 출수한 뒤 전원 코드선을 분리해 주세요. 얼음 정수기는 '물' '얼음' 모두 선택하여 출수 출빙한 뒤(얼음이 안나올 때 까지) 전원 코드선을 분리해 주세요. 여름철 휴가 다녀온 후 제품을 다시 사용할 시 관리 방법 입니다.(장기 미사용 후) ①중간밸브와 볼밸브를 열림 상태로 변경한 뒤 제품의 전원 코드를 연결해 주세요. ②제품 사용 전 2L이상 물을 충분히 배출한 뒤 사용해 주세요. 자동 플러싱 가능 모델 : WPUA1100 WPUA1000 WPUJAC103 WPUJCC103 WPUIAC403 자동 플러싱 가능 모델의 경우 제품 사용 전 전면 커버를 열었다 5초 후 닫아 주세요. ③직수정수기 냉수의 경우 적정 온도에 도달하기 까지 1~2시간 가량 소요됩니다. ④직수 얼음 정수기의 얼음 생성 여부를 확인해 주세요. 얼음 램프가 켜져있는지 확인해 주세요. 냉수 사용량이 많을 경우 얼음 생성이 지연될 수 있습니다. 냉수 사용을 하지 않은 상태에서 2~3시간 후 얼음이 나오는지 확인해 주세요.,,https://static.service.skmagic.com/editor/faq/ckimg/6326c47c2ec24752a548e30cd8e150f2.png|https://static.service.skmagic.com/editor/faq/ckimg/a1019828ba1244f8abb2fad0be7c84a2.png|https://static.service.skmagic.com/editor/faq/ckimg/8f2e9dd1ff044abc87dd36ca5e3de2c6.png|https://static.service.skmagic.com/editor/faq/ckimg/beef8958b890468b8e4c82264b1a0fb1.png|https://static.service.skmagic.com/editor/faq/ckimg/5ef26a7f7d6c4cb6813df5f47ecda0f9.png
정수기,정수기 내부에서 물 흐르는 소리가 나요,냉수기능이 있는 정수기에서 물 흐르는 소리가 발생하나요? 정수기는 냉각 상태를 만들기 위해 냉매가 들어가 있고 냉매가 액체↔기체로 변화되는 과정에서 물 흐르는 소리가 발생합니다. 물 흐르는 소리는 간헐적으로 발생되며 냉수 기능을 꺼둔 상태에서는 발생하지 않습니다. 냉수기능이 없는 정수기에서 물 흐르는 소리가 발생하나요? 얼음 기능이 있는 정수기는 얼음 생성을 위해 물이 유입되거나 보관중인 얼음이 녹아 발생한 물을 배수시키는 소리가 발생합니다. 모델에 따라 내용에 차이가 있을 수 있습니다.,,없음
정수기,물에서 소독약 맛 또는 냄새가 나요,물에서 약품 냄새가 나는 경우 2-3L의 물을 코크쪽으로 충분히 출수한 후 그 다음 출수한 물에서 동일한 냄새가 나는지 확인해 주세요. 물에서 비린내가 나는 경우 비린맛은 환경적인 영향이 큽니다. 유리컵이나 도자기류컵을 사용하셨다면 종이컵을 이용하여 2번째 출수한 물로 확인해 주세요. 쇠컵을 사용할 경우 물에서 쇠냄새를 느끼며 플라스틱컵을 사용하면 물에서 플라스틱 냄새를 느낄 수 있습니다. 종이컵 2번째 출수 후 확인해 주세요. 필터 교체주기 확인합니다. 장기간 보관 후 사용을 하거나 필터의 수명이 지난 경우 물에서 냄새가 날 수 있으므로 필터 교체를 진행해 주세요.,,없음
정수기,코크 UV살균 램프를 끄고 싶어요/켜고 싶어요,코크 UV살균 진행을 알리는 코크 부위 램프는 ON/OFF 설정이 가능합니다. 다음 내용을 확인해 주세요 코크 UV살균 램프란? UV살균시 현재 살균중이라는 표시를 나타내기 위한 알림으로 코크 LED에 백색불이 밝아졌다 어두워졌다를 반복합니다. 코크 UV살균 램프 ON/OFF 설정이 가능합니다. ①[살균] 또는 [UV안심케어] 버튼을 5초 이상 눌러주세요. -해당버튼이 깜박이면서 취수부에 살균 알림 LED가 켜집니다. ②취수버튼을 눌러 살균 알림 LED를 ON 또는 OFF 해주세요. -취수버튼을 누를때 마다 살균 알림 LED가 ON/OFF 됩니다. ③[살균] 또는 [UV안심케어] 버튼을 짧게 한번 눌러 설정을 완료해 주세요. -선택 후 5초 동안 다른 입력이 없으면 설정이 자동으로 완료됩니다. 적용모델 - 직수형정수기 (WPUA800 WPUA900 WPUA1000 WPUA1100 제외),,https://static.service.skmagic.com/editor/faq/ckimg/bd0afda9b4af455fabeb9d91d016719e.png
정수기,조리수밸브가 부식 파손 됐어요,조리수 밸브 교체시 누수 발생 위험이 있어 자가적으로 분리 및 조립이 어렵습니다. 안전한 조리수밸브 교체를 위해 서비스 접수를 신청해 주세요.,,없음
정수기,퇴수호스가 무엇인가요/설치 방법이 궁금해요,일부 모델은 물받이를 비우지 않고 퇴수호스를 연결하여 호스를 통해 물이 버려지도록 사용이 가능합니다. 퇴수호스란? 정수기 물받이에 구멍을 뚫고 본체에 퇴수호스를 연결하여 물받이로 버려지는 물이 고이지 않고 퇴수통 또는 하수구로 버려지도록하는 부품입니다. 퇴수호스를 설치하는 경우 호스의 길이 1.5M 내 물을 처리할 수 있는 하수구 또는 10L 이상의 일반 물을 담을 수 있는 퇴수통을 이용 하셔야 합니다. 퇴수호스의 길이는 약 1.5M정도이며 호스 길이 연장은 불가합니다. 모든 정수기에 퇴수호스 설치가 가능한가요? 스텐드형 제품에 한하여 설치 가능합니다. (단 컴팩트형 중 WPUC400모델 가능) 스텐드형 제품 중에서 WPUIC100 WPUIC110 WPUB600 WPUB610 WPUC500 WPUC520 WPUA800F WPUA900F 모델에 한하여 자가 설치가 가능하며 그 외 모델은 전문가의 방문서비스가 필요합니다. 퇴수호스 자가 설치 방법을 확인해 주세요. 적용모델 : WPUIC100 WPUIC110 WPUB600 WPUB610 WPUC500 WPUC520 WPUA800F WPUA900F 자가 설치가 불가한 제품의 퇴수호스 설치 신청 방법을 확인해 주세요. 퇴수호스 설치 요청시 비용이 발생됩니다. 퇴수통 또는 퇴수호스 구매가 필요한 경우 확인해 주세요. 모델에 따라 내용에 차이가 있을 수 있습니다.,,https://static.service.skmagic.com/editor/faq/ckimg/29d13648e6b645d1b8b405eeffb0dfd2.png|https://static.service.skmagic.com/editor/faq/ckimg/36c42d7a9e2b4624b9d2f000df4124f0.png
정수기,초소형 직수정수기 IOT앱 맞춤 출수 설정,맞춤 출수 설정은 기본 출수온도와 용량을 변경할 수 있습니다. ①기본 온도 설정은 정수 냉수 중 선택 가능합니다. ②기본 출수량은 최소 120ml~1L 까지 설정 가능합니다. ③기본 출수량의 숫자를 선택하면 용량2 설정 화면이 표시됩니다. 이때 용량2 설정 화면에서 10ml단위로 용량 선택 가능합니다. ④맞춤 출수 설정을 하면 다른 기능 출수 후 일정 시간 조작이 없을 경우 맞춤 출수 설정한 온도와 용량으로 돌아옵니다. (온도는 온수 사용후에만 맞춤설정한 온도로 자동 변경됩니다.,,https://static.service.skmagic.com/editor/faq/ckimg/c3b0cdc250db42b1bfe70a87313c5b65.png
정수기,직수관 안심케어 동작 시간을 바꾸고 싶어요 (WPUA1000C WPUA1100C),직수관안심케어란? 일정시간 마다 전해수로 유로관을 살균해주는 기능입니다. 직수관 안심케어 동작시간을 확인해 주세요. 전원코드를 분리한 뒤 다시 코드를 연결하면 ON상태가 되는 시점으로 132시간(5일+12시간)뒤 동작됩니다. 직수관 안심케어는 사용 빈도가 적은 시간대에 작동해 주세요. 직수관 안심케어가 동작중일 경우 8~12분간 물을 취수할 수 없습니다.,,없음
정수기,직수형정수기는 지하수에 설치가 가능한가요,지하수 지역에는 직수형 정수기 설치 및 사용이 불가하므로 아래 내용을 확인해 주세요. 지하수 지역에서 정수기를 사용해야하나요? 지하수에는 석회질 등 음용수로 사용시 걸러야하는 물질이 있어 RO필터가 장착된 역삼투압 정수기를 설치하여 사용 가능합니다. 역삼투압 정수기는 모두 탱크형으로 이루어져 있어 지하수 지역에서 직수형 정수기 사용은 불가합니다. 역삼투압 정수기는 원수 대비 30%만 정수되어 저수 물량이 적은편으로 조리수 밸브 추가 설치는 불가합니다. SK매직 역삼투압 정수기 제품을 확인해 주세요. SK매직 역삼투압 정수기는 WPU1ROC WPU6510 WPU6530 WPU6540 WPU6570 WPUB400 WPUB410 WPUC520 WPUB610가 있습니다. 역삼투압 정수기는 지하수 상수도 지역 모두 설치하여 사용 가능합니다.,,없음
정수기,초소형 직수정수기 출수 용량이 달라요.,자사 직수정수기 모두 출수 용량 ±10~15% 이내 적용 되고 있습니다. 출수량은 설치 환경 (전압/수압)에 따라 편차가 발생할 수 있습니다. 환경적 요인을 확인해 주세요. 수압이 낮은 환경에서 사용할 경우 용량보다 적게 나올 수 있습니다. 동시 수도 사용시(싱크대 화장실 세탁기 식기세척기 등) 용량보다 적게 나올 수 있습니다. 전압 환경(벽 콘센트 사용 유무 220V전압)을 확인해 주세요.,"[표1] | WPUJAC104, WPUJCC104 출수량 편차 예시 |  | | --- | --- | | 한컵(120ml) | 102ml~138ml | | 250ml | 212ml~288ml | | 550ml | 468ml~633ml | | 1L | 850ml~1150ml |",없음
정수기,WPUJAC103 온수가 안 나와요.,온수 잠금 상태일 경우 상단 [잠금]에 불이 들어오고 전면 [온수]가 선택이 안되며 '띵띵' 소리가 납니다. 온수 잠금 해제 방법 ①상단 [잠금] 버튼을 3초간 길게 눌러주세요. ②전면 [온수] 버튼을 선택해 주세요. ③상단 [잠금] 버튼을 한번 더 선택하거나 7초간 기다리면 잠금 해제됩니다. 전원코드 분리 후 10초 뒤 다시 전원을 켤 경우에도 잠금은 해제됩니다.,,https://static.service.skmagic.com/editor/faq/ckimg/eafc0c51a4df44b7a6ec952093853440.png
정수기,얼음 가득 램프에 불이 안들어와요 (WPUIC100F WPUIC110F),아이스룸은 상온 상태로 먼저 만들어진 얼음은 녹아서 물로 배출됩니다. 녹은 얼음이 물로 배출되면서 [가득]램프 센서에 얼음이 닿지 않아 점등되지 않을 수 있습니다. 얼음이 지속 출빙 된다면 제품은 정상입니다.,,없음
정수기,WPUIAC403 원코크 얼음물 정수기 출수량이 달라요.,표시되어 있는 용량과 출수량이 달라요. SK매직의 모든 직수정수기는 출수 용량이 ±10% 이내 적용되고 있습니다. 출수량은 설치 환경(전압/수압)에 따라 편차가 발생할 수있습니다. 환경적 요인을 확인해 주세요. 수압이 낮은 환경에서 사용할 경우 용량보다 적게 나올 수 있습니다. 동시 수도 사용 시(싱크대 화장실 세탁기 식기세척기 등) 용량보다 적게 나올 수 있습니다. 전압 환경(벽 콘센트 사용유/무 220V전압)을 확인해 주세요.,,https://static.service.skmagic.com/editor/faq/ckimg/20c47b5c1667468db9a4fb77c962c28a.png
제빙기,얼음 또는 내부에서 이물질이 나와요,깨끗한 얼음생성을 위해서는 주기적인 필터교체 및 제품 내부 청소가 필요합니다. 정수기 또는 제빙기 전용필터의 교체주기에 맞춰 필터를 교체해 주세요. ( 구독 로 사용시 교체주기에 맞춰 방문드리고 있습니다.) 내부 부속품 또는 얼음보관통을 주기적으로 청소해 주세요. [ 셀프클린] 또는 [WASH] 모드를 이용하여 내부의 얼음생성부를 청소해주세요. 제빙기 청소방법이 알고 싶다면?,,없음
정수기,코크에 이물질이 있어요/코크 청소 방법이 궁금해요,코크가 오염되는 이유를 확인해 주세요. 커피나 차종류 컵라면 등 물을 출수하면서 낙차에 의해 음식물이 튀면서 코크가 오염됩니다. 출수 후 코크에 물이 소량 맺혀있는 상태로 공기중의 먼지가 붙어 오염됩니다. 코크 청소 방법을 확인해 주세요. 적용모델 : WPUGBC102 ①코크를 왼쪽으로 돌려 분리해 주세요. ②코크와 코크 내부의 부품을 분리하여 흐르는 물에 청소해 주세요. ③건조된 코크와 내부의 부품을 잘 맞춰 조립한 뒤 정수기에 장착 후 약 30초 이상 물을 출수하여 버리고 사용해 주세요. 적용모델 : WPUIAC302 ①코크를 왼쪽으로 돌려 분리해 주세요. ②코크를 흐르는 물에 청소해 주세요. 적용모델 : 그외 모델 ①부드러운 천으로 코크 외관을 닦아주시고 면봉 또는 브러쉬를 이용하여 코크 안쪽까지 깨끗하게 청소를 진행해 주세요. ②청소 이후 약 30초 이상 물을 출수하여 버리고 사용해 주세요.,,https://static.service.skmagic.com/editor/faq/ckimg/e1051e467ba348cf838d3d82a0e85c29.png
정수기,UV안심케어 알림 램프 ON/OFF 설정 방법이 궁금해요,UY안심케어 램프란? UV안심케어 진행을 알리는 LED 램프입니다. UV안심케어가 진행될 때는 백색으로 점등되며 제품에 따라 점등 위치가 상이합니다. UV안심케어 알림 LED ON/OFF 방법을 확인해 주세요. 적용모델 : WPUI100 WPUI110 WPUI120 WPUI130 WPUI200 WPUI210 WPUI220 WPUI230 ①[550ml]버튼과 [UV안심케어]버튼을 동시에 5초 이상 누르면 두개 버튼의 램프가 점멸하며 스노우폴 LED가 점등됩니다. ②[출수]버튼을 누를 때마다 껴짐꺼짐순으로 밝기가 변경됩니다. ③원하는 설정으로 고정한 뒤 [550ml]+[UV안심케어] 버튼을 동시에 5초 이상 누르거나 7초간 조작이 없는 경우 자동으로 설정이 완료됩니다. 적용모델 : WPUA500WPUA600 WPUA601 WPUA610 WPUA700 WPUA701 WPUA710 ①[UV안심케어] 버튼을 5초이상 길게 누르면 [UV안심케어]버튼 램프가 점멸하고 라이팅 바 LED가 점등됩니다. ②[출수]버튼을 누를 때마다 껴짐꺼짐순으로 밝기가 변경됩니다. ③원하는 밝기로 고정한 뒤 [UV안심케어]버튼을 1회 누르거나 5초간 조작이 없는 경우 설정이 완료됩니다. 모델에 따라 내용에 차이가 있을 수 있습니다.,,https://static.service.skmagic.com/editor/faq/ckimg/1792e37ca6bd40de81a8b753b8065f15.png
정수기,조리수밸브 분리 후 싱크대에 뚫려있는 구멍은 어떻게 막아야 하나요?,조리수 밸브는 싱크대에 구멍을 뚫고 호스를 연결하여 설치합니다. 조리수밸브 분리 후 싱크대에 구멍이 뚫려있나요? 싱크홀 커버를 별도로 구매하여 싱크대의 구멍을 막아 사용해 주세요.,,https://static.service.skmagic.com/editor/faq/ckimg/4480622014f5457a8906b827db340069.png
정수기,초소형 직수정수기 직수관케어 주기 및 작동 방법,직수관케어 작동 주기 전원 코드 연결 후 5일+12시간(132시간) 4분 동작 5일(120시간) 4분 동작 직수관케어 작동 방법 ①직수관케어는 초기설치 또는 전원 코드를 연결한 시점부터 5일+12시간(132시간) 작동되며 이후 5일마다 주기적으로 5일(120시간)마다 작동됩니다. ②직수관케어중에는 모든 기능이 작동되지 않으므로 케어가 완료된 후 정수기를 사용해 주세요. (단 냉수는 1-2시간 후 사용해 주세요.) ③직수관케어케어는 약 4분정도 진행되며 배수량은 2000ml 정도 됩니다. ④[직수관케어]버튼을 3초이상 누르면 수동으로 진행됩니다.,,https://static.service.skmagic.com/editor/faq/ckimg/701041bf2e694e959af2b93a16959b5a.png|https://static.service.skmagic.com/editor/faq/ckimg/404c27cc4902400ab6d64d40275aedf4.png
정수기,본체 일체형 볼밸브 위치 및 열림상태인지 궁금해요,필터 교체 직후 물이 안 나오거나 졸졸 나오는 경우 반드시 볼밸브 열림 상태인지 확인해 주세요.,,https://static.service.skmagic.com/editor/faq/ckimg/6d362511616b40548afc03da6c4cca30.png|https://static.service.skmagic.com/editor/faq/ckimg/ed4645632f73413cbb09281ca75946d6.png|https://static.service.skmagic.com/editor/faq/ckimg/0a3cf955b0fd4eab9d22d64ae08e6b2e.png
정수기,정수 물줄기와 냉온수 물줄기가 달라요 (WPUIC100F WPUIC110F),해당 제품은 정수와 냉온수의 출수 방식이 상이하여 물줄기가 다를 수 있습니다. 정수와 냉 온수 물줄기가 다른가요? 냉수와 온수는 탱크형으로 설치 환경 수압에 영향이 없지만 정수는 직수형으로 설치 환경 수압에 따라 물줄기가 다를 수 있습니다. 정수는 직수형으로 설치환경 수압에 영향을 받아 약하게 나올 수 있습니다.,,없음
정수기,IoT 연결 가능한 조건이 있나요,원활한 IOT 사용을 위해 아래 내용을 확인해 주세요. 구독이용자의 경우 설치한 다음날부터 IoT연결이 가능하며 사용자로 저장된 연락처의 휴대폰으로 연결이 가능합니다. 단 일반제품은 당일 및 다른 연락처로 연결 가능합니다. IOT 사용이 가능한 모델이라면 'SK매직 서비스센터' 어플을 다운받아 주세요. 모델에 따라 어플이 다를 수 있습니다. 연결하려는 장소에 반드시 비밀번호가 설정된 2.4G 와이파이가 있어야합니다. 5G 환경에서는 연결 상태가 불안정 하여 사용이 불가합니다. 연결하려는 와이파이의 강도가 안정적인지 확인해 주세요. 연결하려는 가전의 와이파이 기능을 ON 시켜 와이파이 램프가 점등되는지 확인해 주세요. 연결을 진행하는 경우 가전과 와이파이공유기와 휴대폰 3가지가 10M 이내에 함께 있는 경우 연결이 가능합니다. 인터넷 공유기이더라도 UPD 검색 기능을 막는 경우 가전 등록이 불가능합니다. 인터넷 공유기 설정에서 공유기에 연결되는 와이파이 지원기기의 IP를 지정하여 할당할 경우 가전등록이 불가능합니다. 모델에 따라 내용에 차이가 있을 수 있습니다.,,없음
정수기,스스로 직수정수기 메모리 기능은 어떻게 설정해야하나요 (WPUA1000 WPUA1100),메모리 기능 설정 방법입니다. ①출수온도(냉수/정수/온수) 및 출수량(한컵/250ml/550ml/연속) 을 선택해 주세요. ②[메모리]버튼을 5초이상 눌러주세요. ③설정이 완료되면 [메모리]버튼 램프가 켜집니다. ④메모리기능 사용시 설정해둔 메모리버튼 누른 후 출수버튼을 눌러 사용해 주세요. 메모리 기능 사용 방법입니다. 메모리기능 사용시 설정해둔 메모리버튼 누른 후 출수버튼을 눌러 사용해 주세요. [메모리]버튼을 누른 후 7초동안 동작이 없으면 이전 상태로 돌아갑니다. 설정된 메모리 기능 삭제 방법입니다. 설정된 [메모리] 버튼을 5초이상 누르면 저장되어있던 메모리 기능은 삭제됩니다. 삭제시 부저음과 함께 메모리 LED가 소등됩니다.,,없음
정수기,정수기 에너지효율 등급은?,정수기는 냉수와 온수 기능이 있는 모델에 한해 에너지 효율등급이 적용됩니다. WPUA500 (온수+정수) WPUA600 (냉수+정수) 제품처럼 냉수 또는 온수 한가지 기능만 있는 제품은 에너지효율등급 제외 대상입니다.,,https://static.service.skmagic.com/editor/faq/ckimg/fede120d6bb34941b3781f447db01030.png
정수기,얼음이 녹으니 하얀 알갱이(이물질)가 있어요,물을 끓이거나 얼음이 얼었다 녹는등 온도 변화 이후 하얀 알갱이 또는 가루가 생기나요? S K매직 정수기는 수돗물의 성분 중 유해한 물질은 걸러주되 칼슘 칼륨 마그네슘과 같은 미네랄 성분은 통과시켜줍니다. (단 역삼투압은 미네랄도 걸러집니다.) 미네랄 성분 중 칼슘 마그네슘은 열이 가해지거나 얼렸을때 탄산 이온과 반응하여 하얀색 가루형태로 변화가 생기지만 인체에 무해한 성분입니다. 음식을 통해 보충해야하는 미네랄 성분을 물을 마시면서 자연적으로 섭취할 수 있습니다.,,없음
정수기,정수기 물받이가 파손됐어요,정수기 물받이는 부품만 구매하시어 자가적으로 교체가 가능합니다. 물받이 구매가 필요한가요? 물받이는 자석 또는 홈에 맞춰 설치하는 방식으로 손쉽게 탈착이 가능합니다.(단 일부모델은 상담센터를 통해서만 구매가 가능) WPUA800F WPUA900F WPUC500 C520 WPUB600 B610 WPUC400 모델인 경우 퇴수호스 설치 여부에 따라 물받이 구멍 유무를 선택하여 구매해 주세요. 모델에 따라 내용에 차이가 있을 수 있습니다.,,https://static.service.skmagic.com/editor/faq/ckimg/0bd04fa31cd449b9ae50ab2a486dc83c.png
정수기,얼음이 저절로 나와요 (올인원직수얼음정수기),출빙버튼을 누르지 않아도 얼음이 저절로 나오는 경우는 서비스 점검이 필요합니다. 단 이전 출빙시 내부 입구에 걸려있었던 얼음이 녹으면서 한두개가 저절로 떨어지는 증상이 발생될 수 있습니다.,,없음
정수기,코크 UV살균 안심케어는 언제 어떻게 작동하나요?,코크 UV살균 안심케어란? 외부와 직접 접촉되는 코크부위까지 UV(자외선)램프를 이용해 99%이상 세균을 제거하는 기능입니다. 코크 UV살균 안심케어 작동시간을 확인해 주세요. 적용모델 : WPU2200 코크 UV살균 안심케어는 출수 후 15분 작동하며 이후 2시간마다 10분씩 자동으로 작동됩니다. 코크 UV살균 안심케어 기능은 끌 수 없습니다. 적용모델 : 그 외 모델 코크 UV살균 안심케어는 출수 후 30분 작동하며 이후 2시간마다 10분씩 자동으로 작동됩니다. 코크 UV살균 안심케어 기능은 자동 살균 기능을 ON/OFF 할 수 있습니다. 아이스룸 UV살균 안심케어 수동 작동 방법을 확인해 주세요. 적용모델 : WPUIAC302 전면의 [UV케어]버튼을 누르면 코크와 아이스룸 UV살균이 동시에 시작됩니다. 모델에 따라 내용에 차이가 있을 수 있습니다. 정확한 내용은 제품별 사용설명서를 참고해 주세요.,,https://static.service.skmagic.com/editor/faq/ckimg/f802b261f31a4b71a542ad3e46620e7d.png
정수기,WPUIAC403 고온수 물 출수되는 시간이 오래 걸려요 물줄기가 가늘어요.,직수형 온수는 순간 온수가열 방식 으로 냉수/정수에 비해 출수 속도가 느리며 물줄기가 가늘고 약하게 출수 됩니다. 급수 온도와 설치 환경에 따라 출수 시간의 차이가 있을 수 있습니다. 물이 나오는 출수구가 작아 물줄기가 가늘고 출수되는 속도가 느립니다. 냉수/정수에 비해 온수/고온수 출수시 물이 나오는 출수구가 작아 물줄기가 가늘고 출수 속도가 느립니다. 고온수의 경우 온수보다 더욱 높은 온도로 가열되기 때문에 물줄기가 더 가늘고 느리게 출수 됩니다. 냉수/정수 출수구에 비해 온수/고온수의 출수구가 작은 이유는 가열된 물의 온도를 유지하기 위함입니다. 약 3시간 가량 온수를 사용하지 않은 상태에서 고온수를 사용할 경우 가열되기까지 시간이 다소 소요됩니다. 전원 코드를 분리한 뒤 다시 연결할 경우 또는 정전 이후엔 3~4잔까지는 출수되는 시간이 오래 걸릴 수 있습니다.,,https://static.service.skmagic.com/editor/faq/ckimg/81cf63e920aa464aa8d2b8fbeb987cec.png|https://static.service.skmagic.com/editor/faq/ckimg/8659d027d8334da382dfdec54656d8f7.png
정수기,WPUIAC403 원코크 얼음물 정수기 잠금 설정 방법,잠금설정 방법 ①[잠금]버튼을 3초간 길게 누르면 [잠금]설정이 가능한 버튼에 램프가 켜집니다. ②[잠금]설정 할 기능을 선택합니다. 이때 선택한 기능의 램프가 깜빡입니다. ③마지막으로 [잠금]버튼을 선택하면 [잠금] 램프가 켜지며 선택한 기능의 잠금 설정이 완료됩니다. [잠금]설정은 온수 냉수 직수관케어 UV케어 얼음 기능만 설정 가능합니다. 단 [얼음]잠금 설정시 [얼음물]기능도 함께 잠금 설정됩니다. 잠금해제 방법 ①[잠금]버튼을 3초간 길게 누르면 [잠금]해제가 가능한 버튼에 램프가 깜짝입니다. ②[잠금]해제 할 기능을 선택합니다. 이때 선택한 기능의 램프가 깜빡입니다. ③마지막으로 [잠금]버튼을 누르면 선택한 기능의 잠금해제가 완료됩니다.,,https://static.service.skmagic.com/editor/faq/ckimg/f75516f2ea314d1d8cca6a3adf53df8f.png|https://static.service.skmagic.com/editor/faq/ckimg/b0b4877a676640bfb5a6080f7c699587.png
정수기,정수기 물받이에서 물이 넘쳐요,정수기 물받이에 구멍이 뚫려 있는지 또는 배수호스가 연결되어 있는지 먼저 확인해 주세요. 물받이 구멍을 확인해 주세요. 물받이에 구멍이 뚫려있는 경우 구멍이 막혀 배수가 안될수 있음으로 물받이 분리 후 청소해 주세요. 물받이 배수필터가 있는 경우 솔을 이용하여 청소해 주세요. 물받이 배수필터 적용 모델 WPUA800 WPUA900 WPUC500 WPUC520 WPUB600 WPUB610 배수호스가 꺾여 있는지 확인해 주세요. 배수호스가 하수구로 연결되어 있다면 하수구 막힘은 없는지 확인해 주세요. 배수통을 확인해 주세요. 배수통 사용시 배수통을 비워주시고 배수호스보다 배수통 위치가 낮게 설치되었는지 확인해 주세요.,,https://static.service.skmagic.com/editor/faq/ckimg/4180e6ce30b9436b99c67c3f97ea6f39.png
정수기,버튼을 누르지 않아도 저절로 물이 나와요,취수버튼을 누르지 않았으나 물이 저절로 나오는 경우는 버튼 오동작으로 서비스 점검이 필요합니다.,,없음
정수기,해외에서 정수기 사용이 가능한가요,국내용 제품은 해외에서는 사용이 불가합니다. 정수기 필터 및 내부 부품은 국내 사용에 적합하도록 나온 국내 전용 제품입니다. 설치 부품도 국내 규격화 된 사이즈로 해외에서는 설치가 불가 할 수 있습니다. 국내 220V 60HZ 전압과 주파수가 맞지 않을 경우 제품 고장 및 안전사고 발생의 원인이 될수 있습니다. 해외에서 사용 중 제품의 문제 발생시 AS 및 처리가 불가합니다.,,없음
정수기,초소형 직수정수기 IOT앱을 통해 설정 가능한 기능은 무엇인가요?,IOT앱을 통해 설정 가능한 기능입니다.,,https://static.service.skmagic.com/editor/faq/ckimg/5c375ec7bfb3426698a54b6e9fb385f6.png
정수기,조리수 또는 정수물이 차갑거나 뜨거워요,조리수와 정수는 냉온수와 달리 수돗물이 필터만 거쳐 출수되기 때문에 수돗물 원수 온도의 영향을 받습니다. 조리수와 정수물이 뜨겁거나 차가운 경우 확인해 주세요. 정수는 물을 냉각시키거나 가열하는 과정 없이 필터만 통과하여 출수되는 물로 외부 온도의 영향을 받아 겨울철은 차갑게 여름철은 뜨겁게 출수될 수 있습니다 필터 또는 직수관로 등에 고여있는 물도 외부 온도에 영향을 받아 처음 한 두잔의 물을 따라낸 뒤 출수하면 적정 정수 온도로 사용이 가능합니다. 정수물은 정수 버튼과 조리수를 통해 출수됩니다.,,없음
정수기,WPUIAC403 원코크 얼음물 정수기 부저음(음소거) ON/OFF 설정 방법,[용량]버튼을 3초간 길게 누를 때 마다 부저음(음소거) 기능을 ON/OFF 할 수 있습니다.,,https://static.service.skmagic.com/editor/faq/ckimg/2ce03add23f24b4fa38dde97cc1dc406.png
정수기,WPUIAC403 원코크 얼음물 정수기 필터 자가교체 방법,필터교체 전 급수 상태와 전원 공급을 확인해 주세요.,,https://static.service.skmagic.com/editor/faq/ckimg/22ad6fa9aac146b081dfdd9de7287a6d.png|https://static.service.skmagic.com/editor/faq/ckimg/e993905990544aad99e806da96ba1fca.png
정수기,본체 외관 및 코크가 파손됐어요,제품 외관 및 코크 파손은 서비스 점검이 필요합니다. 제품 외관 및 코크는 자가적으로 분리 및 조립이 불가합니다. 단 물받이는 별도로 부속품만 구매하실 수 있습니다.,,없음
정수기,초소형 직수정수기 IOT앱 취침모드 사용방법,취침모드란? 취침모드를 실행하면 설정한 시간에 코크부 하단 조명과 버튼음이 OFF됩니다. (출수버튼은 OFF되지 않습니다.) 취침모드가 진행될 때 출수할 경우 하단 조명이 ON되었다가 출수가 완료되면 약 7~8초 뒤 다시 OFF됩니다. 내부 서버 상태에 따라 약간의 시간 차이가 있을 수 있습니다.,,https://static.service.skmagic.com/editor/faq/ckimg/1c8983fed3684bf49a747d1f3b3d5d9a.png|https://static.service.skmagic.com/editor/faq/ckimg/9b87dc42905543bea1058b96dc04deec.png
정수기,방열팬 및 방열팬필터 청소 방법이 궁금해요,방열팬과 방열팬 필터 청소가 필요하신가요? ①청소 전 반드시 제품의 전원을 OFF시키고 전원코드선을 분리한 상태로 진행해 주세요. ②제품의 상부 커버의 열어주세요. (아래 이미지 참고) ③방역팬필터를 꺼내 흐르는 물에 깨끗히 세척 후 건조해 주세요.(아래 이미지 참고) ④제품 뒷면에 방역팬커버를 일자드라이버등을 이용하여 지랫대 형식으로 밀어서 열어준 다음 팬에 묻은 이물을 제거해 주세요. (아래 이미지 참고) ⑤분리한 역순으로 조립하여 전원코드선 연결 후 사용해 주세요. 모델에 따라 내용에 차이가 있을 수 있습니다.,,https://static.service.skmagic.com/editor/faq/ckimg/96f93bef5da3406789bb8133d0ca43d9.png|https://static.service.skmagic.com/editor/faq/ckimg/cbfbee49e167494da7b96313c073922e.png|https://static.service.skmagic.com/editor/faq/ckimg/e2967627b0534a62acf41c1b518f489c.png
정수기,정수기에서 타는냄새가 나요,멀티콘센트 사용시 정격용량 250V 16A 이상인지 확인 후 멀티콘센트를 교체하여 사용해 주세요. 순간온수 직수정수기의 경우 멀티콘센트의 정격용량이 맞지 않으면 콘센트에 그을림 발생 또는 타는 냄새가 날 수 있습니다. 제품에서 타는 냄새가 발생된다면 안전을 위하여 전원코드를 분리한 후 서비스 접수를 진행해 주세요.,,없음
정수기,배수호스가 무엇인가요/설치 가능한 모델이 궁금해요,배수호스란? 필터를 통과하지 못한 물이나 얼음이 녹아 생긴 물 필터 세척 후 배출되는 물등을 제품 뒷면의 호스로 연결하여 배수시키는 호스입니다. 배수호스와 퇴수호스는 무엇이 다른가요? 배수호스는 제품이 작동하며 발생하는 물을 자동으로 배수시키는 호스라면 퇴수호스는 물받이에 연결하여 물받이를 비우지 않고 자동으로 버려지도록 설치하는 호스입니다. 배수호스 설치가 가능한 모델을 확인해 주세요.,"[표1] | 배수호스 설치 가능 모델 | | --- | | WPU1ROCA02, WPUA1000, WPUA1100 WPUI100 WPUI110,WPUI120, WPUI130 WPUI200, WPUI210, WPUI220, WPUI230 WPUIC100,WPUIC110,WPUC520F, WPU6570F WPU6510, WPU6530, WPU6540, WPUB400 WPUB410, WPUB610F |",https://static.service.skmagic.com/editor/faq/ckimg/9e9f5ad55fce437e86efe31e831c8a92.png
정수기,출수 버튼이 뻑뻑해요 (WPUA1000 WPUA1100),출수 버튼이 뻑뻑하고 잘 눌러지지 않을 때 버튼부 청소가 필요합니다. 가로 형태의 출수 버튼이 뻑뻑하고 잘 눌리지 않는 경우 버튼 위치를 확인해 주세요. 적용모델 : WPUA1000 WPUA1100 출수 버튼의 가운데 위치가 아닌 양 옆쪽으로 누르는 경우 뻑뻑함이 느껴질 수 있습니다. 출수버튼 가운데를 눌러 사용해 주세요. 터치식 버튼이 간헐적으로 눌리지 않을 경우 확인해 주세요. 손가락의 지문 부위로 정확한 터치 버튼을 눌러 확인해 주세요. 버튼 조작부에 이물질이 묻어 있는 경우 청소 후 사용해 주세요.,,https://static.service.skmagic.com/editor/faq/ckimg/0920d3cc44d7456da7728f1dfe043624.png
정수기,정수기를 커피자판기 또는 냉장고와 연결하고 싶어요,정수기에서 호스선을 빼주는 작업은 가능하나 타제품과 연결 설치는 불가합니다. 조리수밸브 설치가 불가한 모델은 호스선을 빼는 작업도 불가합니다. 조리수밸브 설치가 가능한 모델이라도 조리수밸브와 타제품 중복 설치는 불가합니다.,,없음
정수기,냉수가 미지근 해요. (WPUB100),냉수 램프를 확인해 주세요. 냉수 램프가 OFF되어 있다면 본체 뒷면 냉수(전원)버튼을 ON상태로 변경한 뒤 1시간 후 냉수 온도를 확인해 주세요. 냉수 사용량을 확인해 주세요. 사용량이 많았거나 한 번에 1L이상 많은 양의 물을 사용했을 경우 냉수가 채워지고 차가워지는데 까지 다소 시간이 소요됩니다. 1시간 이후 냉수 온도를 확인해 주세요. 두 번째 잔으로 냉수 온도를 확인해 주세요. 냉수를 사용하지 않은 상태에서 물을 출수 할 경우 냉수 온도가 상승하여 첫 잔은 미지근 할 수 있음으로 두 번째 잔으로 냉수 온도를 확인해 주세요. 정수기와 벽면 거리를 확인해 주세요. 정수기에서 발생하는 열기가 순환되지 못하면 제품이 과열되어 냉수가 미지근하게 나올 수 있습니다. 정수기 뒷면 옆면과 벽면거리는 최소 10cm~15cm이상 되어야 하므로 설치 환경을 확인해 주세요.,,https://static.service.skmagic.com/editor/faq/ckimg/7ac505984a80495dbdb584f83f1beb45.png
정수기,얼음정수기 아이스룸(얼음보관통) 재질이 궁금해요,아이스룸(얼음보관통)은 무독성 재질인 LDPE(저밀도폴리에틸렌)재질을 사용하여 환경호르몬으로부터 안전합니다. 안심하고 사용하셔도 됩니다.,,없음
정수기,연속취수호스가 무엇인가요? 연속취수호스를 사용하고 싶어요,연속취수호스란? 취수량이 많은 식당이나 업장에서 주로 사용하며 물을 연속으로 취수할수 있도록 정수기 코크와 연결하여 사용하는 호스입니다. (WPUGBC102 제품은 필터 세척시에도 활용됩니다.) 자가에서 쉽게 분리 조립이 가능하여 용도에 알맞게 사용할 수 있어 편리합니다. 연속취수 호스는 모든 제품에 설치가 가능한가요? 직수형 정수기에는 연결이 불가합니다. (예외모델 : WPUA800 WPUA900 WPUGBC102) 탱크형 정수기중에서 코크 취수구 모양이 'O' 형태가 아닌 'D' 형태인 모델에는 연결이 불가합니다. 버튼형(전자식) 제품은 연속과 취수버튼을 누르면서 사용해야 합니다. 연속취수 호스는 어떻게 구매 하나요?,,https://static.service.skmagic.com/editor/faq/ckimg/91af87906aeb42b3a36d0c794a21ddc8.png
정수기,호스 길이 및 위치 조정이 필요해요,급수 및 배수호스의 길이가 짧게 설치되었거나 호스선의 위치 변경 정리가 필요한 경우 서비스 접수가 필요합니다. 서비스매니저가 방문하여 환경을 확인 후 호스선 작업을 진행해드립니다. 요청 상황에 따라 서비스비용이 발생할 수 있습니다.,,없음
정수기,정수기 물에서 검은 가루가 나와요,활성탄성분의 필터 교체시 필터 통수 작업이 충분히 진행되지 않았을 경우 활성탄분진이 물과 함께 출수될 수 있습니다. WPUA1000C WPUA1100C 모델의 경우 자동 필터 세척(플러싱)을 진행해주세요. 필터 커버 분리 후 10초 뒤 다시 필터 커버를 조립하게 되면 자동 필터 세척 기능이 약 10분간 동작합니다. 자동 필터 세척중에는 전면 LED램프가 순차적으로 점멸하게 됩니다. WPUA1000C WPUA1100C 모델이 아닌 경우 아래와 같이 진행해 주세요. 이는 일시적인 현상으로 1L이상 [정수]충분히 물을 통수시킨 이후 사용해주시면 됩니다. 활성탄분진은 인체에 유해한 성분이 아니므로 안심하셔도 됩니다.,,https://static.service.skmagic.com/editor/faq/ckimg/46bd8cbfe4f744cb8c901a24e2d870b5.png|https://static.service.skmagic.com/editor/faq/ckimg/611fde439b8a485db58db197184ebf76.png
정수기,초소형 직수정수기 용량(감소&증가) 조절 버튼 사용방법,출수량은 설치환경(수압사용량)에 따라 10~15%정도 편차가 발생할 수 있습니다. IOT 앱을 통해 맞춤 출수설정에서 기본 용량 변경할 수 있습니다. ①[용량]버튼 누를 때마다 120ml250ml550ml1L 순으로 선택되며 △  ▽ 버튼을 선택하여 10ml 단위로 용량 설정이 가능합니다. ②△  ▽ 버튼을 길게 누르면 50ml 단위 용량 선택이 가능합니다. ③용량 선택은 최소 120ml~1L 까지 선택이 가능하며 일정시간 조작이 없으면 120ml로 설정됩니다. IOT앱을 통해 맞춤 출수설정에서 기본 용량 변경 할 수 있습니다.,,https://static.service.skmagic.com/editor/faq/ckimg/a6f3a5fff3b04b55bc72c6d2cbc4f5cd.png
정수기,냉수가 미지근 해요. (WPUB200),냉수 램프를 확인해 주세요. 냉수 램프가 OFF되어 있다면 냉수 버튼에 불이 들어 올때까지 10초 이상 눌러 ON으로 변경한 뒤 1시간 후 냉수 온도를 확인해 주세요. 냉수 램프가 약으로 되어 있다면 미지근 할 수 있음으로 냉수 버튼을 터치하여 '강'으로 변경한 뒤 1시간 후 냉수 온도를 확인해 주세요. 냉수 사용량을 확인해 주세요. 사용량이 많았거나 한 번에 1L이상 많은 양의 물을 사용했을 경우 냉수가 채워지고 차가워지는데 까지 다소 시간이 소요됩니다. 1시간 이후 냉수 온도를 확인해 주세요. 두 번째 잔으로 냉수 온도를 확인해 주세요. 냉수를 사용하지 않은 상태에서 물을 출수 할 경우 냉수 온도가 상승하여 첫 잔은 미지근 할 수 있음으로 두 번째 잔으로 냉수 온도를 확인해 주세요. 정수기와 벽면 거리를 확인해 주세요. 정수기에서 발생하는 열기가 순환되지 못하면 제품이 과열되어 냉수가 미지근하게 나올 수 있습니다. 정수기 뒷면 옆면과 벽면거리는 최소 10cm~15cm이상 되어야 하므로 설치 환경을 확인해 주세요.,,https://static.service.skmagic.com/editor/faq/ckimg/d4001ad73c534a8c9133d6dbb0239be0.png
정수기,물이 뿌옇게(하얗게) 나와요 (직수형정수기),직수형정수기에서 물을 취수할때 공기방울에 의해 물이 뿌옇게 보이는 백수현상이 나타날 수 있습니다. 취수한 물이 뿌옇게 보이거나 공기방울이 보이는 경우 확인해 주세요. 수돗물이 필터를 통과할때 발생하는 수압 차이 및 컵과의 낙차로 인해 발생되는 공기방울(기포)이며 취수 후 시간이 지나면 자연스럽게 사라집니다. 공기방울(기포)은 인체에 무해하므로 안심하고 드셔도 됩니다.,,https://static.service.skmagic.com/editor/faq/ckimg/0a38686e0f6c482db88c5d42eab1bd87.png
정수기,초소형 직수정수기 버튼음부저음음소거 ON/OFF방법,버튼음/부저음/음소거 설정 및 해제 [냉수]+[정수]버튼을 동시에 3초이상 누르면 버튼음 설정/해제 가능합니다. [냉수]+[정수]버튼을 동시에 3초이상 누르면 알림음과 함께 음소거 설정/해제되며 LCD표시창에 상태가 표시됩니다.,,https://static.service.skmagic.com/editor/faq/ckimg/d70a95a7cf764c26a3d143e550922eb4.png
정수기,얼음 버튼을 선택하면 얼음이 나오지 않고 얼음물 선택시에만 얼음이 나와요.,[얼음] 버튼을 선택했을 때 얼음이 나오지 않거나 [얼음물] 선택시에만 얼음이 나오는 경우 확인해 주세요. [얼음물]버튼을 1회 누르면 얼음과 냉수가 출수되며 아이스룸의 얼음량이 적을 경우 얼음이 나오지 않을 수 있습니다. [얼음물]선택 후 중간에 출수를 멈추고 싶다면 [물]버튼이 아닌 [얼음물]버튼을 선택해야 합니다. [얼음]버튼을 길게 누르면 얼음이 출빙됩니다. 이때 아이스룸의 얼음량이 적을 경우 얼음이 나오지 않을 수 있습니다. [얼음물]선택시 얼음은 나오지만 [얼음]선택시 얼음이 나오지 않을 경우 [얼음]버튼을 길게 눌러야 합니다.​​​​​​​,,https://static.service.skmagic.com/editor/faq/ckimg/9f01faf2750548b2a661f4ec4e04e814.png
정수기,조리수 설치가 가능한 모델은 무엇인가요,일부 제품은 조리수 설치 및 이용이 불가합니다. 다음 내용을 확인해 주세요 조리수 설치 및 이용이 가능한 정수기 모델을 확인해 주세요. 조리수 설치 및 이용이 필요한 경우 확인해 주세요. 별도의 설치 비용과 이용요금이 발생됩니다. <조리수 이미지>,,https://static.service.skmagic.com/editor/faq/ckimg/0a9343a6f50f45d19656f67231e7cff2.png|https://static.service.skmagic.com/editor/faq/ckimg/ffb853b90b6b43d9bafdb878579bde2b.png
정수기,스스로 플러스 직수정수기 전원이 안 들어와요(WPUJAC103 WPUJCC103),사용 중 전원이 꺼지거나 '띵띵'소리가 나면서 물이 나오지 않을 경우 '직수관안심케어'기능 작동여부를 확인해 주세요. [직수관안심케어] 작동 중에는 전면 조작부 버튼에 불이 꺼집니다. 상단 조작부 [직수관안심케어] 버튼에 불이 켜지며 코크안심케어 버튼과 잠금버튼에 불이 교차로 깜빡입니다. [직수관안심케어]기능 작동중에는 모든 기능(버튼 작동불가 물 출수불가)이 작동되지 않습니다. [직수관안심케어]기능은 5일마다 자동으로 작동되며 수동으로도 작동 가능합니다. [직수관안심케어]기능 작동 중간에 취소하게 될 경우 약 4분 후 물 출수가 가능하며 냉수 기능은 1~2시간 이후 정상적으로 사용 가능합니다. [직수관안심케어]기능 작동 중간에 [직수관안심케어] 버튼을 3초이상 누르면 취소됩니다.,[표1] | 구분 | 설명 | | --- | --- | | [자동]살균 | 5일(120시간)에 1번 10분간 직수관 세척이 동작합니다. | | [수동]살균 | 직수관 안심케어 버튼을 3초이상 누를 시 동작합니다. | | 살균시간 | 직수관 안심케어는 약 7분30초간 진행됩니다. |,https://static.service.skmagic.com/editor/faq/ckimg/24638ee0ca9f4d53b034d0b4a55569b2.png
정수기,IOT연결 가능 조건을 확인해 주세요.,SK매직 서비스센터 홈페이지 어플(APP)다운로드 후 회원가입이 되어 있는지 확인해 주세요. 안드로이드 다운로드 : Play 스토어 아이폰(ios) 다운로드: AppStore 와이파이(Wifi)가 2.4GHz환경인지 확인해 주세요. 비밀번호가 설정되어 있는 2.4g 와이파이(Wifi) 공유기가 필요합니다. 관공서 또는 학교 등 와이파이(Wifi) 공유기에 보안 설정이 되어 있다면 연결이 불가능 합니다. 휴대폰 핫스팟(2.4G 비밀번호 설정)으로 IOT 연결은 가능하나 핫스팟 OFF시 IOT 연결은 끊어집니다. 핫스팟을 통해 IOT연결 시 선택한 제품의 전원이 유지되면 설정한 기능은 지속 사용 가능합니다.,,없음
정수기,겨울철 장시간 미사용 전/후 제품 관리 방법,겨울철 장기간 미사용 시 제품 관리 방법 입니다. ①누수 방지를 위해 중간밸브와 볼밸브를 잠궈 차단시켜 주세요. ②중간밸브와 볼밸브를 잠근 상태에서 직수정수기는 '물' 선택하여 출수한 뒤 전원 코드선을 분리해 주세요. 얼음 정수기는 '물' '얼음' 모두 선택하여 출수 출빙한 뒤(얼음이 안나올 때 까지) 전원 코드선을 분리해 주세요 겨울철 장기 미사용 후 제품을 다시 사용할 시 관리 방법 입니다. ①중간밸브와 볼밸브를 열림 상태로 변경한 뒤 제품의 전원 코드를 연결해 주세요. ②제품 사용 전 2L이상 물을 충분히 배출한 뒤 사용해 주세요. 자동 플러싱 가능 모델 : WPUA1100 WPUA1000 WPUJAC103 WPUJCC103 WPUIAC403 자동 플러싱 가능 모델의 경우 제품 사용 전 전면 커버를 열었다 5초 후 닫아 주세요. ③직수정수기 냉수의 경우 적정 온도에 도달하기 까지 1~2시간 가량 소요됩니다. ④직수 얼음 정수기의 얼음 생성 여부를 확인해 주세요. 얼음 램프가 켜져있는지 확인해 주세요. 냉수 사용량이 많을 경우 얼음 생성이 지연될 수 있습니다. 냉수 사용을 하지 않은 상태에서 2~3시간 후 얼음이 나오는지 확인해 주세요.,,https://static.service.skmagic.com/editor/faq/ckimg/ad12680b9b7941849f095ce77bdd6933.png|https://static.service.skmagic.com/editor/faq/ckimg/daa8dabca4f0456d940fdb19717fed1d.png|https://static.service.skmagic.com/editor/faq/ckimg/ca1ad4fb17e84b328ca494e1eb94da9a.png|https://static.service.skmagic.com/editor/faq/ckimg/54c35c218cc9420fab66086f3d1e8675.png|https://static.service.skmagic.com/editor/faq/ckimg/e41125153514456c84b120d96e965e2c.png
정수기,얼음에서 이물질이 나와요,정수된 물에는 미네랄 성분이 포함되어있고 미네랄 성분은 급격한 온도변화에 의해 하얀 가루 형태로 변화가 생깁니다. 얼음이 얼었다 녹으면서 보이는 하얀 알갱이는 미네랄성분의 결정체로 인체에 무해한 성분이니 안심하고 드셔도 됩니다. 단 역삼투압정수기는 미네랄성분도 모두 걸러집니다. 그 외에 얼음에서 이물질이 나온다면 서비스 점검이 필요합니다.,,없음
정수기,WPUIAC403 원코크 얼음물 정수기 메모리기능 설정&삭제 방법,메모리 설정방법 ①냉수 정수 온수 중 원하는 출수 온도를 선택한 후 용량을 선택해 주세요. ②[메모리]버튼을 3초이상 눌러 주세요. ③알림음과 함께 [메모리] 램프에 불이 들어오면 설정 완료됩니다. 메모리 사용방법 [메모리] 선택 후 [물]을 누르면 출수됩니다. 메모리 삭제방법 ①[메모리]버튼을 3초이상 눌러 주세요. ②알림음과 함께 [메모리] 램프에 불이 꺼지면 삭제 완료됩니다.,,https://static.service.skmagic.com/editor/faq/ckimg/7e003de7d9164c3e8f0fe4b6472d840b.png
정수기,직수관안심케어 또는 자동필터세척 후 배수량이 궁금해요 (WPUA1000C WPUA1100C),직수관안심케어란? 자동으로 5일에 1번 약 15분간 전해수로 유로관을 살균해주는 기능입니다. 자동필터세척(필터플러싱)이란? 새 필터로 교체한 후 물로 필터를 자동세척하여 배출시키는 기능입니다. 기능 동작 후 배수량을 확인해 주세요.,,없음
정수기,초소형 직수정수기 UV케어 주기 및 작동 방법,코크 UV케어 작동 주기 전원 코드 연결 후 5일+12시간(132시간) 4분 동작 5일(120시간) 4분 동작 코크 UV케어 작동 방법 ①코크 UV케어는 주기적으로 미출수 시 2시간마다 자동으로 작동되며 자동으로 진행될 경우 LCD표시창 우측 상단에 UV 표시됩니다. ②UV케어 진행중에 물을 출수할 경우 UV케어는 종료되고 다시 2시간 미출수 시 UV케어가 진행됩니다. ③직접 수동 작동을 원할 경우 [UV케어] 버튼을 1회 눌러 진행 가능하며 수동으로 진행시 LCD표시창에 아래와 같이 표시됩니다.,,https://static.service.skmagic.com/editor/faq/ckimg/a74cead6bac44ceb96ddbfb5b7fe932f.png|https://static.service.skmagic.com/editor/faq/ckimg/de721acc19b84e57a37ace31b2abffe1.png
정수기,받아놓은 정수기 물에 이끼가 끼어요,받아놓은 정수기 물에서 이끼가 보이는경우 확인해 주세요. 일반 수돗물에는 물속의 세균 번식을 억제하고 멸균 작용하는 잔류염소가 녹아 있으나 정수기를 사용할 경우 정수기 필터에서 잔류염소가 걸러진 물이 출수됩니다. 잔류염소가 없는 정수기 물은 물통의 오염과 부유물 등의 영향으로 이끼가 생길 수 있습니다. 정수기 물 취수시 주의사항을 확인해 주세요. 물통은 매일 깨끗하게 세척해 주세요. 물통의 물이 남았을 경우 반드시 남은 물을 버리고 물통을 세척한 뒤 사용해 주세요. 오래 보관하지 않도록 주의해 주세요. 1~2일 냉장 보관을 권장해드립니다.,,https://static.service.skmagic.com/editor/faq/ckimg/6c2c94a66b1240e0a2960d5c1e83de06.png
정수기,아이스룸 UV살균 안심케어는 언제 어떻게 작동하나요?,아이스룸 UV살균 안심케어란? 얼음을 보관하는 아이스룸을 UV(자외선)램프를 이용해 99%이상 세균을 제거하는 기능입니다. 적용모델 : WPUI100 WPUI110 WPUI130 WPUI200 WPUI210 WPUI220 WPUI230 WPUIAC302 아이스룸 UV살균 안심케어 작동시간을 확인해 주세요. 아이스룸 UV살균 안심케어는 출빙 후 5시간 뒤 자동으로 3시간 작동하며 이후 9시간마다 3시간씩 작동됩니다. 일부 모델은 UV살균 작동시 램프가 점등됩니다. 아이스룸 UV살균 안심케어 수동 작동 방법을 확인해 주세요. 적용모델 - WPUIAC302 전면의 [UV케어]버튼을 누르면 코크와 아이스룸 UV살균이 동시에 시작됩니다. 모델에 따라 내용에 차이가 있을 수 있습니다. 정확한 내용은 제품별 사용설명서를 참고해 주세요.,,https://static.service.skmagic.com/editor/faq/ckimg/a90d97f84ea842bb82833f068a1db315.png
정수기,코크 연속출수 기능 및 사용방법(WPUB100 WPUB200 WPUB600 WPUB610),연속코크 출수 기능이란 무엇인가요? 연속 취수형 코크 밸브를 돌리면 레버를 밀지 않고 바쁜 상황에서도 한번에 원하는 만큼 냉/온수 출수가 가능한 기능입니다. 정수기 연속코크 사용 방법 원형 손잡이를 시계 반대 방향으로 돌려 사용합니다. 연속 선택후 온수 사용방법 연속으로 설정 뒤 안전장금장치 버튼을 누른 후 레버를 밀지 않아도 원하는 만큼 출수 가능합니다.,,https://static.service.skmagic.com/editor/faq/ckimg/512dd8ccebe84ee88e2370e5261d6cf5.png|https://static.service.skmagic.com/editor/faq/ckimg/96ad85703a5146989275b881ad7a3a49.png|https://static.service.skmagic.com/editor/faq/ckimg/97007c9398f140f2acbdf878cc1da853.png
정수기,역삼투압정수기에서 배수되는 물은 무엇인가요,다음 내용을 체크해 주세요 역삼투압정수기는 필터를 통과하지 못한 걸러진 오염물질이 물과 함께 배출됩니다. 이를 제거수(버려지는물)라고 합니다. 유입되는 원수를 100으로 봤을때 정수되는 물은 약 30% 제거수는 약 70%정도의 비율로 물 사용량이 많을수는 있으나 균 중금속 바이러스는 물론 각종 무기 오염물질을 제거하는데 효과적입니다. 제거수(버려지는물)는 음용수로는 적합하지 않으나 세탁 청소 등 생활용수로 사용이 가능합니다.,,없음
정수기,스스로 플러스 직수정수기 직수관안심케어가 궁금해요(WPUJCC103 WPUJAC103),직수관안심케어 작동방법 직수관안심케어는 주기적으로 자동 동작하지만 원하실 때 추가적으로 수동 직수관 안심케어를 진행 시킬 수 있습니다. 직수관안심케어중에는 약 2000ml의 물이 배수호스를 통해 배출 됩니다. 작동중에만 직수관케어 버튼에 불이 들어오며 대기상태에는(직수관케어 미작동시)버튼에 불이 꺼져 있습니다. 케어중에는 모든 기능이 작동이 안됩니다. 직수관안심케어 수동 ON/OFF 방법 직수관안심케어 도중 [직수관안심케어]버튼을 3초이상 누르면 직수관안심케어가 취소 됩니다. 직수관안심케어 작동 중간에 취소하게 될 경우 약 4분 후 물 출수가 가능하며 냉수 기능은 1~2시간 이후 정상적으로 사용 가능합니다. 직수관안심케어 동작 시 [직수관안심케어] 램프에 불이 들어오며 [코크안심케어]와[잠금]버튼 램프가 교차로 깜빡입니다.,[표1] | 구분 | 작동방법 | | --- | --- | | [ 자동 ] 살균 | 5 일 (120 시간 ) 에 1 번 10 분간 직수관 세척이 동작합니다. | | [ 수동 ] 살균 | 직수관안심케어 버튼을 3 초이상 누를시 동작합니다. | | 살균시간 | 직수관안심케어는 약 7 분 30 초간 진행됩니다 . |,https://static.service.skmagic.com/editor/faq/ckimg/8770e09ff51e43e9ad8839bab0592779.png|https://static.service.skmagic.com/editor/faq/ckimg/f03eb5bd32bb4a41a3fca5a5a62f3f35.png
정수기,가습기에 정수기 물을 사용해도 되나요?,정수기로 출수한 물은 가습기 사용시 변질의 위험이있어 권장하지 않습니다. 정수기로 출수한 물은 잔류 염소 및 소독 성분이 걸려진 물로 장시간 공기와 접촉되는 경우 수돗물에 비하여 물의 변질이 생기기 쉽습니다. 국내 수돗물에는 소독 성분이 남아있어 정수기 물에 비하여 변질의 위험이 낮습니다. (단 환경에 따라 상이함) 상수도에 연결하여 사용하는 중공사막 방식의 정수기는 미네랄을 걸러내지 않아 미네랄 성분이 녹아있는 물로 가습기에 사용하는 경우 하얀 가루 및 얼룩이 발생됩니다.,,없음
정수기,정수기 사용 중 차단기가 내려가요,제품의 전원코드 및 콘센트를 확인합니다. 제품의 전원코드에 물이 묻어있다면 깨끗이 닦은 후 연결해 주세요. 콘센트에 여러 가전제품을 함께 연결하여 사용시 전력량 과부하로 인해 차단기가 내려갈 수 있습니다. 해당 제품 단독으로 연결하여 확인해 주세요. 제품의 전원코드를 다른 벽면콘센트로 위치를 변경하여 확인해 주세요. 멀티콘센트 용량을 확인합니다. 멀티콘센트 사용시 정격용량이 250V 16A 이상인지 확인해 주세요. 멀티콘센트 사용시 해당 제품만 단독으로 연결하여 사용중인지 확인해 주세요. 소비전력량이 높은 제품의 경우 멀티콘센트의 용량이 맞지 않으면 전력량 과부하로 인해 차단기가 내려갈 수 있습니다.,,https://static.service.skmagic.com/editor/faq/ckimg/98700d76729044e5838ed5f165133ef3.png
정수기,판넬 교체가 무엇인가요/교체 방법이 궁금해요 (WPUA720),이사나 인테리어 공사 등으로 정수기 색상 변화가 필요한 경우 판넬 교체 서비스가 가능합니다. 정수기 판넬 교체 서비스란? 정수기의 기존 판넬을 다른 색상의 판넬로 교체해드리는 서비스입니다. 주방 내 포인트 색을 주거나 이사나 인테리어 공사 등으로 정수기 색상 교체가 필요한 경우 등 이용하실 수 있습니다. 교체 가능한 판넬 색상을 확인해 주세요. 이해를 돕기 위한 컬러 이미지로 설치환경(조명) 등에 따라 실제 컬러는 차이가 있을 수 있습니다. 화이트 베이지 코랄핑크 딥그린 색상중에서 선택이 가능합니다. 판넬 교체 서비스 이용 방법을 확인해 주세요. 판넬 구매 비용과 방문 교체 비용이 발생됩니다.,,https://static.service.skmagic.com/editor/faq/ckimg/46ab6cc8d3d8448181b08b78bc2f1c66.png
정수기,UV안심케어 램프가 꺼져있어요 (WPUIC100F WPUIC110F),UV안심케어버튼은 수동으로 살균을 시작하는경우 점등됩니다. UV케어버튼에 램프가 점등되는 경우를 확인해 주세요. 일정 주기로 자동 살균 작동을 진행하는 경우 살균중에도 UV안심케어 램프는 따로 점등되지 않습니다. UV안심케어 버튼을 눌러 수동 살균을 진행하는 경우 UV안심케어 램프가 점등됩니다.,,https://static.service.skmagic.com/editor/faq/ckimg/99bb35b00a084eab8a82e5261b9a9d9c.png
정수기,WPUGBC102 WPUGBC112 에코미니 정수기 필터 교체 방법.,정수 기능만 있는 '무전원' 셀프 필터 자가 교체형 에코미니 정수기 필터 교체 방법입니다. 커버 안쪽에 필터 교체방법 가이드가 부착되어 있습니다.,,https://static.service.skmagic.com/editor/faq/ckimg/46c6a36a8b594fd6b5c5e87b1ec17af6.png|https://static.service.skmagic.com/editor/faq/ckimg/43bdf686fddb47d4872a4201c7a009b0.png|https://static.service.skmagic.com/editor/faq/ckimg/f6ffb844288943c7be490a04c96f492c.png
정수기,WPUIAC403 원코크 얼음물 정수기 LED 밝기 조절 방법,[정수]버튼을 3초간 길게 누를 때 마다 표시부 LED밝기가 강/약 단계로 변경됩니다. 단 LED램프 OFF설정은 불가합니다.,,https://static.service.skmagic.com/editor/faq/ckimg/22de7853c3784602aaf83fcfa9f4e824.png
정수기,유로관 케어와 직수관 케어가 무엇인가요?,직수관 전해수 안심케어란? 직수관 내부를 전해수로 스스로 살균 케어를 합니다. 자동으로 5일에 1번 약 15분간 전해수로 살균 케어하며 약 15L 양의 물을 배수호스를 통해 배출합니다. 전해수 안심케어가 진행되는 동안 아래와 같은 증상이 발생될 수 있습니다. 증상 : 취수불가 전면램프OFF 상부램프 깜빡임 물이 배출되는 소리 유로 순환 케어란? 직수관로에 고인 물들을 자동으로 배출 시킵니다. 3시간 동안 사용하지 않을 경우 1번씩 자동으로 배수호스를 통해서 약 120ml 양의 물을 배수호스를 통해 배출합니다.,,https://static.service.skmagic.com/editor/faq/ckimg/1dde717bf76140999718e8e3b46c133a.png|https://static.service.skmagic.com/editor/faq/ckimg/7d77e6f0d68a4059b28fb97c7f50d5bd.png
정수기,본체가 뜨거워요,냉수기능이 있는 제품의 냉각모터가 작동하면서 제품 내부에서 열이 발생하고 이는 여름철 더욱 뜨겁게 느껴질 수 있습니다. 제품 내부의 열기가 원활히 배출될 수 있도록 정수기 측면과 뒷면을 벽 또는 사물과의 거리 10CM이상 확보해 주세요.,,없음
정수기,초소형 직수정수기 온수 잠금 설정/해제 방법(WPUJAC104),WPUJAC104모델 온수 잠금 설정/해제 방법 [온수]버튼을 3초이상 눌러주세요.,,https://static.service.skmagic.com/editor/faq/ckimg/7a32b920f44d4ba48f9c171ae83fd4e7.png|https://static.service.skmagic.com/editor/faq/ckimg/693ad702e5e6459897a19a55d22f1822.png
정수기,전원코드선이 없어요 (WPUGBC102),WPUGBC102모델은 전원 없이 작동되어 전력소비가 전혀 없는 무전원 정수기 입니다. 전원 공급이 불필요한 제품으로 수도연결만 하여 사용이 가능합니다. 취수다이얼을 돌려 취수구가 OPEN되면 물을 밀어내는 방식의 수압을 이용하여 출수가 가능합니다.,,없음
정수기,초소형 직수정수기 직수관케어 잠금 기능 설정/해제 방법,직수관케어 잠금 설정/해제 방법 [온수]+[직수관케어]버튼을 동시에 3초이상 눌러주세요. WPUJCC104 냉/정수 모델은 온수버튼이 없으므로 [잠금]+[직수관케어]버튼을 동시에 3초이상 눌러주세요. 직수관케어 잠금/해제 시 화면 표시 WPUJCC104 모델은 [잠금]+직수관케어 3초로 화면에 표시됩니다.,,https://static.service.skmagic.com/editor/faq/ckimg/39e87f2c301d43199ff5a89f0471b04e.png|https://static.service.skmagic.com/editor/faq/ckimg/2e72bd852aac4f5c8e104aa8c0342c9e.png
정수기,에코미니정수기 설치 가능한 수전 타입이 궁금해요 (WPUGBC112S),수전에 따라 설치 여부가 상이할 수 있으므로 아래 내용을 확인해 주세요. 인테리어를 한 수전 수전헤드가 아래로 향한 수전 벽에 고정된 수전타입은 연결이 불가합니다. 싱크대 수전 헤드 분리 시 연결 가능한 자바라 끝단에 내경 사이즈는 9mm(+- 0.3mm)입니다. 수전 사양에 따라 사이즈가 상이할 수 있으며 당사 연결 어댑터와 맞지 않을 수 있습니다. 사이즈가 맞지 않거나 자가 설치 불가시 방문 설치 가능하며 기본 설치비(최초1회 40000원)과 설치 환경에 따라 추가 비용이 발생할 수 있습니다. 수전 타입의 제한으로 연결이 불가한 경우 전문가의 점검이 필요합니다.,,https://static.service.skmagic.com/editor/faq/ckimg/53295628070042438b55bc59f9373c5a.png|https://static.service.skmagic.com/editor/faq/ckimg/13d6dc4c0bad490f941fc97169592e0f.png|https://static.service.skmagic.com/editor/faq/ckimg/0fc6e54e815749d4b80aee36ffd2cdcb.png
정수기,승압펌프가 무엇인가요?,승압펌프가 궁금하다면 확인해 주세요. 직수형 정수기 제품이 설치된 장소의 수압이 일정하지 않거나 저수압인 경우 압력을 증가시켜 출수 시 불편함을 완화시킬 수 있는 장치입니다. 직수형 제품의 경우 수압이 출수에 영향을 주어 승압펌프 설치가 필요하며 탱크형 제품의 경우 탱크에 보관된 물이 출수되는 방식으로 승압펌프 설치가 불필요합니다. 오래된 고층아파트 상가 일반 주택 빌라 등에 필요 시 승압펌프가 설치됩니다. 승압펌프 설치시 주의사항을 확인해 주세요. 출수 시 승압펌프가 작동하며 '탁탁' '드르륵~드르륵' 진동음이 크게 발생할 수 있습니다.,,https://static.service.skmagic.com/editor/faq/ckimg/dfe86d30fb1e425cbb5d5f9c902768cc.png
정수기,얼음 토출구 분리 및 청소방법이 궁금해요 (WPUIAC302),얼음을 출빙할 경우 주의사항을 확인해 주세요. 컵에 음료가 든 상태로 얼음을 출빙하는 경우 얼음이 낙하하며 음료가 튀어 토출구 안쪽까지 오염될 수 있어 가능한 얼음 출빙 후 음료를 담아주세요. 커피나 음료가 토출구 안쪽과 내부에 튀는 경우 바로 오염 부위를 청소해 주세요. 얼음 토출구 청소 방법을 확인해 주세요. ①얼음 토출구를 보호하고 있는 전면 커버를 열고 얼음 출빙가이드를 당겨 분리해 주세요. (아래 이미지 참고) ②얼음 출빙 토출구는 아래로 당겨 분리한 후 흐르는 깨끗한 물에 씻어 주세요. ③물기가 있는 부드러운 천을 이용하여 토출구 부위의 오염을 닦아 주세요. 토출구 안쪽으로 손을 깊이 넣지 마세요. ④토출구 주변과 물로 청소한 부품들을 건조 시킨 후 역순서대로 조립하여 사용해 주세요.,,https://static.service.skmagic.com/editor/faq/ckimg/4d353d1e52ad432ebe04a8db12a4416e.png|https://static.service.skmagic.com/editor/faq/ckimg/d39a254aa30044b996603ed0a42d7492.png
정수기,얼음 가득과 제빙 램프가 번갈아가면서 켜졌다 꺼져요 (WPUIC100F WPUIC110F),얼음 OFF 버튼 위 가득 제빙 표시가 번갈아 가며 깜빡거리는 경우 확인해 주세요. 필터를 교체하였거나 필터 커버를 열고 닫은 경우 얼음 가득 또는 제빙 램프가 깜빡거리나요? 필터 커버를 닫으면 필터를 교체한 것으로 인식되어 자동필터 세척 기능이 약 10분정도 작동됩니다. 자동필터 세척 기능이 작동되는 동안 얼음가득과 제빙 램프가 순차적으로 점등을 반복합니다.,,https://static.service.skmagic.com/editor/faq/ckimg/df48c0c9cd294ccfb20fba45f1dc0e2a.png
정수기,물받이에 물때가 끼어요 변색되었어요.,주기적인 물받이 청소가 필요합니다. 물이 버려지고 마르면서 오염 될 수 있으니 주 1회 자가 청소를 해주세요. 중성세제 또는 구연상등으로 주기적인 세척이 필요합니다.,,https://static.service.skmagic.com/editor/faq/ckimg/d02056fe47604719bd6182836906d436.png
정수기,초소형 직수정수기 냉수 잠금 기능 설정/해제 방법,냉수 잠금 기능 설정/해제 방법 [온수]+ [냉수] 버튼을 동시에 3초이상 눌러주세요. WPUJCC104 냉/정수 모델은 온수버튼이 없으므로 냉수 꺼짐 상태일 경우 [잠금]+[냉수]버튼을 동시에 3초이상 눌러주세요.,,https://static.service.skmagic.com/editor/faq/ckimg/e6aeb1dd251d40e48a9a3e90d35ad3ba.png|https://static.service.skmagic.com/editor/faq/ckimg/c88b979dffa745fe83a9739bf50ac4ba.png
정수기,필터 역할 성능이 궁금해요.,제품에 따라 장착되는 필터는 상이합니다.,,https://static.service.skmagic.com/editor/faq/ckimg/366e3f91371649e6918e6609b5a47b45.png
정수기,WPUIAC403 원코크 얼음물 정수기 UV안심케어 기능,UV안심케어 [자동] 작동 코크UV 케어 : 전원 연결 후 2시간 동안 물을 출수하지 않을 경우 [30분 동작] [2시간 미출 수][30분 동작]을 반복합니다. 아이스룸 케어 : 9시간 마다 4시간씩 자동으로 진행됩니다. UV안심케어 [수동] 작동 UV안심케어를 한번 터치하면 코크와 아이스룸 살균이 동시 진행됩니다. 코크 케어를 수동 설정할 경우 30분간 작동되며 이후 2시간 동안 물을 출수하지 않을 경우 자동으로 [30분 동작] [2시간 미출 수][30분 동작]을 반복합니다. 코크 UV안심케어 작동 시간은 30분이지만 표시바는 10분간 작동하며 UV케어 램프는 30분간 켜져있습니다. 아이스룸 UV안심케어 자동 살균시엔 UV케어 램프에 불이 들어오지 않습니다. UV케어 램프는 코크케어 중에만 불이 켜지며 대기 상태일 경우 램프에 불이 켜지지 않습니다. 단 코크 UV와 아이스룸UV 케어 동작이 겹칠 경우 [UV케어] 최대 4시간 30분간 불이 들어옵니다.,,https://static.service.skmagic.com/editor/faq/ckimg/12c78b80afac48c286fe4930b38414dc.png
정수기,급수확인 램프에 불이 들어와요 (WPUC500FWPUC520F),급수확인 LED 램프에 불이 들어온 경우 정수기 물탱크의 수위가 낮은 경우 램프가 점등됩니다. 물 공급 상태를 확인해 주세요. 중간밸브의 상태를 확인하여 닫혀있다면 열림으로 변경한 후 사용해 주세요. 설치 장소에 수도가 단수 되거나 배관 동파 호스 꺾임 등 급수에 이상이 없는지 확인해 주세요.,,https://static.service.skmagic.com/editor/faq/ckimg/9e334994f63749eea8aec3be40eca6da.png
정수기,얼음 토출구 분리 및 청소방법이 궁금해요 (WPUIC100F WPUIC110F),얼음 토출구 관리방법을 확인해 주세요. 얼음 토출구에 이물질이 묻었을 경우 토출구 내외부를 즉시 닦아주세요. 토출구 청소는 주 1회 권장합니다. 얼음 토출구 분리 및 청소방법을 확인해 주세요. 분리 된 부품은 물 청소 후 물기를 깨끗히 닦은 뒤 역순으로 결합해 주세요.,,https://static.service.skmagic.com/editor/faq/ckimg/b223b50d948641f6b18021f31fb0c234.png
정수기,초소형 직수정수기 IOT앱 안심 알람 사용방법,안심 알람이란? 48시간 동안 제품 조작부 터치 또는 출수가 없는 경우 이상이 생겼음으로 판단하여 '사용자관리'에 등록된 사용자들에게 카카오톡으로 알람을 보냅니다. 안심 알람 사용방법 ①'사용자관리'의 사용자는 최대 5명까지 등록할 수 있습니다. (단 등록할 사용자가 서비스센터 홈페이지에 회원가입이 되어 있어야만 등록 가능합니다.) ②미사용 시 '48시간 주기 알림 지속 발송' 켬 상태로 설정해 놓으면 제품을 사용하기 전까지 48시간 주기로 알람이 지속 발송됩니다. 해당 알림은 주간/야간 관계없이 48시간 경과 시점 자동 발송됩니다. 서버 상태에 따라 시간 차이가 있을 수 있으며 WIFI연결이 끊어지거나 또는 서버 상태에 따라 알람이 전송되지 않을 수 있습니다.,,https://static.service.skmagic.com/editor/faq/ckimg/ca51d367092f4f9ba95b72eca14bee8e.png|https://static.service.skmagic.com/editor/faq/ckimg/b77c168e80b24d9b8e1577fde97560ad.png
정수기,WPUIAC403 원코크 얼음물 정수기 고온수가 100℃보다 낮아요,입수온도 전압 환경에 따라 출수되는 물의 온도는 다를 수 있습니다. 고온수의 100℃ 온도는 물이 끓여진 시점에 가열부 히터센서에서 측정된 온도를 표기하고 있으며 이는 타사도 동일합니다.,,https://static.service.skmagic.com/editor/faq/ckimg/d644cc065ce349ad9425adac941ee6d6.png
정수기,정수기에 물받이가 붙지 않아요.,물받이 자석이 붙지 않을 경우 물받이 방향을 확인해 주세요. 물받이 방향을 다르게 조립할 경우 고정되지 않습니다. 물받이의 방향을 반대로 장착해주세요.,,https://static.service.skmagic.com/editor/faq/ckimg/f4c51b61d8164f15b7071bde1e790529.png|https://static.service.skmagic.com/editor/faq/ckimg/fcf1ee64f955471cba2abd3eb3c96115.png
정수기,WPUIAC403 WPUIAC414 팬필터 위치 및 청소방법,팬필터 위치 및 청소방법 ①제품 뒷면 하단 우측 먼지필터 손잡이를 앞으로 당겨 분리해 주세요. ②필터의 먼지는 흐르는 물에 깨끗이 세척 후 건조하여 다시 조립해 주세요.,,https://static.service.skmagic.com/editor/faq/ckimg/44654bb1c9644b41b98c486352a390dd.png
정수기,WPUIAC403 원코크 얼음물 정수기 직수관 전해수 안심케어 기능,전해수란? 내부에 살균 모듈이 있어 순수한 물을 전기 분해한 살균수(전해수)를 뜻합니다. 직수관 전해수 안심케어 기능 작동방법 [자동] : 전원연결 후 120시간(5일)마다 작동합니다. [수동] : 직수관 케어 버튼을 3초이상 누르면 작동합니다. 직수관 전해수 안심케어 작동 시간은 어떻게 되나요? 약 2분30초~4분간 작동되며 수압에 따라 차이가 있을 수 있습니다. 직수관 전해수 안심케어 작동 시 표시바에 순차적으로 불이 켜집니다. 직수관 전해수 안심케어 작동 중에는 약 2000ml 물이 배수 호스를 통해 배출됩니다. 직수관 전해수 안심케어 작동 중에는 작동을 해제할 수 없으며 다른 기능을 작동할 수 없습니다. 직수관케어 램프는 직수관 전해수 안심케어 작동중에만 불이 켜지며 대기 상태일 경우 불이 켜지지 않습니다.,,https://static.service.skmagic.com/editor/faq/ckimg/f5219f3b06374beebabe61940242ed1b.png
정수기,초소형 직수정수기 잠금 기능 설정/해제 방법,잠금 기능 설정/해제 방법 [온수]+잠금 설정/해제를 원하는 버튼을 동시에 3초이상 눌러주세요. WPUJCC104 냉/정수 모델은 온수버튼이 없으므로 [잠금]+ 잠금 설정/해제를 원하는 버튼을 동시에 3초이상 눌러주세요.,,https://static.service.skmagic.com/editor/faq/ckimg/8889799c758349babc7f967e009f1913.png
정수기,수전형태에 따른 중간밸브 위치가 궁금해요,벽수전을 사용중이신가요? 수도배관 일부가 벽에 묻혀있는 형태로 벽에 설치되어있습니다. 수도꼭지 뒷부분에 중간밸브와 정수기 호스가 연결되어 있을 수 있습니다. 지수전을 사용중이신가요? 수도배관이 싱크대 또는 세면대 아래에 설치되어 있습니다. 수도배관 안쪽에 중간밸브와 정수기 호스가 연결되어 있을 수 있습니다.,,https://static.service.skmagic.com/editor/faq/ckimg/07120bd8e57b4c11ab323bc26a0ba963.png|https://static.service.skmagic.com/editor/faq/ckimg/b6d86675edd147f29a9498fd1408bcaa.png
정수기,정수기 물받이 부분이 볼록해요 변형된 것 같아요.,물받이 덮개를 뒤집어서 재조립 해주세요. 물받이 덮개 방향을 다르게 조립한 경우 수평이 맞지 않습니다.,,https://static.service.skmagic.com/editor/faq/ckimg/d4dac41771884bcdbd8e4cd0b03c6373.png
정수기,볼밸브가 무엇인가요/위치가 궁금해요,볼밸브란? 수전에 장착된 중간밸브와 다르게 제품 자체에 장착되어 물 공급 상태를 조절하는 밸브입니다. 일반적인 경우 플라스틱의 형태로 필터 연결부 또는 급수호스에 장착되어 있습니다. 볼밸브 위치가 궁금한가요? WPUA800F WPUA900F WPUB100F WPUB200F 모델의 경우 제품 뒷면 또는 상부 제거 후 필터 연결부에 장착되어 있습니다. 직수형 모델은 제품 뒷면 또는 판넬 제거 후 필터 연결부에 장착되어 있습니다. 탱크형 모델은 하단 판넬 또는 상단 판넬 제거 후 필터 연결부에 장착되어 있습니다. 모델에 따라 내용에 차이가 있을 수 있습니다.,,https://static.service.skmagic.com/editor/faq/ckimg/a89fc2cd59f1456a84c67114ccd2e9f1.png|https://static.service.skmagic.com/editor/faq/ckimg/a78abd604ab34774a07574863ae664eb.png
정수기,WPUIAC403 원코크 얼음물 정수기 유아수 기능 설정 방법,유아수 설정방법 유아수 기본 설정된 온도는 50℃ 입니다. [온수] 버튼을 3초가량 누른 뒤 [물] 버튼을 선택할 때마다 [45℃][55℃][50℃ ]순으로 변경되며 LED 디스플레이 표시창 램프가 온도에 따라 달라집니다. 온도 선택 후 [온수] 버튼 선택 시 원하는 온도로 설정이 완료 됩니다.,,https://static.service.skmagic.com/editor/faq/ckimg/fc1f6b4436bb4c8a8fd8503bf968d839.png|https://static.service.skmagic.com/editor/faq/ckimg/1c3f06c4380e400981f230ae54d45ebf.png|https://static.service.skmagic.com/editor/faq/ckimg/30206a3983fa445f9f6af169338199c4.png
정수기,초소형 직수정수기 제품 외관 사이즈,초소형 직수정수기 사이즈 실제 측정시 약간의 오차가 있을 수 있습니다. 초소형 직수정수기&스스로 플러스 직수정수기 사이즈 비교,,https://static.service.skmagic.com/editor/faq/ckimg/f483cd77a06749a0bc3449acc60edb46.png|https://static.service.skmagic.com/editor/faq/ckimg/3ec6cfbc640946c19b7c45ac06ca0231.png
정수기,정수기에서 전기가 느껴져요,비접지형 콘센트에 제품을 연결하였을 때 제품에서 전기가 느껴질 수 있습니다. 접지형 콘센트인지 확인이 필요합니다. 접지가 되어있지 않은 무접지 콘센트에 연결하여 사용할 경우 제품에서 전기가 느껴질수 있습니다. 멀티콘센트 사용시 멀티콘센트에도 접지단자가 있는지 확인이 필요합니다. 콘센트에 접지가 없는 경우는 전기설비전문가에게 별도로 전기공사를 의뢰해야합니다.,,https://static.service.skmagic.com/editor/faq/ckimg/b6b38ece97524f0eacfc3aefbc5e39f1.png
정수기,안심출수라이팅(코크램프)가 출수중 꺼져요 (WPUA1000C WPUA1100C),2020년 9월 20일 이후 생산된 제품부터 물이 나오는 동안 코크 부분에 안심출수라이팅(코크램프) 기능이 작동됩니다. 안심출수라이팅(코크램프)란 출수 시 점등되는 코크 부분의 램프입니다. 초기 설치 날짜로 구분해 주세요. 2020년 9월 20일 이전 생산모델 : 출수 시작 5초 후 자동 소등됩니다. 2020년 9월 20일 이후 생산모델 : 출수하는 동안 지속 점등됩니다.,,https://static.service.skmagic.com/editor/faq/ckimg/c46a12a5cd8f44bd93f98674e5bdac1f.png
정수기,TDS 기기로 측정시 수치가 높게 나와요,TDS(Total Dissolved Solid) 기기는 미네랄등과 같은 물속 고형물을 측정하는 기기입니다. TDS(Total Dissolved Solid) 기기로 정수된 물 측정시 수치가 높게 나오나요? 물속에 고형물이 얼마나 녹아있는지를 측정하는 기기로 고형물의 성분과 수질의 오염도 판단은 불가합니다. 정수된 물에는 칼슘 마그네슘 나트륨 칼륨 염소이온 소소이온 등 이온화된 물질이 녹아있어 기기 측정시 수치로 나타날 수 있습니다.,,없음
정수기,필터에 끈적하고 투명한 액체가 묻어있어요,필터에 끈적하고 투명한 액체가 묻어있나요? 필터 연결부 사이로 미세하게 흘러나온 물의 칼슘과 미네랄 성분이 응고되어 보여지는 증상입니다. 인제에 무해한 성분으로 안심하셔도 됩니다.,,https://static.service.skmagic.com/editor/faq/ckimg/b1618d195dcd4f99a19662a1ae761c27.png
정수기,저수위 램프에 불이 들어와요 (WPUC500FWPUC520F),저수위 LED 램프에 불이 들어온 경우 확인해 주세요. 설치 장소의 수압이나 정수기 물탱크의 수위가 낮은 경우 램프가 점등됩니다. 사용을 중지한 후 30분 뒤 사용해 주세요.,,https://static.service.skmagic.com/editor/faq/ckimg/3dca1011ea8a4b3f88bb91f938873df2.png
정수기,원코크 얼음물 정수기 조작부가 들떠있어요 스크래치가 났어요.,보호 필름이 부착되어 있을 경우 조작부가 들떠보이거나 스크래치 현상처럼 보일 수 있습니다. 보호필름 제거방법 제품 오른쪽 옆면 파란색 테이프를 잡아당겨 제거해 주세요. 제거된 보호 필름을 다시 부착할 경우 접착력이 약해질 수 있으며 보호 필름은 별도 구매가 불가합니다.,,https://static.service.skmagic.com/editor/faq/ckimg/86e6db7ba660492486c4dfa62c5ac0a2.png
정수기,물줄기 모양이 이상해요 (WPUGBC102),코크 조립이 잘못되어 있는 경우 발생하는 증상이므로 코크 분리/조립 방법을 확인해 주세요.,,https://static.service.skmagic.com/editor/faq/ckimg/fa01ccdfebb645f080b269f3547c8ea4.png
정수기,스스로 플러스 직수정수기 코크 재질 (WPUA1100 WPUA1000 WPUJAC103 WPUJCC103),내부 흰색 이너코크 재질이 궁금해요. 이너코크는 POM(플라스틱)재질이며 외부 스테인레스 코크 재질은 크롬 도금 처리된 플라스틱 입니다. 140℃ 이상의 물체가 코크에 닿았을 경우 변형 됩니다. 취득한 정수기 인증 검사항목(용출시험)의 환경호르몬 항목 중 비스페놀A는 검출되지 않았습니다.,,https://static.service.skmagic.com/editor/faq/ckimg/3fd6cf4cc6dd46bcb2875526509ca0e0.png
정수기,직수정수기 취수시 물에 공기방울(기포)이 생겨요.,온수미온수유아수 물을 출수하면 공기방울(기포)이 발생되나요? 물속에 공기방울(기포)이 녹아 있으며 물의 온도가 높아지면서 공기방울(기포)이 물속에서 빠져나오려 하기 때문에 공기방울(기포)이 더 발생될 수 있습니다. 정수기의 설치된 환경 물 온도 수질(미네랄 마그네슘 칼슘)이 다르기 때문에 공기방울(기포)발생량은 차이가 있습니다.,,없음
슈퍼아이스,이사를 하는데 이전설치는 어떻게 해야하나요 (SIMI900),제품 분리 또는 설치시 부속품 손상 및 누수 발생 위험 요소가 있어 서비스 접수를 권장합니다. 분리 비용과 재설치 비용은 각각 발생됩니다. [이용 요금안내] 메뉴에서 비용 확인이 가능합니다. 구독 제품을 일반구매제품으로 접수시 비용이 추가될 수 있습니다. 제품 이동서비스는 불가하므로 분리된 제품과 부속품들을 빠짐없이 챙기신 후 설치하는 장소까지 옮겨주셔야 합니다. 슈퍼아이스 제빙기는 최초 계약 당시 연결된 정수기에 한하여 연결 및 설치할 수 있습니다. 이사로 인한 재설치의 경우에도 계약기간내에는 최초 연결하였던 정수기도 함께 이전이 되어야하며 슈퍼아이스 단독 설치 및 다른 정수기와의 연결 설치가 불가합니다.,,없음
슈퍼아이스,얼음 생성이 안돼요/얼음양이 작아요 (SIMI900),제품 버튼의 램프 점등 상태를 확인해 주세요. 제빙ON 버튼은 램프가 켜져있어야하며 제빙OFF 버튼은 램프가 꺼져있어야 제빙이 가능합니다. 해당 버튼을 5초 이상 길게 눌러 설정을 변경해 주세요. 자물쇠(출빙)버튼의 램프가 켜져있는 경우 출빙기능이 잠긴것으로 해당 버튼을 5초 이상 길게 눌러 버튼의 램프를 꺼주세요. 급수가 정상적으로 이루어지는지 확인해 주세요. 연결된 정수기에서 물이 나오는지 확인해 주세요. 정수기 물이 나오지 않는다면 중간밸브 및 수도밸브의 잠김 상태 또는 급수 호스의 꺾임 눌림 등이 없는지 확인해 주세요. 직전 얼음 사용량이 많았다면 확인해 주세요. 제빙에 시간이 소요되므로 2시간 후 사용해 주세요. 얼음이 내부에 소량 남아있을 경우 출빙버튼을 10초~15초이상 길게 누르면 남아있는 얼음이 출빙 됩니다. 지속적인 증상 발생시 제품 뒷면 팬커버 청소 상태 제품 설치 상태를 확인해 주세요. 팬커버가 먼지나 이물질로 막혀있을 경우 열순환을 원활히 하지못해 얼음 생성에 영향이 발생하여 주기적인 청소가 필요합니다. [팬커버 청소 방법] 제품 좌 우 뒷면이 막혀있는 경우 제품 내부의 열기가 밖으로 순환되지 못해 제품 내부의 온도가 상승하여 얼음 생성시간이 오래걸리거나 되지 않을 수 있습니다. 제품 좌/우 측면 후면은 벽면과의 거리를 최소 10cm 이상 확보하여 내부 열기가 원활히 배출되도록 해주세요.,,https://static.service.skmagic.com/editor/faq/ckimg/ed36ef9610524545b4130ecf4bc534bb.png|https://static.service.skmagic.com/editor/faq/ckimg/28446fbce7ca4061872d215ce82e2cf9.png|https://static.service.skmagic.com/editor/faq/ckimg/ade0b17761ae48d38ecc2520dd88912e.png
슈퍼아이스,얼음 생성은 되는데 얼음이 나오지 않아요 (SIMI900),얼음이 생성되어 내부에 있어도 출빙버튼이 잠긴 상태라면 출빙이 불가합니다. 다음 내용을 확인해 주세요 출빙버튼 잠김 상태를 확인해 주세요. 자물쇠(출빙)버튼은 출빙기능을 잠그는 버튼으로 해당 버튼의 램프가 점등된 상태에서는 출빙버튼을 눌러도 얼음이 나오지 않습니다. 자물쇠(출빙)버튼을 5초 이상 길게 눌러 램프를 끄면 출빙 잠금이 해제되고 램프를 켜면 출빙이 가능합니다. 출빙버튼이 잠기지 않아도 얼음이 나오지 않는 경우 확인해 주세요. 출빙버튼을 10초 이상 길게 눌러주세요. 출빙버튼을 10초 이상 길게 누르면 얼음보관통에 남아있던 소량의 얼음까지 출빙할 수 있습니다. 얼음 사용량이 많았다면 제빙에 시간이 소요되므로 2시간 후 사용해 보세요.,,https://static.service.skmagic.com/editor/faq/ckimg/df68dc77fecf4ceebe2ff0777efdb4f1.png
제빙기,얼음이 녹거나 깨져서 나와요,만들어진 얼음끼리 서로 엉겨붙는 현상을 방지하기 위해 얼음저장통은 실온(영상)의 온도를 유지합니다. 외부 온도가 높아지는 여름의 경우 얼음을 빨리 사용하지 않으면 얼음이 내부에서 녹을 수 있습니다. 먼저 생성되어 쌓여있는 얼음 먼저 꺼내어 사용해 주세요. 얼음 생성후 탈빙시 보관통에 녹아있던 얼음과 부딪혀 얼음이 깨지는 현상도 발생될 수 있습니다. 얼음을 장시간사용하지 않거나 얼음을 처음 출빙할 때는 한두 차례 얼음을 빼내고 사용해 주세요. 얼음저장통 내부에 배수가 안되고 물이 고여있다면 얼음이 더 빠른 속도로 녹습니다. 배수호스의 꺾임이나 눌려있는 부분은 없는지 확인해 주세요. 배수호스가 이물질로 막혀있는지 확인 후 청소를 해주세요. 얼음 저장통 내부의 여과망을 분리하여 청소해 주세요.,,없음
슈퍼아이스,물이 새요,제품 본체에서 물이 새어나오는 경우 확인해 주세요. 제품 내부 배수펌프의 작동이상으로 물이 정상적으로 배수되지 못하고 본체 외부 및 토출구 부분으로 흘러나올 수 있습니다. 제품 전원을 OFF 하고 콘센트를 분리 한 후 서비스 접수를 신청해 주세요. 급수호스에서 물이 새어나오는 경우 확인해 주세요. 정수기의 중간밸브를 잠근 뒤 서비스 접수를 신청해 주세요. 배수호스에서 물이 새어나오는 경우 확인해 주세요. 제품 전원을 OFF 한 후 서비스 접수를 신청해 주세요. 중간밸브 위치를 확인해 주세요. 슈퍼아이스 제빙기는 정수기를 통해 물이 공급되는 제품으로 물공급의 차단은 정수기의 중간밸브를 잠궈주셔야 합니다. 정수기에서 수도배관과 연결된 호스선을 따라가보면 중간밸브를 확인할 수 있습니다. 설치환경에 따라 정수기와 슈퍼아이스 연결호스에 중간밸브가 추가로 설치되어 있는 경우도 있습니다. 설치 위치에 따라 중간밸브 모양은 다를수 있습니다.,,https://static.service.skmagic.com/editor/faq/ckimg/4be505bc1b3d406b874a3f7bf35e6a6a.png
슈퍼아이스,제빙기에서 여러가지 소리가 나요,제빙기는 다양한 원리로 작동하며 여러가지 작동 소리가 발생합니다. 다음 내용을 확인해 주세요 제빙기 동작시 나타나는 소리를 확인해 주세요. 웅~ 윙~ 소리는 콤프레셔와 팬이 내부의 열기를 배출하기 위해 작동하며 발생하는 정상 소음입니다. 물이 흐르는 소리는 정수기에서 물이 공급되거나 얼음이 녹은물 얼음을 얼리고 남은 물이 배수되며 발생하는 정상 소음입니다. 덜덜덜 떨림 소리는 제품의 수평이 맞지 않거나 제품위에 물건을 올려두었을 경우 발생하는 진동 소음입니다. 달그락 툭 탁 소리가 나는 경우 제빙된 얼음이 아이스룸으로 떨어지며 발생하는 정상 소음입니다. 바람이 빠지는 소리가 나는 경우 제빙된 얼음을 떨어트리기 위해 냉매가 순환되며 발생하는 정상 소음입니다. 제빙기 동작시 나타나는 정상 소리가 아닌 다른 소리가 지속적으로 발생하거나 정상 소음이 크게 나나요? 웅~ 윙~ 소리는 설치환경이나 팬커버 청소 상태의 영향으로 더욱 크게 들릴 수 있으므로 제빙기의 측면 뒷면과 벽면사이의 거리를 10cm이상 떨어트리고 팬커버를 청소해 주세요. (단 팬커버 청소는 SIMI900모델에 한함) SIMI900모델의 팬커버 청소 방법이 궁금하다면 [팬커버 청소 방법이 궁금해요] 바로가기 연결된 호스선이 당겨지는 범위내에서 제빙기의 위치를 조금만 움직여 소음이 줄어든다면 제빙기의 수평상태 확인 및 위치를 소폭 이동해 주세요. 제품의 전원콘센트를 분리한 후 30초 후 연결하여 확인하여도 동일한 경우 서비스점검이 필요합니다.,,없음
슈퍼아이스(SIMI900),호스길이/제빙기 위치를 변경하고 싶어요,제빙기의 호스 길이를 연장해야하거나 본체 위치를 이동하고 싶은 경우 확인해 주세요. 호스의 길이가 짧아 연장이 필요한 경우 확인해 주세요. 급수 및 배수호스의 길이가 짧아 단순 연장만 필요한 경우라도 서비스 접수가 필요합니다. 본체 위치를 이동해야하나 호스의 길이가 짧아 이동이 어려운 경우도 호스 연장이 필요하여 서비스 접수가 필요합니다. 호스 연장 및 위치 이동 요청시 서비스 비용이 발생되며 서비스 매니저가 방문하여 가능한 환경인지 먼저 확인 후 작업을 진행해드립니다. 제빙기의 위치 변경이 필요한 경우 확인해 주세요. 제빙기에 연결된 호스의 길이가 가능한 범위에서만 소폭 이동이 가능하며 제품을 가볍게 밀어 옮길 수 있습니다. 제품에 연결된 호스를 분리 후 다시 연결하거나 호스 연장이 필요한 장소로의 이동은 서비스 접수가 필요하며 필히 최초 계약시 연결되었던 정수기도 함께 이동 되어야 합니다. 제빙기를 다른 제품과 연결하려는 경우 확인해 주세요. 계약기간중에는 슈퍼아이스는 최초 계약 당시 설치되었던 정수기 제품 외 다른 제품에 연결할 수 없습니다. 같은 장소에 자사 정수기라도 연결 변경 및 설치가 불가합니다.,,없음
슈퍼아이스,팬커버 청소 방법이 궁금해요,팬커버에 먼지나 이물질이 쌓인 경우 발생하는 증상을 확인해 주세요. 팬커버로 열기가 배출되지 못해 내부 온도가 높아져 냉각기의 목표 온도 도달까지 시간이 지연됩니다. 아이스룸에 보관된 얼음이 빠르게 녹고 얼음이 녹은 물이 자주 배출됩니다. 열기를 식히는 내부의 팬 날개 작동하는 윙 웅 소음이 커집니다. 팬커버 청소 방법을 확인해 주세요. ①반드시 제빙버튼을 OFF 시킨 뒤 뒷면 팬 작동이 멈추고 나면 전원 콘센트와 뒷면 팬커버를 분리해 주세요. ②분리한 팬커버의 먼지를 제거하고 흐르는 물에 깨끗이 세척하여 건조해 주세요. ③팬커버를 분리하면 보이는 팬 날개도 브러쉬(칫솔) 또는 물티슈를 이용하여 닦아주세요. ④팬커버를 다시 제품 뒷면에 홈을 맞추어 조립하고 사용해 주세요.,,https://static.service.skmagic.com/editor/faq/ckimg/b14210a94a3e437caf2e3ddc168928ef.png|https://static.service.skmagic.com/editor/faq/ckimg/77a0ba9eb39d4b4e8f8c542f8743ebb8.png|https://static.service.skmagic.com/editor/faq/ckimg/f67b8af8041e49d68c5ac6bcb341d5cd.png
슈퍼아이스(SIMI900),배수가 안돼요,배수호스의 상태를 확인하여 주세요. 다음 내용을 체크해 주세요 배수호스의 높이를 설치면보다 아래로 설치해 주세요. 배수호스가 꺾이거나 눌려 있다면 호스의 위치를 조정하여 정상적으로 배수될수있도록 해주세요.,,없음
슈퍼아이스(SIMI900),버튼 작동이 안돼요,버튼 잠금 설정상태에서는 버튼을 눌러도 작동이 되지 않습니다. 잠금 설정을 해제 후 사용해 주세요. 다음 내용을 체크해 주세요 버튼의 잠금 상태를 확인합니다. [제빙 ON/OFF] 버튼과 [출빙 잠금] 버튼은 잠금 및 해제 설정이 가능합니다. [제빙 ON/OFF] 램프는 점등이 되어있어야 얼음 생성이 가능합니다. 램프가 소등되어있다면 해당 버튼을 5초 이상 길게 눌러 잠금을 해제해 주세요. [출빙 잠금] 램프는 소등되어있어야 얼음 출빙이 가능합니다. 램프가 점등되어있다면 해당 버튼을 5초 이상 길게 눌러 잠금을 해제해 주세요. 얼음 크기 변경 버튼 설정을 확인합니다. 얼음 크기 변경은 [얼음 크기 선택] 버튼을 5초 이상 길게 눌러야 설정을 변경할 수 있습니다. [얼음 크기 선택] 버튼을 5초 이상 누른 후 해당 버튼을 1회씩 누를때마다 대소대소로 변경되면서 해당 얼음크기 LED가 점멸합니다. 원하는 크기로 설정 후 5초간 아무 입력이 없으면 자동으로 설정이 완료됩니다. 얼음이 '소'로 얼려져 얼음보관통에 저장된 상태에서는 얼음 크기를 '대' 로 변경하여도 우선 출빙되는 얼음의 크기는 '소'일 수 있습니다. 잠금 및 설정 버튼은 5초 이상 길게 눌러주셔야 버튼 동작이 가능합니다.,,없음
슈퍼아이스(SIMI900),얼음에서 이물질이 나와요,다음 내용을 체크해 주세요 정수된 물에는 미네랄 성분이 포함되어있고 미네랄 성분은 급격한 온도변화에 의해 하얀 가루 형태로 변화가 생깁니다. 얼음이 얼었다 녹으면서 보이는 하얀 알갱이는 미네랄성분의 결정체로 인체에 무해한 성분이니 안심하고 드셔도 됩니다. 단 역삼투압정수기는 미네랄성분도 모두 걸러집니다. 그 외에 얼음에서 이물질이 나온다면 서비스 점검이 필요합니다.,,없음
슈퍼아이스(SIMI900),얼음크기는 어떻게 조절하나요,얼음 크기 변경 방법을 참고해 주세요. ①[크기]버튼을 5초이상 길게 누르면 부저음이 발생되고 LED 램프가 점멸됩니다. ②[크기]버튼을 눌러 원하는 크기로 설정해 주세요. 버튼을 1회씩 누를 때마다 대(11g)소(8g)로 변경됩니다. ③원하는 얼음 크기로 설정 후 5초간 아무런 조작이 없으면 부저음이 울린 뒤 설정 완료됩니다. 얼음이 [소]로 얼려져 아이스룸에 저장된 상태에서 얼음크기를 [대]로 변경하여도 출빙되는 얼음은 [소]일 수 있습니다.,,없음
제빙기,작동시 본체가 뜨거워요,얼음을 만들기 위해 콤프레샤가 지속적으로 작동하면서 열이 발생하고 발생한 열은 제품 외부로 배출됩니다. 이로 인해 제품 주변의 온도가 상승하고 여름철에는 주변의 온도가 높아지면서 환경적인 요인으로 제품이 더 뜨겁게 느껴지게 됩니다. 배출되는 열기의 원활한 순환을 위해 제품 뒷면과 옆면이 벽면과 약 20CM이상 이격거리를 유지할 수 있도록 해주세요. 벽과 제품 사이의 여유공간에 원활한 공기 순환을 위해 다른 물건을 놓지 말아주세요.,,없음
슈퍼아이스,사용설명서가 없어요 어떻게 확인해야하나요,제품 구매시 공용으로 제공되는 간단설명서가 포함되어있습니다. 그외 제품 모델별 상세사용설명서는 제품에 부착된 QR코드 접속 및 서비스 홈페이지를 통해 확인이 가능합니다. 서비스센터 홈페이지에서 사용설명서를 확인해 주세요. 제품 사용설명서 카테고리에서 제품 또는 문의사항을 입력하여 확인해 주세요. 제품의 QR코드를 확인해 주세요. 모델코드가 기재되어있는 QR코드가 부착되어있어야만 QR코드 이용이 가능합니다. (제품 생산년도에 따라 차이가 있습니다.) QR코드로 접속하여 제품 사용설명서 IOT사용설명서 요리가이드를 확인해보실 수 있습니다. 모델에 따라 내용에 차이가 있을 수 있습니다. QR코드로 접속하여 확인해 주세요. ①스마트폰에서 카메라를 켜고 QR코드를 비추면 상단에 알림이 표시됩니다. ②해당 알림을 클릭하여 접속해 주세요. ③사용설명서 카테고리를 선택 후 확인해 주세요.,,https://static.service.skmagic.com/editor/faq/ckimg/bb0fd01bfc734b86b48bb278e665ae41.png|https://static.service.skmagic.com/editor/faq/ckimg/2c9afbf5c8ea4ff98110899691206fc9.png|https://static.service.skmagic.com/editor/faq/ckimg/94ac0d5ba1d040ae997348f06050f340.png
슈퍼아이스(SIMI900),호스에서 물이 나와요 (배수호스),배수호스로 배수가 되는 경우를 확인해 주세요. 얼음생성시 매번 새로운 물이 유입되고 얼음을 만드는데 필요한 물을 제외하고 남는 물은 배수호스를 통해 배수가 됩니다. 생성된 얼음이 담긴 얼음보관통은 실온상태이므로 외부 온도의 영향으로 시간이 지날수록 담겨있던 얼음이 조금씩 녹아 물이 배출됩니다. 배수되는 물 사용 방법 배수호스를 통해 나오는 물을 모아서 화장실 청소 집안 청소 세탁 및 빨래 등 기타 허드렛 물로 사용하실 수 있습니다. 단 식수(먹는물)로 사용하거나 조리용으로는 절대 사용 불가합니다.,,없음
슈퍼아이스(SIMI900),버튼을 조작없이 얼음이 저절로 나와요,출빙버튼을 누르지 않아도 얼음이 저절로 나오는 경우는 서비스 점검이 필요합니다. 이전 출빙시 내부 입구에 걸려있었던 얼음이 녹으면서 얼음 한두개 정도가 저절로 떨어지는 증상은 발생될 수 있으며 이는 정상적인 부분입니다.,,없음
슈퍼아이스(SIMI900),제품에서 타는 냄새가 나요,멀티콘센트 사용시 콘센트의 노후화로 인해 타는 냄새가 발생할 수 있습니다. 콘센트를 교체하여 사용해 보세요. 이후에도 동일하게 지속적으로 제품에서 타는 냄새가 발생된다면 안전을 위하여 전원코드를 분리한 후 서비스접수를 진행해 주세요.,,없음
슈퍼아이스,아이스룸 UV살균 기능이 궁금해요 (SIMI900),슈퍼아이스 제빙기 SIMI900 모델에는 아이스룸 UV살균 기능이 적용되어 있습니다. 다음 내용을 확인해 주세요 UV살균이란? UV(자외선) 램프를 이용해 잔류성 물질 없이 99%이상 세균을 제거하는 기능입니다. SIMI900 제빙기에 적용된 UV살균 기능은 얼음을 보관하는 아이스룸 UV살균이 있습니다. UV살균 작동 시간을 확인해 주세요. 제빙 OFF 3시간 UV살균 9시간 휴지 (1cycle/12hr) 제빙 ON 출빙 OFF 3시간 UV살균 9시간 휴지 (1cycle/12hr) 제빙 ON 출빙 ON 3시간 UV살균 5시간 휴지 (1cycle/8hr) UV살균 작동에 따른 램프 상태를 확인해 주세요. 아이스룸 UV살균이 동작을 시작할 때만 살균중 버튼에 램프가 켜졌다 꺼짐을 10분동안 반복합니다. UV살균 알림 램프 ON/OFF 설정 방법을 확인해 주세요. 아이스룸 UV살균이 동작할 때 점등되는 제품 외부 살균중 버튼 램프를 ON/OFF 설정할 수 있습니다. ①[살균알림 LED 설정]버튼을 5초이상 길게 누르면 부저음이 발생되며 살균알림 LED 램프가 점멸됩니다. ②[살균알림 LED 설정]버튼을 눌러 램프 ON/OFF 상태를 변경해주세요. 램프가 켜져있는 경우 살균시 램프가 점등됩니다. ③설정이 완료되면 [살균알림 LED 설정]버튼을 5초이상 눌러주세요. 설정 완료 후 5초간 아무 입력이 없어도 자동으로 설정이 완료됩니다. <SIMI900 조작부 이미지>,,https://static.service.skmagic.com/editor/faq/ckimg/2d04fa1b9f6242b49e6d3c9d249b0ce0.png
슈퍼아이스,제빙기 본체/부품이 파손됐어요 (SIMI900),일부 부품은 별도로 구매가 가능하며 직접 교체할 수 있습니다. 제품이 파손된 경우 확인해 주세요. 상부커버 물받이는 분리가 가능한 부품으로 별도로 구매하여 자가 교체가 가능합니다. 전원코드선 얼음토출구 급수호스 배수호스와 같이 분리되지 않는 부품의 경우 구매 및 자가조립이 불가하여 서비스 접수가 필요합니다. <제품 이미지> 모델에 따라 내용에 차이가 있을 수 있습니다.,,https://static.service.skmagic.com/editor/faq/ckimg/def3d4d9d7b0416db35bbb8c6cd19f25.png
제빙기,얼음 생성이 안돼요/얼음양이 작아요 (SIM015CIM035CIM050CIM100),제품의 전원 공급 상태 또는 전원스위치를 확인해 주세요. 전원이 정상적으로 공급되는지 확인해 주세요. 전원자체가 들어오지 않는 경우 콘센트의 불량인지 차단기가 내려가 있는지 등을 확인해 주세요. 전원 스위치가 [ICE] 또는 [제빙]으로 선택이 되어있어야 얼음생성이 됩니다. 버튼 스위치를 확인해 주세요. 오랜시간동안 얼음이 전혀 만들어지지 않는 경우 물 공급 상태를 확인해 주세요. 얼음을 얼리기 위해 물이 정상적으로 공급되어야 합니다. 중간밸브 또는 급수호스에 연결된 급수밸브가 '열림' 상태로 되어있는지 확인해 주세요. 급수호스가 눌려있거나 꺾여있는 부분은 없는지 확인해 주세요. 배수 상태를 확인해 주세요. 배수호스가 눌려있거나 꺾여있는 부분은 없는지와 내부 얼음저장통의 배수구가 막혀있지 않은지 확인해 주세요. 배수호스를 물통에 연결하여 사용할 경우 호스가 물에 잠기면 배수가 되지 않습니다. 물통을 비워주세요. 겨울철에 배수호스가 결빙되는 경우가 발생합니다. 제빙기 내부의 얼음을 비우고 실내온도가 상온으로 올라갈 때까지 충분히 기다려 주세요. 부속품의 조립 상태를 확인해 주세요. 내부 부속품이 오조립되었다면 얼음이 생성되지 않을 수 있습니다. 부속품 조립 상태를 확인해 주세요. 응축기의 먼지를 청소해 주세요. 응축기에 먼지가 쌓여 통풍이 잘 되지 않으면 얼음 생성이 원활하지 않고 기계 작동에 무리가 가해져 고장의 원인이 됩니다. 주 1회 이상 주기적으로 진공청소기를 이용하여 응축기를 청소해 주세요. 응축기 청소방법이 궁금하다면 [제빙기 응축기 청소는 어떻게 해야하나요] 바로가기 모델에 따라 내용에 차이가 있을 수 있습니다.,,https://static.service.skmagic.com/editor/faq/ckimg/5b4f5e172be547d7814830e18bcfdb8f.png|https://static.service.skmagic.com/editor/faq/ckimg/ea3b63e5c6cf424faabf213adffe13f7.png
제빙기,얼음 생성이 안돼요/얼음양이 작아요 (CIM010 CIM012 CIM015 CIM020),표시창의 상태를 확인해 주세요. 얼음낙하오류가 표시되는 경우 제빙칸이 정상적으로 놓여있지 않으므로 알맞게 다시 조립해 주세요. 제빙예약 켜짐/꺼짐이 표시되는 경우 설정시간에만 제빙이 이루어지므로 지속적인 제빙을 원하는 경우 시간 선택 버튼을 눌러 예약기능을 OFF해주세요. 온도계가 표시되지 않는 경우 물부족 상태로 물을 보충하거나 급수호스를 연결하여 사용하는 경우 중간밸브가 열려있는지 호스의 눌림이나 꺽임은 없는지 확인해 주세요. 모델에 따라 내용에 차이가 있을 수 있습니다. 정확한 내용은 제품별 사용설명서를 참고해 주세요.,,https://static.service.skmagic.com/editor/faq/ckimg/235f754798e640458ade7b55166755bc.png|https://static.service.skmagic.com/editor/faq/ckimg/0f629ab0dfb045878bff25f2a00991eb.png
제빙기,제빙기 응축기 청소는 어떻게 해야하나요 (SIM015 CIM035 CIM050 CIM100),모델별 응축기 청소 방법을 참고해 주세요. 적용모델 : SIM015 CIM035HB ①제빙기 도어를 열고 하단 스위치를 OFF상태로 변경해 주세요. ②하단에 위치한 판넬의 양쪽나사 2개를 풀어주세요. ③진공청소기 또는 물티슈 등을 이용하여 응축기 표면에 붙어있는 먼지를 제거해 주세요. ④청소 완료 후 판넬을 다시 끼우고 나사를 조립한 후 스위치를 ICE 상태로 변경해 주세요. 적용모델 : CIM050 CIM100 ①스위치를 OFF상태로 변경해 주세요. ②CIM050QA : 전면 하단에 있는 나사를 풀고 앞 판넬을 분리해 주세요. CIM100QA : 전면부 응축기 필터 고정손잡이를 눌러 필터를 분리해 주세요. ③진공청소기 또는 물티슈 등을 이용하여 응축기 표면에 붙어있는 먼지를 제거해 주세요. ④청소 완료 후 판넬 또는 필터를 다시 조립한 후 스위치를 ICE 상태로 변경해 주세요.,,https://static.service.skmagic.com/editor/faq/ckimg/99189167031d4d63afd7f4449fd74517.png|https://static.service.skmagic.com/editor/faq/ckimg/8b3772b106bb4e268422cb52d6312abc.png|https://static.service.skmagic.com/editor/faq/ckimg/bc93e30da69a43a99034790cf42464e7.png|https://static.service.skmagic.com/editor/faq/ckimg/008f14e1ebaa431490c27d38cf75ebc8.png|https://static.service.skmagic.com/editor/faq/ckimg/927db244059349879952588e9eb78ee6.png|https://static.service.skmagic.com/editor/faq/ckimg/da9f63ac2714463cb66a319f6ff63f44.png
제빙기,제빙기에 물이 공급되지 않아요,제빙기의 급수호스 및 급수 밸브를 확인합니다. 급수호스가 눌려있거나 꺾여있는 부분은 없는지 확인해 주세요. 제빙기의 중간밸브 또는 급수호스에 연결된 급수밸브가 '열림' 상태로 되어있는지 확인해 주세요. 단수 및 원수도밸브가 [열림] 상태인지 확인합니다. 제빙기와 연결되어있는 정수기 또는 제빙기 전용 필터로 물 공급이 정상적으로 되고 있는지 확인이 필요합니다. 정수기 또는 전용필터와 연결된 원수도밸브의 '열림' 상태 단수여부 중간밸브 '열림' 상태를 확인해 주세요. 소형제빙기는(CIM010 CIM012 CIM015) 급수호스 연결이 불가합니다.,,https://static.service.skmagic.com/editor/faq/ckimg/cda088b1a5404bd3b72f21a37b55104d.png
제빙기,제빙기 청소는 어떻게 해야하나요 (CIM010 CIM012 CIM015 CIM020),본체 외관 청소 방법 ①청소하기 전 반드시 전원코드를 분리해 주세요. ②부드러운 젖은 수건으로 제품 표면을 닦아줍니다. 벤젠 알코올 가솔린과 같은 화학제품은 외관 손상이나 변형 변색의 원인이 될 수 있으므로 사용하지 마세요. 내부 물탱크 청소 방법 ①청소하기 전 전원코드 분리 후 남아있는 얼음은 모두 꺼내주세요. ②배수마개를 열고 내부에 있는 물을 전부 비워주세요. ③깨끗한 헝겊 또는 수건으로 물탱크 내부를 구석구석 닦아주세요. ④깨끗한 물을 넣고 물탱크 내부를 헹궈준 후 사용했던 물은 배수시켜 주세요. 유기용매 끓는물 세제 강산성물질 알칼리성물질 등을 사용하지 마세요. 셀프클린모드를 이용한 청소 방법 새제품 또는 보관 후 처음 사용시 위생을 위해 셀프클린모드를 진행해 주세요. ①깨끗한 물을 물탱크 MAX 라인까지 채워줍니다. ②[제빙]버튼을 5초이상 길게 누르면 '삐' 소리가 나면서 자동으로 셀프클린 모드가 실행됩니다. ③제빙칸과 제빙봉에 물이 채워지고 버려지는 과정이 5회 반복되고 자동으로 종료됩니다. (단 CIM020 모델은 자동종료기능이 없으므로 5분 후 [제빙]버튼을 5초 이상 '삐' 소리가 날때까지 눌러 종료) ④배수마개를 열고 물탱크 내부의 물을 전부 비우고 배수마개를 닫아줍니다. ⑤상기 과정을 한번 더 진행합니다.,,없음
제빙기,제빙기 청소는 어떻게 해야하나요 (SIM015 CIM035 CIM050 CIM100),다음 내용을 체크해 주세요 1. 내부 부속품 청소 방법 청소 전 전원을 끄고 내부에 남아있는 얼음은 모두 꺼내주세요. ①도어를 열어 주세요. ②판넬 양쪽 끝에 나사를 풀고 날개부를 분리해 주세요. ③미끄럼판을 분리하여 물로 세척하여 청소해 주세요. ④노즐부를 분리한 후 부드러운 솔을 이용하여 이물질을 청소해 주세요. 노즐은 절대 분리하지 않습니다. ⑤내부의 물받이를 청소하기 위해 배수마개를 바깥쪽으로 빼면 남아있는 물은 자동적으로 배수됩니다. 배수마개는 배수 후 반드시 끼워주셔야합니다. ⑥물받이 밑바닥에 남아있는 이물질을 제거하기 위해서 스폰지를 사용하여 물받이를 청소해 주세요. ⑦여과망을 빼내어 청소해 주세요. 청소후에는 꼭 다시 조립해 주세요. 여과망이 없으면 이물질로 인해 노즐이 막힐 수 있습니다. 2. [WASH] 모드 청소 방법 ①전원을 끄고 얼음을 모두 꺼내주세요. ②식기세척기용 중성세제 30g을 35℃~45℃의 온수 4ℓ에 희석하여 내부 물받이에 넣어주세요. ③작동 스위치를 [WASH]로 설정해주세요. ④약 2분간 급수가 되고 5분정도 순환펌프가 가동되는 과정이 3회 반복 진행이 됩니다. ⑤물받이 배수마개를 분리하여 배수를 한 후 깨끗한 물을 넣고 다시 한번 더 [WASH] 모드로 작동해 주세요. ⑥필요에 따라 상기과정을 2~3회 반복 실시해 주세요. ⑦청소 종료 후 내부를 음용수로 헹군 다음 첫 가동으로 생성된 얼음은 버리고 2차 생성된 얼음부터 사용해 주세요. 적용모델 - SIM015 CIM035 CIM050 CIM100,,https://static.service.skmagic.com/editor/faq/ckimg/8e0076a3bce3403194f5bdd733c75188.png|https://static.service.skmagic.com/editor/faq/ckimg/9673fc7514b046e6a3fbc36dca1e34b9.png|https://static.service.skmagic.com/editor/faq/ckimg/ec7899d009314decb8c0733adf6c2592.png|https://static.service.skmagic.com/editor/faq/ckimg/8e7563c7c64f45ac9ef93a5148820d82.png|https://static.service.skmagic.com/editor/faq/ckimg/ae404af21a4b4b47a3085c83dbfe0a08.png|https://static.service.skmagic.com/editor/faq/ckimg/6e1d3449a0dc49a4887517fbaafe0b84.png
제빙기,배수가 안되고 내부에 물이 고여있어요,배수가 정상적으로 되지 않으면 내부에 물이 고여 생성되어있던 얼음이 녹고 얼음생성에도 영향을 미칩니다. 배수펌프가 장착된 모델의 경우 제품의 전원 공급 상태를 확인해 주세요. 배수펌프 적용 모델 : SIM015 CIM035 벽면콘센트에 제품의 전원코드가 정상적으로 잘 꽂혀있는지 확인 및 전원 코드를 분리하여 10초 후 다시 연결해 주세요. 제품 전원코드가 연결된 콘센트에 다른 가전제품를 연결하여 전원이 들어오는지 확인해 주세요. 누전 차단기가 내려가 있다면 다시 원상복구하여 확인해 주세요. 배수호스 상태를 확인해 주세요. 배수호스 또는 배수호스가 설치되어 있는 배수구의 막힘은 없는지 확인해 주세요. 배수호스의 꺾임이나 눌려있는 부분은 없는지 확인해 주세요. 배수호스가 지면에서 10cm 이내로 설치가 되어있는지 확인해 주세요. 자연배수의 경우 배수호스의 설치위치가 지면으로부터 높아지면 역류가 되고 배수가 어려울 수 있습니다. 배수펌프 적용 모델(SIM015 CIM035) 제외하고는 자연배수 방식입니다. 소형제빙기는(CIM010 CIM012 CIM015 CIM020) 구조상 배수호스 연결이 불가합니다. 내부 여과망을 청소합니다.,,https://static.service.skmagic.com/editor/faq/ckimg/2726211314784da498aea5eb0716423c.png
제빙기,이사를 하는데 이전설치는 어떻게 해야하나요,제빙기 분리 또는 설치시 부속품 손상 및 누수 발생 위험 요소가 있어 서비스 접수를 권장합니다. 서비스 요청시 분리 비용과 재설치 비용은 각각 발생됩니다. [이용 요금안내] 에서 비용 확인이 가능합니다. 구독제품을 일반구매제품으로 접수시 비용이 추가될 수 있습니다. 제품 이동서비스는 불가하므로 분리된 제품은 부속품들을 빠짐없이 챙기신 후 설치하는 장소까지 옮겨주셔야 합니다.,,없음
제빙기,얼음끼리 서로 붙어서 떨어져요/얼음이 제빙판에서 떨어지지 않아요 (CIM020KE),얼음 스푼을 이용하여 얼음을 깨서 사용해 주세요. 제빙판에 물이 위에서 아래로 흐르면서 얼음이 생성되는 구조로 얼음 끝부분끼리 서로 붙어서 탈빙이 될 수 있습니다. 얼 음틀에 물이 맺히며 얼음이 생성되는 판형식으로 얼음 보관통에 얼음이 많이 쌓여있는 경우 얼음이 제빙판에서 떨어질 때 낙하차가 크지 않아 얼음이 조각조각 깨지지 않고 그대로 붙은채로 보관됩니다. 생성된 얼음이 제빙봉 또는 제빙판에서 떨어지지 않는다면 서비스 점검이 필요합니다.,,https://static.service.skmagic.com/editor/faq/ckimg/cf494e61a46d4971ae7b1c1a91d77bbc.png
제빙기,물이 새요,제품에서 누수되는 위치를 확인하여 주세요. 다음 내용을 확인해 주세요 제품 본체에서 물이 새어나오는 경우 확인해 주세요. CIM010 CIM012 CIM015 CIM020 모델의 경우 실리콘마개를 먼저 닫고 배수마개까지 이중으로 조립되어있는지 확인해 주세요. 호스에서 물이 새어나오는 경우 확인해 주세요. 급수 호스에서 물이 새어나오는 경우 전원을 OFF 시킨 후 급수호스선을 따라가보면 중간밸브를 확인할 수 있습니다. 물공급 차단을 위해 중간밸브를 잠근 후 서비스 접수를 신청해 주세요. 설치환경에 따라 제빙기에 연결된 중간밸브가 없는 경우 제빙기와 연결된 정수기 또는 제빙기 전용필터의 중간밸브를 잠궈주세요. 배수 호스에서 물이 새어나오는 경우 전원을 OFF 시킨 후 서비스 접수를 신청해주세요. <중간밸브 위치 및 상태 예시> 도어 에서 물이 새어나오는 경우 확인해 주세요. 도어가 제대로 닫히지 않으면 내/외부 온도차에 의해 결로현상으로 도어 틈새로 물 맺힘이 생겨 흘러내릴 수 있으므로 도어가 잘 닫혀있는지 확인해 주세요. 제품의 수평이 맞지 않을 경우 도어가 제대로 닫히지 않을 수 있어 본체 밑면 고정발을 이용하여 수평을 맞춰 주세요. 정확한 누수 위치 확인은 어려우나 제빙기 제품에서 물이 새어 나오는게 맞다면 우선 중간밸브를 잠그고 서비스 접수를 신청해 주세요. 단 주변 다른 가전제품의 누수인 경우 비용만 발생될 수 있으므로 접수 전 한번 더 확인이 필요합니다.,,https://static.service.skmagic.com/editor/faq/ckimg/55aa4a145b7b4c68ac1f558991d6a364.png|https://static.service.skmagic.com/editor/faq/ckimg/340eb36690b5435986d1ff3e057f45b6.png|https://static.service.skmagic.com/editor/faq/ckimg/0478dde746d847bcbd9794ddb553a4b3.png
제빙기,에러가 발생해요 (CIM020),시계 모양에 ON/OFF 표시가 발생하는 경우 확인해 주세요. 켜짐 또는 꺼짐 예약이 되어있는 상태로 설정한 예약시간에 자동으로 제빙 기능이 ON/OFF 됩니다. [시간선택] 버튼으로 예약 ON/OFF 가 가능하며 [시간설정] 버튼으로 예약시간 설정이 가능합니다. 온도계 표시가 발생하는 경우 확인해 주세요. 물이 보충된 상태에서 발생하는 표시로 별도의 제빙 예약 설정이 없다면 자동으로 제빙모드로 변경됩니다. 온도계가 표시되지 않는 경우 물부족 상태로 물을 보충하거나 급수호스를 연결하여 사용하는 경우 중간밸브가 열려있는지 호스의 눌림이나 꺽임은 없는지 확인해 주세요. 얼음가득 표시가 발생하는 경우 확인해 주세요. 얼음이 가득찬 상태에서 발생하는 표시입니다. 눈꽃모양 표시가 발생하는 경우 확인해 주세요. 눈꽃모양이 지속적으로 떠있는 경우 제빙 대기 상태이며 깜빡이는 경우 제빙이 진행되며 발생하는 표시입니다. 얼음낙하오류 표시가 발생하는 경우 확인해 주세요. 제빙된 얼음이 떨어지지 않으면 발생하는 표시로 [시간설정]버튼과 [얼음크기]버튼을 동시에 눌러 수동 낙하시킨 후 얼음낙하패널을 위로 올려 주세요.,,https://static.service.skmagic.com/editor/faq/ckimg/8f4a9fc4b7554baeaf6a45af87102d09.png
제빙기,제빙기에서 이상한 소리가 나요,웅~ 윙~ 소음 냉각 온도를 유지하기 위해 콤프레샤와 팬이 작동하는 소음이 발생됩니다. 제품과 벽면과의 여유공간이 부족한 경우에도 소음은 더 커질 수 있으니 50cm이상 여유공간이 있는지 확인해 주세요. 응축기에 먼지가 많이 쌓여있는 경우에도 소음이 크게 들릴 수 있으니 주기적인 청소를 진행해 주세요. 배수호스가 이물질로 막혀있거나 결빙되어 막힌 경우 지속하여 배수를 진행하기 때문에 소음이 발생하므로 배수호스 상태를 확인해 주세요. 탁~ 툭~ 소음 생성된 얼음이 얼음보관통으로 떨어지는 소음이 발생됩니다. 얼음보관통이 비어있는 상태에서는 더 크게 소리가 들릴 수 있습니다. 쉬~익 물 흐르는 소음 물이 유입되고 배수되면서 물 흐르는 소음이 발생됩니다. 얼음을 만들거나 완성된 얼음을 제빙틀에서 탈빙시키기 위해 물이 공급되는 소음이 발생됩니다. 따다닥~ 소음 얼음을 생성하는 동안 배수펌프가 작동되며 배수펌프 동작 초기에 기동 소음이 발생됩니다. 배수펌프가 있는 모델에 한해 소음이 납니다.,,없음
제빙기,버튼 작동이 안돼요,버튼 터치가 안되거나 버튼을 선택해도 작동이 되지 않는 경우 전원코드 분리 후 10초 뒤 다시 연결하여 확인해 주세요. 동일 증상일 경우 서비스 점검이 필요합니다. 스위치 조작방식의 제품은 [ICE] 또는 [WASH]로 스위치를 선택해도 작동이 전혀되지 않는다면 제품의 전원공급을 확인해 주세요. 콘센트 확인 및 차단기가 내려가있는지 확인합니다.,,https://static.service.skmagic.com/editor/faq/ckimg/47b1a89251864159a4904dcecd101b3c.png
제빙기,제빙기 위치를 변경하고 싶어요,다음 내용을 체크해 주세요 호스선이 짧아 위치 변경이 어려운 경우는 서비스매니저가 방문하여 환경을 확인 후 호스선 연장 작업이 진행되어야합니다. 위치이동 요청시 서비스비용이 발생됩니다.,,없음
제빙기,제빙기 청소는 어떻게 해야하나요 (CIM200 CIM300),내부 청소 방법 적용모델 : CIM200 CIM300 청소 전 전원을 끄고 내부에 남아있는 얼음은 모두 꺼내주세요. ①전면커버 하단에 있는 좌우측 나사를 풀어 주세요. ②좌우측 하단부를 앞으로 당기면서 전면커버를 분리해 주세요. ③식기세척기용 중성세제 30g을 35℃~45℃의 온수 4ℓ에 희석하여 내부 물받이에 넣어주세요. ④스위치를 [세척]으로 선택해서 작동해 주세요. ⑤필요에 따라 급수가 진행되며 순환펌프가 작동과 정지를 반복합니다. 정지가 되어있는 시간 중 물받이 밑 배수마개를 분리하여 물을 배수한 후 다시 조립해 주세요. ⑥청소 종료 후 버튼을 OFF 하였다가 다시 한번 더 [세척] 버튼을 눌러 작동해 주세요. 이때도 물받이 밑 배수마개를 분리하여 물을 배수한 후 다시 조립해 주세요. ⑦필요에 따라 상기과정을 2~3회 반복 실시해 주세요. ⑧청소 종료 후 내부를 음용수로 헹군 다음 첫 가동으로 생성된 얼음은 버리고 2차 생성된 얼음부터 사용해 주세요.,,https://static.service.skmagic.com/editor/faq/ckimg/2d6808500241416facbc8fd1a4b685a0.png|https://static.service.skmagic.com/editor/faq/ckimg/6631549f456746d68998ad75d45e43cb.png|https://static.service.skmagic.com/editor/faq/ckimg/9964f5340ce943fe91e37386da40ddc9.png|https://static.service.skmagic.com/editor/faq/ckimg/22ceaace22d44710b8fad35d551c13e5.png|https://static.service.skmagic.com/editor/faq/ckimg/b90c0ce180414e049d0bd132dd6ebe60.png
제빙기,제빙기에서 냄새가 나요,가스냄새가 발생하는 경우 제빙 상태를 확인해 주세요. 냉각시 필요한 냉매가스로 인하여 일시적으로 냄새가 날 순 있으나 오랜시간 지속되지 않습니다. 제빙이 전혀 되지않고 냄새가 지속하여 발생하는 경우 전원코드선 분리 후 서비스 접수를 진행해 주세요. 제빙은 잘 되나 여러차례 가스냄새가 발생하는 경우 응축기를 청소해 주세요. 모델별 응축기 청소 방법을 확인해 주세요. 적용모델 : SIM015 CIM035HB ①제빙기 도어를 열고 하단 스위치를 OFF상태로 변경해 주세요. ②하단에 위치한 판넬의 양쪽나사 2개를 풀어주세요. ③진공청소기 또는 물티슈 등을 이용하여 응축기 표면에 붙어있는 먼지를 제거해 주세요. ④청소 완료 후 판넬을 다시 끼우고 나사를 조립한 후 스위치를 ICE 상태로 변경해 주세요. 적용모델 : CIM050 CIM100 ①스위치를 OFF상태로 변경해 주세요. ②CIM050QA : 전면 하단에 있는 나사를 풀고 앞 판넬을 분리해 주세요. CIM100QA : 전면부 응축기 필터 고정손잡이를 눌러 필터를 분리해 주세요. ③진공청소기 또는 물티슈 등을 이용하여 응축기 표면에 붙어있는 먼지를 제거해 주세요. ④청소 완료 후 판넬 또는 필터를 다시 조립한 후 스위치를 ICE 상태로 변경해 주세요.,,https://static.service.skmagic.com/editor/faq/ckimg/99189167031d4d63afd7f4449fd74517.png|https://static.service.skmagic.com/editor/faq/ckimg/8b3772b106bb4e268422cb52d6312abc.png|https://static.service.skmagic.com/editor/faq/ckimg/bc93e30da69a43a99034790cf42464e7.png|https://static.service.skmagic.com/editor/faq/ckimg/008f14e1ebaa431490c27d38cf75ebc8.png|https://static.service.skmagic.com/editor/faq/ckimg/927db244059349879952588e9eb78ee6.png|https://static.service.skmagic.com/editor/faq/ckimg/da9f63ac2714463cb66a319f6ff63f44.png
제빙기,본체가 파손됐어요,제품 외관은 자가적으로 분리 및 조립이 불가하므로 외관 파손시 서비스점검이 필요합니다.,,없음
제빙기,제빙기에서 전기가 느껴져요,접지란? 제품에서 누설전류나 이상전류가 발생하였을 경우 대지로 전류를 방전시켜 인체와 제품을 보호하는 역할입니다. 콘센트 연결 홈 양쪽에 튀어나와있는 금속 장치입니다. 가스레인지를 연결한 콘센트가 접지형 콘센트인지 확인해 주세요. 무접지 콘센트에 제품을 연결하여 사용시 제품에서 전기가 느껴질 수 있습니다. 멀티콘센트 사용시에도 접지단자가 있는 멀티콘센트를 사용해 주세요. 콘센트에 접지가 없는 경우는 전기설비전문가에게 별도로 전기공사를 의뢰해야합니다.,,https://static.service.skmagic.com/editor/faq/ckimg/dfb362b568d04fcbb5772c4c7c37f3e0.png
슈퍼아이스,필터 정수과정이 궁금해요 (SIM015B+WPUC400C),WPUC400C 모델과 결합 제품으로 4단계 필터를 통해 정수한 물로 제빙됩니다. 세디먼트 필터를 통하여 오염물질을 제거합니다. 프리 블록카본 복합필터를 통하여 염소성분을 제거합니다. 나노테크 필터를 통하여 일반세균 및 불순물을 제거합니다. 포스트 블록카본 복합필터를 통하여 냄새를 제거합니다.,,https://static.service.skmagic.com/editor/faq/ckimg/0a583c41baa74a1b95b4e90abecb21ef.png
가스오븐,스파크 소리가 안나고 전체 화구 점화가 안돼요,전원코드 타입의 제품은 콘센트 확인이 필요합니다. 벽면콘센트에 제품의 전원코드가 정상적으로 잘 꽂혀있는지 확인해 주세요. 제품 전원코드가 연결된 콘센트에 다른 가전제품를 연결하여 전원이 들어오는지 확인해 주세요. (콘센트 이상 여부 확인) 멀티콘센트 사용시 멀티콘센트의 불량일 수 있으니 멀티콘센트를 교체하여 확인해 주세요. 누전차단기가 내려가 있는지 확인해 주세요. 빌트인 설치 제품은 콘센트 위치 확인이 어려울 수 있습니다. 차단기가 내려가 있는지를 확인해 주세요. 건전지 타입의 제품은 건전지 교체가 필요합니다.(일부 모델에 한함) 새 건전지 구매 후 [+-]극 위치를 잘 확인하여 장착해 주세요. 건전지로 새로 구매하여 교체해 주세요.,,https://static.service.skmagic.com/editor/faq/ckimg/f410d2332dcf4413b715645127ec5de5.png
가스오븐,오븐 점화가 안돼요/오븐 불이 붙었다가 꺼져요,오븐 점화 스위치를 누르면서 돌리면 스파크음이 발생되면서 오븐버너에 점화가 됩니다. 따따따 스파크음이 나고 불이 붙었는데 손잡이를 놓으면 꺼지나요? 불이 붙은 경우라도 손잡이에서 바로 손을 떼지 않고 수초간 누른 뒤 손을 떼어 점화 유지 상태를 확인해 주세요. 스파크 소리가 나지 않거나 불꽃이 점화 후 바로 꺼지나요? 가스오븐 및 그릴 버너 오븐버너에 전체 스파크 소리가 나지 않는다면 콘센트와 차단기 확인 및 건전지를 교체하여 확인해 주세요. 가스오븐 및 그릴 버너 오븐버너에 전체 스파크 소리는 나지만 점화가 되지 않는다면 가스 공급이 정상적으로 되고 있는지 확인해 주세요. 오븐버너가 점화된 후 즉시 꺼지거나 점화 후에도 유지되지 않는다면 서비스 점검이 필요합니다.,,없음
가스오븐,스파크 소리는 나는데 일부 특정 화구가 점화가 안돼요,노즐이 막혀있거나 부속품의 오조립 및 습기 이물질이 묻어있는 경우 점화가 안될 수 있습니다. 노즐 청소를 해주세요. 가스가 분출되는 노즐이 이물질로 막혀있을 경우 점화가 정상적으로 되지 않습니다. 바늘을 이용하여 노즐구멍에 막힌 이물질을 제거해 주세요. (청소시 드릴날 사용금지) 안심센서가 있는 화구에서만 노즐청소가 가능합니다. 부속품의 조립 및 변형 상태 확인해 주세요. 버너캡과 버너헤드가 한쪽이 들떠있거나 정상적으로 조립 되어있지 않으면 점화가 안될 수 있으니 올바르게 장착하여 조립해 주세요. 버너캡과 버너헤드가 오조립되어 지속 사용시 부속품의 변형 및 부식이 발생되어 점화가 안될 수 있습니다. 변형 및 부식된 소모품을 교체하여 확인해 주세요. 부속품을 청소해 주세요. 열감지봉 점화플러그 버너헤드 버너캡을 물기가 없는 부드러운 솔이나 칫솔을 사용하여 이물질을 제거해 주세요. 물 넘침 또는 습기 발생시 헤어드라이기 찬바람으로 완전히 건조를 해주세요.,,https://static.service.skmagic.com/editor/faq/ckimg/f5c04a1555064302a2bdd3c745a69c7b.png|https://static.service.skmagic.com/editor/faq/ckimg/aac227bcd31f4d898ac3e34fed05cd38.png
가스오븐,점화 후 점화손잡이에서 손을 놓으면 불이 꺼져요,가스 화구 사용 시 점화 손잡이에서 손을 놓았을 때 불이 꺼진다면 아래 내용을 확인해 주세요. 화구 부속품에 변형이 있을 경우 점화 후 불꽃 유지가 되지 않는 증상이 나타날 수 있습니다. 화구 상태를 확인 한 뒤 청소해 주세요. 중성 세제를 넣은 물에 버너캡 스프레더를 넣어 20분 가량 불려주세요. 물기가 없는 부드러운 솔 또는 칫솔을 사용하여 이물질을 제거한 뒤 완전히 건조시켜 주세요. 열 감지봉 청소 방법을 확인해 주세요. 마른 칫솔을 이용하여 이물질을 제거해 주세요.,,https://static.service.skmagic.com/editor/faq/ckimg/749baacfd3b04fbbb5b1d3d0880ce7fd.png|https://static.service.skmagic.com/editor/faq/ckimg/ad5f839acb7f40e8b439bde3e00e1dcb.png|https://static.service.skmagic.com/editor/faq/ckimg/f4745ed1886247a09b315cb64b6756f5.png
가스오븐,버너캡 버너헤드가 변형됐어요 교체가 필요해요,버너캡과 버너헤드의 상태를 확인해 주세요. 버너캡 버너헤드가 변형되면 불꽃 이상 및 점화불량의 원인이 되어 부속품 교체가 필요합니다. 버너캡 버너헤드가 들떠있거나 정상적으로 조립되어있지 않은 상태에서 사용시 변형의 원인이 될 수 있습니다. 오염이 된 상태에서 세척없이 지속적으로 사용시 변형의 원인이 될 수 있습니다. 모델에 따라 종류가 다양하므로 구매시 정확한 모델명 확인이 필요합니다.,,https://static.service.skmagic.com/editor/faq/ckimg/8cf78ae4aaef436cbb2dac156e025e83.png
가스오븐,'따따따' 스파크 소리가 멈추지 않고 계속 나요,미사용시에도 '따따따' 스파크 소리가 지속하여 발생한다면 확인해 주세요. 습도가 높은 장마철이나 물청소 또는 음식물이 넘쳐 스파크 발생 부품에 습기가 있는 경우 발생하는 현상입니다. 스파크 발생시에도 제품 사용은 가능하며 안전상에 문제는 없습니다만 소음이 불편하므로 전기코드 또는 건전지를 분리해 주세요. 손잡이 분리 후 본체의 제품 내부를 건조하여 해결될 수 있습니다. 손잡이 주변 제품 내부 건조 방법을 확인해 주세요. ①가스 중간밸브를 잠금 후 제품의 전기코드를 분리해 주세요. (건전지 장착 모델은 건전지를 분리해 주세요.) ②물청소 또는 음식물이 넘친 경우 제품에 보이는 물기는 닦아내주시고 버너캡과 버너헤드는 분리하여 충분히 건조해 주세요. ③점화손잡이를 분리하고 본체의 손잡이 고정 쇠막대기의 틈새를 헤어드라이기 찬바람으로 5분~10분정도 건조해 주세요. ④전기코드 및 건전지 재조립 후 소리가 나는지 확인해 주세요. 건조 후에도 동일하게 스파크 소리가 발생된다면 서비스 점검이 필요합니다.,,https://static.service.skmagic.com/editor/faq/ckimg/104334a2db1d45f49f458f46f250ee9d.png
가스오븐,그릴 점화가 안돼요,점화손잡이를 돌려 그릴버너에 불이 붙으면 2~3초간 그대로 점화손잡이를 눌러 점화를 유지시켜 주세요. 가스오븐 및 오븐 버너는 정상적으로 점화가 되지만 그릴버너는 점화가 유지되지 않거나 점화가 된 후 바로 자동소화가 되는 증상이 나타난다면 서비스 점검이 필요합니다. 가스오븐 및 오븐 버너 그릴 버너에 전체 스파크 소리가 나지 않는다면 콘센트와 차단기 확인 및 건전지를 교체하여 확인해 주세요. 가스오븐 및 오븐 버너 그릴 버너에 전체 스파크 소리는 나지만 점화가 되지 않는다면 가스 공급이 정상적으로 되고 있는지 확인해 주세요.,,없음
가스오븐,여러번 손잡이를 돌려야 점화가 돼요/점화가 잘 안되는 경우가 많아요,건전지 교체시기가 도래되었거나 부속품이 이물질로 오염된 경우 및 정상적으로 조립이 되어있지 않은 경우 점화가 잘 안되는 증상이 발생할 수 있습니다. 부속품의 조립 상태 확인 및 청소를 해주세요. 버너캡과 버너헤드가 한쪽이 들떠있거나 정상적으로 조립 되어있지 않으면 점화가 잘 안될 수 있으니 올바르게 장착하여 조립해 주세요. 열감지봉 점화플러그 버너헤드 버너캡을 물기가 없는 부드러운 솔이나 칫솔을 사용하여 이물질을 제거해 주세요. 점화 방법을 확인해 주세요. 점화 손잡이를 반드시 `소화` 위치에 놓은 상태에서 점화 손잡이를 누르면서 돌려 점화를 해주세요. 장기간 외출이후 가스오븐을 사용한다면 가스배관에 공기가 차있어서 점화가 오래 걸릴 수 있으니 4~5번 점화 시도를 해주세요. 건전지를 교체해 주세요. 건전지 장착 모델에 한해 새건전지를 구매하여 교체해주세요.,,https://static.service.skmagic.com/editor/faq/ckimg/512bf6ca511e417aa95683807b40f5c6.png
가스오븐,점화손잡이가 안돌아가요/점화손잡이가 헛돌아가요,점화손잡이는 앞으로 (프리스탠딩 모델) 또는 위로 (빌트인모델) 잡아당기면 손쉽게 분리를 할 수 있습니다. 점화손잡이가 돌아가지 않거나 헛돈다면 정상적으로 작동되는 화구의 점화손잡이로 교체하여 작동여부를 확인해 주세요. 정상적으로 작동이 된다면 점화손잡이 부품만 구매하시어 교체를 해주시면 됩니다. 다른 정상작동 화구의 점화손잡이로 교체해도 동일한 증상이라면 점화손잡이 내부 부품의 문제로 서비스 점검이 필요합니다.,,없음
가스오븐,가스레인지 화력이 약해요,모든 화구의 화력이 약한가요? 각 화구를 하나씩 점화하였을 때와 다른 화구와 동시에 점화하였을 때와 화력이 같다면 정상입니다. 단 전체 화구의 화력이 기존과 확연히 달라진 경우 전문가의 점검이 필요합니다. 일부 화구만 화력이 약해진 경우 해당 화구의 점검 및 청소가 필요합니다. 한개의 화구만 사용할때 보다 여러 화구를 함께 사용하는 경우 모든 화구의 화력이 줄어드나요? 가스호스선이 눌려있거나 꼬여있는 경우 가스공급이 정상적으로 되지 않을 수 있으므로 호스 상태를 확인해 주세요. 프로판가스(LPG)의 경우 가스 잔량과 압력계를 반드시 확인해 주세요. 가스 공급의 문제일 수 있으므로 가스업체의 점검을 권장합니다. 제품 설치 후 처음 사용하거나 장시간 미사용 후 사용하셨나요? 가스 배관에 차있는 공기를 빼주어야 가스가 정상적으로 공급될 수 있습니다. 가스호스 중간밸브를 4~5회이상 열었다 닫았다 반복해 주세요. 특정 화구의 불이 반만 붙거나 화력이 약한가요? 해당 화구의 버너캡 스프레더에 변형이 발생한 경우 부품 교체가 필요합니다. 해당 화구의 버너캡 스프레더가 정상인 경우 노즐(가스분출구) 청소 후 알맞게 조립하여 확인해 주세요. 노즐(가스분출구) 청소 방법을 확인해 주세요. ①가스중간밸브를 잠그고 삼발이와 버너캡을 분리해 주세요. ②버너헤드를 분리해 주세요. ③바늘을 이용하여 막혀있는 노즐의 이물질을 제거해 주세요.,,https://static.service.skmagic.com/editor/faq/ckimg/ea411d8e716b4fa2a00758d66e797d3b.png
가스오븐,스파크 소리는 나는데 전체화구가 점화가 안돼요,점화시 가스 냄새가 나는지 먼저 확인이 필요합니다. 가스오븐 중간밸브 및 가스차단기가 열려있는지 확인해 주세요. 가스오븐을 오랜만에 사용한다면 가스호스에 공기가 차있어 점화가 늦게 될 수 있으니 4~5번 점화 시도를 해주세요. 가스호스가 눌려있거나 꺾여있는 부분은 없는지 확인해 주세요. 가스냄새가 나지 않는다면 가스 공급의 문제로 가스회사로 먼저 점검받으셔야 합니다. 부속품의 조립 상태 확인이 필요합니다. 버너캡과 버너헤드가 기울어지거나 오조립 되어있으면 점화가 안될 수 있으니 올바르게 장착하여 조립해 주세요. 열감지봉 점화플러그 버너헤드 버너캡 청소가 필요합니다. 물 넘침 또는 습기 발생시 헤어드라이기 찬바람으로 완전히 건조를 해주세요. 이물질은 물기가 없는 부드러운 솔이나 칫솔을 사용하여 제거해 주세요.,,https://static.service.skmagic.com/editor/faq/ckimg/6ca0d2275fd448138c452ec76639ceb0.png|https://static.service.skmagic.com/editor/faq/ckimg/ffe616106d394081a510ec789bed5b09.png
가스오븐,제품에서 부저음이 발생해요,조리 중 [삐~삐~삐~] 부저음이 발생되는지 확인해 주세요. 과열 방지 안심센서의 작동으로 용기 과열이 감지되어 자동소화가 되면서 발생하는 부저음입니다. 과열로 인해 불이 꺼진 경우 용기를 충분히 식힌 후 재 사용해 주세요. 조리용기의 밑바닥이 평평한지 적합한 용기를 사용했는지 확인해 주세요. 잠금 설정이 되어있는지 확인해 주세요. 잠금 기능 설정시 부저음 발생과 함께 [CH-L] 표시가 됩니다. 버튼을 누를때 마다 부저음이 발생되며 작동이 안되는 경우 잠금 기능을 해제해 주세요. [취소/잠금] 버튼을 3초 이상 길게 누르면 잠금기능이 설정/해제 됩니다. 예열 및 조리 완료시 부저음이 발생되는지 확인해 주세요. 예열이 완료되었을 경우 설정된 조리시간이 종료된 경우 부저음이 4회 울립니다. 예열이 완료된 경우 조리물을 넣고 작동해주세요. 에러가 발생되었는지 확인해 주세요. 기능이상의 에러 발생시 부저음이 발생되며 에러코드가 표시됩니다. 에러코드를 확인하여 자가 조치 및 서비스 점검을 신청해 주세요. 가스오븐 에러가 궁금하다면?,,없음
가스오븐,가스오븐 전원이 안들어와요 (콘센트 연결 제품),가스오븐 전원코드가 연결된 콘센트를 확인해 주세요. 벽면콘센트에 제품의 전원코드가 정상적으로 잘 꽂혀있는지 확인해 주세요. 제품 전원코드가 연결된 콘센트에 다른 가전제품를 연결하여 전원이 들어오는지 확인해 주세요. (콘센트 이상 여부 확인) 멀티콘센트 사용시 멀티콘센트 노후화 및 불량으로 전원공급이 안될 수 있으니 멀티콘센트를 교체하여 확인해 주세요. 빌트인 가스오븐의 경우 콘센트가 매립되어있어 확인이 어려울 수 있습니다. 차단기가 내려가 있는지 확인해 주세요. 가스오븐 설치 장소의 누전 차단기가 내려가 있는지 확인해 주세요.,,없음
가스오븐,스파크 소리가 안나고 일부 특정 화구 점화가 안돼요,건전지를 교체해 주세요. (건전지 적용 모델에 한함) 건전지 교체시기가 되면 스파크 소리가 약해지거나 스파크가 발생하지 않습니다. 새 건전지 구매 후 [+-]극 위치를 잘 확인하여 장착해주세요. 점화플러그를 청소해 주세요. 점화플러그에 이물질이 묻어있는 경우 스파크가 발생되지 않으니 마른 칫솔을 이용하여 이물질을 제거해 주세요.,,https://static.service.skmagic.com/editor/faq/ckimg/1961ec2653da484992bd897530953c08.png
가스오븐,오븐 도어/도어 핸들이 파손됐어요,오븐 도어의 파손 및 불량은 서비스 점검이 필요합니다. 오븐 도어가 닫히지 않는 경우 오븐 도어 패킹의 훼손 및 빠진 경우 오븐 도어 손잡이가 파손된 경우 오븐 도어 유리가 파손된 경우,,없음
가스오븐,점화손잡이가 파손됐어요,점화손잡이 교체 방법입니다. ①점화손잡이를 잡고 누름 방향의 반대방향으로 당기면 분리가 됩니다. ②교체할 점화손잡이의 홈부분과 점화손잡이 연결부분의 위치가 맞도록 조립해 주세요. ③점화손잡이 조립 완료 후 점화가 정상적으로 되는지 확인해 주세요. 점화손잡이 부품의 파손이 아닌 본체 점화손잡이 연결부분의 파손 및 불량은 서비스 점검이 필요합니다.,,https://static.service.skmagic.com/editor/faq/ckimg/a2d32777a4be49b983003da486c9641d.png
가스오븐,가스레인지 점화시 붉은 불꽃 또는 노란 불꽃이 나와요 (적염/황염),점화시 불꽃이 붉거나 노란색인가요? 붉은색의 적염이 발생하여도 제품을 사용하는데에는 문제가 없으나 냄비가 그을리는 경우 아래 방법으로 조치가 필요합니다. 노란색의 황염 발생하는 경우 아래 방법으로 조치가 필요합니다. 적염 황염은 일시적인 증상으로 시간이 지나면 사라지지만 조치 후 또는 오랜시간 증상이 발생하는 경우 서비스 점검이 필요합니다. 점화시 불꽃이 붉은경우(적염) 확인해 주세요. 장마철이나 추운 겨울 지하실 등 습도가 높은 환경에서 사용하는 경우 적염이 발생할 수 있으므로 적합한 환경에서 사용해 주세요. 가습기를 사용할 경우 주변 습도가 높아져 적염 현상이 발생될 수 있으므로 가습기 사용을 중단하고 환기 후에 사용해 주세요. 밀폐된 공간에 환기없이 사용하는 경우 산소가 부족하여 적염 현상이 발생될 수 있으므로 환기 후에 사용해 주세요. 버너캡 버너헤드 등 불꽃이 닿는 부품에 음식물찌꺼기나 이물이 묻어있을 경우 이물이 타면서 그을음 및 적염이 발생될 수 있으므로 청소 후 사용해 주세요. 점화시 불꽃이 노란경우(황염) 확인해 주세요. 가스레인지는 도시가스(LNG) 프로판가스(LPG)으로 구분되어 있습니다. 제품에 알맞는 가스 종류로 설치되었는지 확인해 주세요. 이사 등으로 인해 설치해야하는 가스의 종류가 변경되었다면 (LPG LNG 또는 LNG LPG) 가스레인지의 부품 교체가 필요하므로 서비스 접수를 해주세요. 버너캡 버너헤드 등 불꽃이 닿는 부품에 음식물찌꺼기나 이물이 묻어있을 경우 이물이 타면서 그을음 및 황염이 발생될 수 있으므로 청소 후 사용해 주세요.,,https://static.service.skmagic.com/editor/faq/ckimg/0d36926a4aeb4fff8d5d642040f5ecee.png
가스오븐,사용가스가 변경되었어요,도시가스(LNG)전용 제품 사용 시 프로판가스가스통(LPG)로 연결하여 사용하려면 필히 도시가스(LNG) 전용 제품의 부품을 프로판가스가스통(LPG)용으로 교체 후 사용해야 합니다. 프로판가스(LPG)전용 제품 사용 시 도시가스(LNG)로 연결하여 사용하려면 필히 프로판가스가스통(LPG) 전용 제품의 부품을 도시가스(LNG)용으로 교체 후 사용해야 합니다. 부품 교체없이 가스만 연결하여 사용할 수 없나요? 적합하지 않은 가스 사용시 화력이 너무 약하거나 화력이 너무 강하거나 냄비의 그을음 점화시 불완전 연소가 발생합니다. 설치하려는 장소에 가스가 연결된 상태에서 서비스 접수가 필요하며 가스 연결은 지역의 가스 공급 업체로 연락해 주세요. 센터 내방 수리 및 부품 구매는 불가합니다.,,없음
가스오븐,가스오븐레인지 이동/분리/설치는 어떻게 하나요,자가 분리 또는 자가 설치시 상판 테두리의 날카로운 부분에 찰과상을 입을 수 있으니 필히 코팅장갑을 착용해주세요. 가스오븐레인지 분리가 필요한 경우 확인해 주세요. 제품 분리을 위해서는 가스호스와 전원코드선을 분리해야 합니다. 가스호스선 분리작업은 안전을 위해 전문가의 서비스가 필요하므로 반드시 가스업체로 의뢰해 주세요. 가스레인지와 오븐이 분리되어있는 빌트인 형태 제품의 분리작업은 안전을 위해 전문가의 서비스가 필요하므로 반드시 서비스 접수를 진행해 주세요. 가스오븐레인지 설치가 필요한 경우 확인해 주세요. 제품 설치를 위해서는 전원코드선 연결이 가능하며 수평이 맞는곳에 설치해 주세요. 프리스탠딩 가스레인지를 설치하는 경우 제품의 다리 4개가 모두 바닥에 닿도록 설치해 주세요. 가스레인지와 오븐이 분리되어있는 빌트인 형태 제품의 설치작업은 안전을 위해 전문가의 서비스가 필요하므로 반드시 서비스 접수를 진행해 주세요. 가스호스선 연결작업은 안전을 위해 전문가의 서비스가 필요하므로 반드시 가스업체로 의뢰해 주세요. 가스레인지와 오븐이 분리되어있는 빌트인 형태 제품 설치시 타공이 불가하거나 타공사이즈가 작거나 큰가요? 싱크대 타공이 전혀 되어있지 않거나 타공사이즈가 크거나 작은 경우 싱크대 전문업체로 문의하여 상판을 가공해 주세요. 싱크대 타공사이즈가 작은 경우 자사 서비스 접수는 가능하나 별도의 비용이 발생하며 인조대리석이 아닌 천연대리석은 확대 타공이 불가합니다. 제품 이동은 직접 해주셔야하며 분리 비용과 재설치 비용은 각각 발생됩니다.,,https://static.service.skmagic.com/editor/faq/ckimg/48c70b82b8db42d58d798d1adfc31183.png
가스오븐,버튼 작동이 안돼요,잠금 설정이 되어있다면 확인 후 잠금을 해제 해주세요. [취소/잠금] 버튼을 3초 이상 길게 누르면 잠금 기능 ON/OFF 설정이 가능합니다. 잠금기능은 [취소/잠금] 버튼이 있는 모델에 한해 설정할 수 있습니다. 잠금 기능 설정시 [CH-L] 문구가 표시됩니다. 잠금 설정 해제 후 버튼 터치 불량 오작동 특정버튼 작동 불량시에는 서비스 점검이 필요합니다.,,https://static.service.skmagic.com/editor/faq/ckimg/0a7e418550c040468ef21237f3651b00.png
가스오븐,가스오븐에서 이상한 소음이 나요,가스오븐 사용시 발생하는 소음은 여러 원인이 있을 수 있습니다. 부저음 상판 열팽창에 의한 소음 부속품의 변형 및 오조립으로 인한 소음 외에 이상 소음 발생시에는 추가 상담 및 점검이 필요합니다.,,없음
가스오븐,가스오븐레인지 청소 방법이 궁금해요,조리 중 음식물 넘침 음식물 찌꺼기 기름때로 인해 상판과 내부 및 부속품이 오염되고 점화불량의 원인이 될 수 있으므로 주기적인 청소가 필요합니다. 다음 내용을 확인해 주세요 부속품 청소 방법을 확인해 주세요. ①제품이 식은 후 버너캡과 버너헤드는 분리하여 부드러운 솔을 이용하여 이물질을 제거해 주세요. ②이물질이 제거되지 않으면 따뜻한 물에 중성세제를 희석하여 20분정도 담근 후 부드러운 수세미를 이용하여 이물제거 후 깨끗한 물에 세척해 주세요. ③세척한 부속품은 건조한 후 재조립하여 사용해 주세요. 오염시 심한 부속품의 경우 부품 교체를 권장드립니다. 상판 청소 방법을 확인해 주세요. ①상판이 식은 후 먼저 상판 표면에 붙어있는 고형의 찌꺼기들을 제거해 주세요. ②중성세제를 상판에 2~3방울 떨어뜨린 후 부드러운 수세미를 따뜻한 물에 적셔 물기를 적당히 제거한 후 상판의 남은 이물질을 닦아 주세요. 스테인레스 상판은 [스테인레스 전용세제] 및 [찌든때 전용세제]와 매직폼을 이용하여 청소해 주세요. ③깨끗한 종이타올이나 부드러운 행주로 상판에 남아있는 세제를 말끔히 닦아주세요. 오븐과 그릴 조리실 내부 청소 방법을 확인해 주세요. ① 이물질이나 음식물찌꺼기가 내부에 붙어있을 경우 내부 부속품을 모두 꺼내고 아무것도 넣지 않은 상태로 15분동안 가장 높은 온도로 설정하여 작동해주세요. ② 이물질이 타서 떨어지거나 없어지면 조리실 내부가 충분히 식은 후 떨어진 이물질을 닦아내 주세요. 오븐용기/구이팬 청소 방법을 확인해 주세요. ①제품이 식은 후 오븐용기와 구이팬의 기름을 키친타올로 닦은 후 중성세제를 묻힌 부드러운 수세미로 이물질을 제거해 주세요. ②이물질이 제거되지 않으면 따뜻한 물에 중성세제를 희석하여 20분정도 담근 후 부드러운 수세미를 이용하여 이물제거 후 깨끗한 물에 세척해 주세요. ③세척한 부속품은 건조한 후 재조립하여 사용해 주세요. 금속성 수세미는 사용하지 마세요. 소모성 부품인 버너캡과 버너헤드의 경우 일정시간 사용 후에는 청소성이 떨어질 수 있습니다.,,https://static.service.skmagic.com/editor/faq/ckimg/8f7136f38a0b48029cba9e683f4a5ac5.png
가스오븐,오븐 램프에 불이 안들어와요,오븐 내부 램프는 도어를 열었을때 또는 조리시 조리 상태를 확인하기 위해 조작부의 [램프 스위치] 버튼을 누를때 램프가 점등됩니다. [램프 스위치] 버튼의 유무는 모델에 따라 상이하며 내부 램프는 내부 구조상 자가적으로 교체가 불가능합니다. 램프가 점등되지 않는다면 서비스 점검이 필요합니다.,,없음
가스오븐,삼발이(용기받침대)가 파손됐어요,삼발이(용기받침대) 파손시 안전을 위해 꼭 교체하여 사용해 주셔야합니다. 모델에 따라 종류가 다양하므로 구매시 정확한 모델명 확인이 필요합니다.,,없음
가스오븐,Er-4표시가 떠요,[Er-4] 문구는 오븐 작동시 오븐버너에 불이 붙지 않아 발생하는 에러 표시입니다. 가스 공급이 정상적으로 되고 있는지 확인 후 재점화를 시도해 주세요. 에러코드는 전자식 모델에 한해 표시됩니다.,,https://static.service.skmagic.com/editor/faq/ckimg/3aee3a22f6f94dfd9fdde65af44a5d96.png
가스오븐,점화시 특정 화구에 화력이 약하거나 불꽃이 균일하지 못하고 흔들려요,노즐(가스분출구) 버너캡 버너헤드에 이물질이 묻어있는 경우 화력이 약하거나 불꽃이 비정상적인 형태로 점화될 수 있습니다. 노즐(가스분출구) 청소를 해주세요. 노즐은 가스가 분출되는 구멍으로 노즐이 이물질로 막혀있으면 가스가 제대로 공급되지 않아 점화불량 및 화력에 영향을 미칩니다. 노즐 청소는 안심센서 적용 모델에만 해당됩니다. 노즐 청소방법 ①가스중간밸브를 잠그고 삼발이와 버너캡을 분리해 주세요. ②버너헤드를 분리해 주세요. ③바늘을 이용하여 막혀있는 노즐의 이물질을 제거해 주세요. 버너캡 버너헤드를 청소해 주세요. 불꽃이 불균형하게 점화가 되거나 불꽃이 불안정한 경우 버너캡과 버너헤드의 청소가 필요합니다. 버너캡과 버너헤드는 미지근한 물에 20분~30분정도 담근 후 부드러운 솔 또는 칫솔을 이용하여 이물질 제거 청소를 해주세요. 버너캡 버너헤드의 변형 및 조립 상태를 확인해 주세요. 버너캡 버너헤드의 오조립으로 인해 변형이 되면 불꽃 상태 이상 및 점화불량의 원인이 됩니다. 부속품들이 올바르게 장착되어있는지 변형된 부분은 없는지 확인해 주세요.,,https://static.service.skmagic.com/editor/faq/ckimg/d265f99a051747f8a0655f636dfbd5ac.png
가스오븐,상판이 파손됐어요,상판의 파손 찌그러짐 흠집이 발생한 경우는 서비스 점검이 필요합니다.,,없음
가스오븐,조리 중 갑자기 불이 꺼졌어요,과열방지 안심센서 적용 제품은 조리 중 용기 바닥의 온도가 일정 온도 이상 감지되면 부저음이 발생되며 자동소화가 됩니다. '삐~삐~삐~' 부저음 발생 후 불이 꺼진 경우 (안심센서 적용 모델 해당) `삐~' 부저음이 길게 3회 울리는 경우 안심센서의 작동으로 가스가 차단되어 불이 꺼지는 현상입니다. 직화냄비 밑바닥이 평편하지 않은 용기 용기 바닥이 센서와 닿지 않는 경우와 냄비없이 직화구이로 조리하는 경우 또는 고온이 필요한 볶음/생선요리를 오랜시간하는 경우는 용기 바닥의 과열로 조리 중 불이 꺼질 수 있습니다. 과열방지 안심센서 작동으로 불이 꺼진 경우는 적합한 용기를 사용했는지 확인이 필요하며 식힌 후 재작동을 해주세요. '삐~삐~삐~' 부저음 없이 불이 꺼진 경우 외부 환경적인 요인으로 바람이 많이 부는 경우 조리 중 음식물이 넘친 경우로 인해 조리 중 자동소화가 되는 경우가 있습니다. 그외 조리 중 불이 꺼지는 경우는 서비스 점검이 필요합니다.,,없음
가스오븐,과열방지 안심센서 기능이 무엇인가요/사용 방법이 궁금해요,과열방지 안심센서란? 화구 중앙에 장착된 센서가 용기 바닥의 온도를 감지하여 용기 바닥이 과열되면 가스 공급을 차단시켜 화재 사고를 방지하는 기능입니다. 과열방지 안전장치 장착을 의무화하는 안전규제 강화 규정이 전격 시행되면서 2014년 1월부터 출시되는 모든 가정용 가스레인지 전체 화구에 과열방지안전장치가 부착되어 생산되고 있습니다. 과열방지 안심센서가 장착된 가스레인지 사용 방법을 확인해 주세요. 과열방지 안심센서가 작동되어 자동소화가 될 경우에는 `삐삐삐` 알림이 3회 울립니다. 점화손잡이를 `소화` 위치로 돌린 후 용기를 충분히 식힌 후 재 작동해주시거나 또는 다른 화구를 사용해 주세요. 구이처럼 기름이나 수분없이 조리하는 볶음요리는 조리 중 과열방지 센서가 고온을 감지하여 자동소화가 될 수 있습니다. 오징어 쥐포처럼 조리용기 없이 점화를 하거나 조리물 없이 비어있는 상태로 용기를 가열하면 일정시간 후 자동소화될 수 있습니다. 조리용기를 조리 중 들거나 심하게 움직이며 조리할 경우 자동소화될 수 있습니다. 바닥에 구멍 뚫린 직화냄비 고구마구이 전용 냄비는 센서과열로 인해 자동소화될 수 있습니다. 냄비의 소재 및 재료의 양에 따라 안심센서가 감지하는 온도의 차이가 발생할 수 있습니다. 과열방지 안심센서가 장착된 가스레인지에서 사용 가능한 용기를 확인해 주세요. 조리용기 바닥면은 평평해야하며 바닥면의 중심이 안심센서의 중앙에 오도록 위치를 맞춰서 올려주세요. 조리용기의 무게는 조리 내용물의 무게를 포함하여 최소 300g 이상은 되어야 합니다.,,https://static.service.skmagic.com/editor/faq/ckimg/749e56726073452e9b2c6188f78d9b96.png|https://static.service.skmagic.com/editor/faq/ckimg/34857a6113254ebeba826680136541a9.png|https://static.service.skmagic.com/editor/faq/ckimg/dd47d850d27e4e9f852f5150b7787602.png|https://static.service.skmagic.com/editor/faq/ckimg/35481e7cbb8b4a9689565eba98675336.png
가스오븐,점화플러그가 금이 갔어요 파손됐어요,점화시 스파크가 발생하는 점화프러그에 금이 가 있거나 파손된 경우는 스파크 미발생 또는 다른 방향으로 스파크가 발생되어 점화불량의 원인이 됩니다. 해당 증상은 서비스 점검이 필요합니다.,,https://static.service.skmagic.com/editor/faq/ckimg/3fcd73e320d54d8ab0d3a66b5487c0ce.png
가스오븐,화력 조절을 하려면 불이 꺼져요,점화된 상태에서 화력 조절시 자동으로 불이 꺼진다면 내부 부품의 문제로 서비스 점검이 필요합니다.,,없음
가스오븐,차단기가 내려가요 (콘센트 연결 제품),빌트인 가스오븐의 경우 콘센트가 매립되어있어 확인이 어려울 수 있습니다. 전원코드가 연결된 콘센트를 확인해 주세요. 전원코드에 물이 묻어있다면 깨끗이 닦은 후 연결해 주세요. 제품 전원코드가 연결된 콘센트에 다른 가전제품를 연결하여 동일증상이 발생되는지 확인해 주세요. (콘센트 이상 여부 확인) 멀티콘센트 사용시 멀티콘센트의 불량으로 차단기가 내려갈 수 있으니 멀티콘센트를 교체하여 확인해 주세요. 음식물을 넘친 후 차단기가 내려간다면 부속품을 분리하여 청소 후 충분히 건조를 해주세요. 그 이후로도 동일증상 발생시에는 서비스 점검이 필요합니다.,,없음
가스오븐,점화시 점화하는 화구 외 다른 화구에서도 스파크가 발생해요,가스오븐 내부에 있는 스파크를 발생해주는 부품이 전화구에 하나로 연결이 되어있습니다. 점화시 점화하는 화구가 아닌 다른 화구에서도 스파크가 발생되는건 정상적인 작동이며 점화를 하지 않는 화구에는 가스가 공급되지 않으므로 안심하고 사용해주셔도 됩니다.,,없음
가스오븐,가스오븐레인지 사용시 냄새가 나요,불이 붙는 과정에서 일시적으로 가스냄새가 발생하나요? 불을 붙히기 위해 가스가 배출되는 과정에서 일시적으로 가스냄새가 발생할 수 있습니다. 지속적으로 발생하는지 확인해 주세요. 제품 사용 중 가스냄새가 발생하나요? 불이 붙은 후에도 지속적으로 가스냄새가 난다면 환기를 해주시고 가스호스 중간밸브 가스호스 연결부위에 비눗물을 도포하여 가스가 새어나오는지 확인해 주세요. 비눗물에 비눗방울이 생기거나 거품이 일어나면 가스가 새는것으로 가스회사로 연락하시어 점검을 받아주세요. 가스호스나 밸브에는 문제가 없으나 사용시간동안 지속적으로 가스냄새가 난다면 가스밸브를 잠근 후 서비스 점검을 신청해 주세요. 가스레인지 사용중 타는 냄새가 발생하나요? 버너캡 버너헤드 등 소모품에 이물질이 묻어있는 상태로 가열하면 타는 냄새가 발생할 수 있습니다. 버너캡과 버너헤드에 묻어있는 이물질을 부드러운 솔을 이용하여 제거해 주세요. 오븐과 그릴 사용중 타는 냄새가 발생하나요? 새상품 구매 후 초기 사용시 히터 및 내부 부품이 가열되면서 타는 냄새가 날 수 있습니다. 자연적으로 사라지는 냄새로 안심하고 사용해 주시면 됩니다. 기존 사용하던 제품에서는 조리실 내부에 남아있는 음식물 찌꺼기 기름때가 가열되면서 타는 냄새가 날 수 있습니다. 부속품을 모두 꺼내고 내부에 아무것도 없는 상태에서 가장 높은 온도로 5분~10분정도 작동하여 내부 이물질을 태워 제거해 주세요.,,없음
가스오븐,조리 중 '퍽 퍽' 소음이 발생해요,부속품(버너캡 버너헤드)을 확인해 주세요. 버너캡과 버너헤드가 정상적으로 조립되어있지 않으면 분출된 가스가 정상적으로 퍼지지 못하고 한곳으로 몰려나오면서 점화 불량 및 [퍽 퍽] 소음의 원인이 됩니다. 버너캡과 버너헤드가 오조립된 상태에서 사용시 변형이 발생되어 그로인해 [퍽 퍽] [쉬익] 소음이 발생할 수 있습니다.,,없음
가스오븐,Er-2표시가 떠요,[Er-2] 문구는 조리실 내부의 온도가 올라가지 않아 발생되는 에러 표시입니다. 작동 후 10분이내에 조리실 내부가 일정온도까지 도달하지 못할 경우 부저음이 4회 울리고 에러가 표시됩니다. 제품의 전원콘센트를 분리 후 서비스 접수를 해주세요. 에러코드는 전자식 모델에 한해 표시됩니다.,,https://static.service.skmagic.com/editor/faq/ckimg/b3c689b08fe74d8ea1921eb60cece71a.png
가스오븐,빌트인 설치시 싱크대 타공사이즈와 맞지 않으면 어떻게 해야 하나요,빌트인 가스오븐의 경우 싱크대 타공 사이즈가 설치 사이즈와 맞지 않는다면 싱크대 전문 업체로 싱크장 공사를 의뢰해 주셔야 합니다. 싱크장 공사는 당사에서 진행하지 않습니다. 제품 설치가 가능하도록 싱크장을 규격에 맞게 작업한 이후 제품 설치 접수를 신청해 주시면 됩니다.,,없음
가스오븐,Er-1 표시가 떠요,[Er-1] 문구는 조리실 내부의 온도가 과열되어 발생되는 에러 표시입니다. 센서 감지 온도가 약 300℃을 초과하면 부저음이 4회 발생되며 에러가 표시됩니다. 제품 작동을 멈추고 조리실 내부를 충분히 식힌 후 재작동해 주세요. 에러코드는 전자식 모델에 한해 표시됩니다. .냉각 후에도 동일증상일 경우 서비스 접수가 필요합니다.,,https://static.service.skmagic.com/editor/faq/ckimg/35c3bf2b4abb4501976b742ece3528a5.png
가스오븐,가스오븐에 가스 연결이 필요해요.,가스 호스 연결 업체를 확인해 주세요. 도시가스(LNG) 연결이 필요한 경우 사용할 지역의 도시가스 업체로 문의해 주세요. 프로판가스가스통(LPG) 연결이 필요한 경우 사용할 지역의 가스공급 업체로 문의해 주세요. 사용중인 가스의 종류가 변경되었나요? 제품을 사용하던 장소라도 가스의 종류가 변경되거나 새로운 장소에 설치할 때 사용할 가스의 종류가 다른 경우 제품의 부품 교체 및 가스 재연결이 필요합니다. 예를 들어 도시가스(LNG) 전용 제품을 프로판가스(LPG)가 공급되는 장소에서 사용할 경우 SK매직으로 제품의 노즐을 프로판가스(LPG)용으로 교체 요청하셔야 합니다. 가스 연결을 완료한 상태에서 제품의 노즐 교체가 필요하며 가스 연결은 가스업체로 문의하셔야 합니다. 사용하는 가스종류와 제품이 다른 경우 점화가 되지않거나 용기가 그을리고 불완전연소가 발생합니다.,,없음
가스오븐,점화시 불꽃이 반만 나와요,노즐 청소를 해주세요. (안심센서 적용 모델만 해당) 조리시 음식물 넘침으로 인해 노즐(가스분출구)이 이물질로 막혀있으면 가스 공급이 되지 않아 불꽃이 정상적으로 붙지 않습니다. 노즐(가스분출구) 청소 방법 ①가스중간밸브를 잠그고 삼발이와 버너캡을 분리해 주세요. ②버너헤드를 분리해 주세요. ③바늘을 이용하여 막혀있는 노즐의 이물질을 제거해 주세요. 안심센서 미적용 모델은 제품 구조상 노즐청소가 불가합니다.,,https://static.service.skmagic.com/editor/faq/ckimg/e3b20833f0e04c0a8e6d2ad7c3ac4c90.png
가스오븐,오븐이 저절로 작동돼요,버튼 조작없이 저절로 오븐이 점화되거나 작동이 된다면 서비스 점검이 필요합니다.,,없음
가스오븐,과열방지 안심센서가 휘었어요/안심센서가 눌려서 다시 나오지 않아요,과열방지 안심센서가 기울어져 있는 경우 조치 방법을 확인해 주세요. ①가스 중간밸브가 잠긴 상태에서 화구가 충분히 식은 후 버너캡과 버너헤드를 분리해 주세요. ②안심센서를 눌러 들어간 상태에서 가운데로 밀어 조절해 주세요. 조리용기 및 외부적인 충격에 의해 과열방지 안심센서가 휘어지거나 기울어지는 현상이 나타날 수 있습니다. 과열방지 안심센서가 파손되었거나 들어가있는 경우 또는 세워지지 않는 경우 확인해 주세요. 전문가의 점검이 필요합니다.,,https://static.service.skmagic.com/editor/faq/ckimg/07a804192cf1488e93f223b6f444d8c3.png
가스오븐,Er-5표시가 떠요,[Er-5] 문구는 오븐 작동 불량으로 발생하는 에러 표시입니다. 오븐 내부 부품의 문제로 서비스 점검이 필요합니다. 에러코드는 전자식 모델에 한해 표시됩니다.,,https://static.service.skmagic.com/editor/faq/ckimg/67794626894d4882a6c1eb55ce4a2bd6.png
가스오븐,그릴 도어/도어 핸들이 파손됐어요,그릴 도어가 다음과 같은 증상일 경우 서비스 점검이 필요합니다. 그릴 도어가 닫히지 않거나 열고 닫힘이 너무 뻑뻑한 경우 조리시 연기가 도어 밖으로 배출되는 경우 그릴 도어 손잡이가 빠진 경우 그릴 도어 유리가 파손된 경우,,없음
가스오븐,조리물이 탔는데 불이 안꺼져요 과열방지 센서가 작동 안되는것 같아요,과열방지 안심센서는 조리용기의 바닥 온도를 감지하여 일정온도 이상 과열이 되면 자동소화가 되는 기능입니다. 과열방지 센서는 조리를 자동으로 완료해주는 자동요리 기능이 아니므로 조리시 음식물이 탈 수 있습니다. 조리용기 바닥의 온도가 감지온도까지 도달하지 못하면 음식물이 타더라도 자동으로 불이 꺼지지 않을 수 있고 감지온도에 더 빨리 도달되면 음식 조리가 덜 되어도 자동으로 불은 꺼질 수 있습니다. 과열방지 센서가 정상적으로 작동하는지 확인해 보세요. ①바닥이 평평한 냄비에 1/3정도 물을 채워 화구 위에 올려주세요. ②센서가 냄비 바닥에 닿는지 확인해 주세요. ③해당 화구를 점화하여 화력을 [약]으로 조절한 후 2분이상 점화가 유지되는지 확인해 주세요. 2분 이상 점화가 유지된다면 과열방지 센서는 정상 동작하는 상태입니다.,,없음
가스오븐,Er-6 Er-7 표시가 떠요,[Er-6] [Er-7] 문구는 오븐 내 가스밸브 불량으로 발생하는 에러 표시입니다. 부품 교체가 필요한 에러 코드로 서비스 점검이 필요합니다. 에러코드 는 전자식 모델에 한해 표시됩니다.,,없음
가스오븐,Er-3표시가 떠요,[Er-3] 문구는 조리실 내부의 온도가 90℃를 초과한 상태에서 [발효] 또는 [건강살균] 기능을 작동하였을때 발생하는 에러 표시입니다. 조리실 내부의 온도가 90℃ 이상인 상태에서 저온으로 작동되는 메뉴 코스를 선택하여 작동했을때 부저음이 4회 울리고 에러가 표시됩니다. 에러 발생시 취소 버튼을 눌러 에러 모드를 취소하고 조리실 내부를 충분히 식힌 후 재작동해 주세요. 에러코드는 전자식 모델에 한해 표시됩니다.,,https://static.service.skmagic.com/editor/faq/ckimg/47b66f3081a54a10a5233505c42c43ef.png
가스오븐,CH-L 표시가 떠요,부주의한 조작으로 제품이 작동되는것을 방지하기 위해 잠금기능을 설정할 수 있으며 버튼 조작부만 잠금 기능이 설정됩니다. [ 취소/잠금] 버튼을 3초 이상 길게 누르면 잠금 기능을 설정 해제 할 수 있습니다. 에러코드는 전자식 모델에 한해 표시됩니다.,,없음
가스오븐,제품 본체가 파손됐어요,제품 외관의 파손은 서비스 점검이 필요합니다. 제품 외관은 자가적으로 분리 및 조립이 불가합니다.,,없음
가스오븐,가스 오븐 설치시 주의사항은 무엇인가요,가스 오븐 설치시 주의사항 및 설치가 적합한 환경인지 확인이 필요합니다. 다음 내용을 체크해 주세요 환기가 잘되고 화재의 위험이 없는곳에 설치해 주세요. 불완전연소에 의한 일산화탄소 중독의 위험이 있습니다. 제품은 단단하고 평평한곳에 설치해 주세요. 작동시 발생하는 열기가 원활히 순환될 수 있도록 벽면과의 이격거리를 확인해 주세요. 옆 뒷 벽면에서 15cm 이상 윗벽면에서 100cm 이상의 간격을 두고 설치해 주세요. 최소 여유공간이 없다면 별도의 방열판을 붙여 설치해 주세요. 방열판 설치는 사용자가 주방구조에 맞게 구입하여 설치하셔야합니다. [프리스탠딩형] [빌트인형] 습기가 없는곳에 설치해 주세요. 커튼 이불 옷등과 같은 불에 타기 쉬운 물건이 있는 장소는 설치를 피해주세요. 제품 밑면에 인화성 물질이 유입되지 않도록 해주세요. 화재의 위험이 있습니다. 가스호스 및 전원코드 기타 급수/배수호수가 제품의 윗면 밑면 옆면 배기구나 발열부에 닿지 않도록 해주세요. 열기로 인해 호스나 전원코드가 녹아 화재 폭발 질식 누수의 위험이 있을 수 있습니다. TV 라디오 등 전기 가전제품과는 70Ccm 이상의 거리를 유지하여 설치해 주세요. 잡음발생이나 오작동의 원인이 됩니다. 220V 60Hz 전용으로 벽면콘센트에 가스오븐 전원코드만 연결하여 사용해 주세요. 문어발식의 콘센트 연결은 전기이상 발열에 의한 화재나 감전의 위험이 있습니다. 인공심장기 등 신체 내부에 기계적 물질을 소유한 사람이 본 제품을 사용하실 경우에는 전문의와 상담을 하신 후 사용해 주세요. 제품 사용 중 영향을 줄 수 있습니다.,,https://static.service.skmagic.com/editor/faq/ckimg/bd00223aeeb54d3ba37771c22d3838f5.png|https://static.service.skmagic.com/editor/faq/ckimg/91e81480ddb64219b1be8111d4647bfa.png
가스오븐,제품 전원코드가 훼손됐어요,전원코드의 훼손 및 파손은 서비스 점검이 필요합니다. 전원코드선은 제품 내부에 연결된 부품으로 별도로 판매되지 않으며 자가 교체가 어려운 부분으로 서비스접수가 필요합니다.,,없음
가스오븐,가스오븐에서 전기가 느껴져요,제품에서 전기가 느껴지는 경우 접지형 콘센트인지 확인이 필요합니다. 접지는 콘센트에 금속으로 튀어나와 있는 부분이며 누설전류나 이상전류가 발생하였을 경우 대지로 방전하여 인체와 제품 기기를 보호할 수 있는 역할을 합니다. 접지가 되어있지 않은 무접지형 콘센트에 연결하여 사용시 제품에서 전기가 느껴질 수 있음으로 접지형 콘센트인지 확인 후 사용해 주세요. 멀티콘센트 사용시 멀티콘센트에도 접지 단자가 있는지 확인해 주세요. 콘센트에 접지가 없는 경우는 전기설비전문가에게 별도로 전기공사를 의뢰해야합니다.,,https://static.service.skmagic.com/editor/faq/ckimg/9ff7a2d9cbd74bcbbfc6cec207b6e3fa.png
가스오븐,새제품 설치 후 오븐과 그릴은 바로 사용할 수 있나요?,제품 구입 후 처음 사용시 내부의 습기나 냄새를 제거해주기 위해 공연소를 해주세요. 내부 청소시에도 공연소를 해주시면 이물질 제거 및 냄새 제거에 도움이 됩니다. 공연소 중이나 공연소 후에는 제품 내외부가 뜨거우므로 화상에 주의해 주세요. 공연소 작동방법입니다. ①조리실 내부에 있는 부속품(오븐용기 구이석쇠 장갑 간편설명서 등)을 모두 꺼내주세요. ②오븐과 그릴은 가장 높은 온도를 선택하여 15분간 작동해 주세요. ③공연소가 완료되면 도어를 열고 내부 냄새를 빼주세요. 공연소시 히터 및 내부 부품이 가열되면서 타는 냄새와 연기가 발생할 수 있으나 이는 제품 이상이 아니므로 안심하시고 사용해 주세요.,,없음
가스오븐,백가드가 파손됐어요,백가드 파손시 안전한 사용과 교체를 위해 서비스접수가 필요합니다. MAGIC 로고가 기재된 부분이 백가드 입니다,,https://static.service.skmagic.com/editor/faq/ckimg/a3463f27fb7c4d19b046dcc1b0f85dd4.png
가스오븐,과열방지 센서 사용이 불편해요 센서 제거가 가능한가요,과열방지 센서는 화재 및 과열로 인한 안전사고를 예방하기 위해 의무적으로 필히 장착되어 있어야 하는 기능입니다. 과열방지 센서는 제거할 수 없으며 임의적으로 센서 제거 및 제품 개조는 절대 불가합니다.,,없음
가스오븐,과열방지센서로 인해 냄비가 한쪽으로 기울어져요,손잡이 및 무게가 한쪽으로 치우친 용기는 반드시 용기 손잡이를 잡고 사용해 주셔야 합니다. 손잡이 무게로 인해 용기가 넘어져 화상 및 부상을 입을 수 있습니다. 냄비 손잡이 방향을 삼발이(용기받침대) 고정발쪽으로 수평이 맞게 놓고 사용해 주시면 조금 더 안정적으로 사용하실 수 있습니다. 사용 중 냄비의 밑면과 과열방지 센서가 밀착되었는지 확인하고 사용해주셔야 합니다. 한쪽으로 용기가 기울어 들떠있는 상태로는 센서가 정확히 작동하지 않거나 자동소화가 될 수 있습니다.,,없음
가스오븐,제품의 가스호스 연결 부위가 파손됐어요,가스호스와 연결할 수 있도록 제품에 부착되어있는 [호스앤드] 부품의 문제는 서비스 점검이 필요합니다. 가스호스와 가스호스 고정링은 가스업체 및 전문점 설치시 별도 구입 부품이며 SK매직에는 판매하지 않습니다. 가스호스 연결은 가스회사로 요청해 주세요.,,https://static.service.skmagic.com/editor/faq/ckimg/fb9601d4112248f886317a1b9800a8c4.png
가스오븐,조리 후 냄비에 그을음이 생겨요,도시가스(LNG) 전용 제품을 프로판가스가스통(LPG)에 연결하여 사용하는 경우 화력이 커지고 그을음이 발생됩니다. 이사 후 그을음이 발생해요. 이사로 인해 가스 종류가 변경되었다면(LPG LNG 또는 LNG LPG) 부품 교체가 필요합니다. 부품 교체를 하지 않고 도시가스(LNG)용 제품을 프로판가스가스통(LPG)에 연결하여 사용할 경우 불꽃 세기가 크고 그을음의 원인이 됩니다. 조리시 음식물이 넘친이후 그을음이 발생해요. 음식물 넘침으로 인해 버너캡 버너헤드에 음식물 찌꺼기가 묻어있는 경우 이물질이 타면서 그을음이 발생됩니다. 부드러운 솔 또는 칫솔을 이용하여 이물질을 제거해 주세요.,,없음
가스오븐,해외에서 가스오븐 사용이 가능한가요,국내전용 제품으로 해외에서는 사용이 불가합니다. 각 나라별 가스의 특성 및 압력이 달라 제품의 고장 및 안전사고의 발생 원인이 될 수 있습니다. 국내 220V 60HZ 전압과 주파수가 맞지 않을 경우 제품의 오작동이 발생할 수 있습니다. 해외에서 사용 중 제품의 문제 발생시 AS 및 처리가 불가합니다.,,없음
레인지후드,흡입이 안돼요,레인지후드는 조리시 발생하는 연기 및 유증기와 냄새를 흡입하여 배기관을 통해 배출을 시킵니다. 이때 배관의 사이즈 및 배기관의 구조 형태 등 설치 환경의 요인으로 인해 흡입 성능의 차이가 발생할 수 있습니다. 다음 내용을 확인해 주세요 레인지후드 흡입력 테스트로 흡입력을 확인해 주세요 레인지후드 흡입력 테스트 방법입니다. ① 구겨지거나 접히지 않은 A4용지 2장 준비해 주세요. ② 제품의 풍량을 가장 강한 세기로 작동시켜 주세요. ③작동 시작 후 5초 뒤 준비해놓은 A4용지 2장을 양손 손바닥 위에 올려 필터 뒷쪽으로 동시에 붙여주세요. 흡입력 테스트시 A4용지가 붙어있다면 제품은 정상적으로 작동되고 있는 상태입니다. <모델 구조별 A4용지 밀착부위> 레인지후드 흡입력이 약한 경우 확인해 주세요. 흡입이 가능하다면 흡입이 약한 증상은 제품의 고장이 아닙니다. 연기와 냄새가 배출되는 배기관의 지름 또는 길이 꺾임 정도 등 설치 환경에 따라 소음 크기와 흡입 성능에 차이가 발생합니다. 바람 태풍 등 날씨에 따라 소음 크기와 흡입 성능에 차이가 발생합니다. 필터와 모터가 이물질 기름때로 막힌 경우 흡입 성능이 떨어질 수 있으므로 반드시 청소를 진행해 주세요. 시중에 판매하는 기름종이를 필터에 장착시켜 사용하는 경우 흡입 성능이 떨어질 수 있습니다,,https://static.service.skmagic.com/editor/faq/ckimg/351167338b8c4b52afd4bbb51b6b31ae.png|https://static.service.skmagic.com/editor/faq/ckimg/41740a15d6b04c9f8359785c0f326664.png
레인지후드,레인지후드에서 소음이 나요,다음 내용을 체크해 주세요 웅~ 윙~ 하는 소음이 발생합니다. 모터와 팬이 작동하면서 발생하는 소음으로 풍량 단수가 높아지면 소음은 더 커집니다. 툭~ 탁~ 쉬~ 소음이 발생합니다. 역풍으로 인해 배기구 내부로 바람이 들어와 제품을 사용하지 않는 상태에서도 댐퍼가 열고 닫히는 소리 및 바람소리가 발생할 수 있습니다. 이는 배기구조의 환경적인 요인으로 정상적인 소음입니다. [배기구로 역풍이 유입되는 구조] [댐퍼의 위치 및 구조] 삐~ 삐삐~ 부저음이 발생합니다. 자사의 대부분 레인지후드는 부저음 발생 기능이 없습니다. 부저음 또는 경보음 발생시 제품의 콘센트를 분리한 후 소리가 발생하는지 확인해 주세요. 소리가 지속 발생된다면 레인지후드가 아닌 자동식 소화기 또는 가스경보기 및 다른 가전에서 발생하는 소리입니다.,,https://static.service.skmagic.com/editor/faq/ckimg/435e377e03b245bb8aa44089fe3b33b9.png|https://static.service.skmagic.com/editor/faq/ckimg/fc1e3381e85b40c3a1babbeec7819ea5.png
레인지후드,모터 작동이 안돼요,램프 점등은 정상적이나 모터만 작동이 되지 않는다면 서비스 점검이 필요합니다. 다음 내용을 체크해 주세요 램프도 점등이 안되고 모터도 작동이 되지 않는다면 제품의 전원이 정상적으로 들어오는지 확인이 필요합니다. 제품의 전원코드가 잘 연결되어있는지 확인해 주세요. 제품의 전원코드를 분리 후 그 콘센트 자리에 다른 전기제품을 연결하여 정상적으로 작동되는지 확인해 주세요. 콘센트의 이상여부를 확인해 주셔야 합니다. 제품 설치 장소의 누전차단기가 내려가 있는지 확인해 주세요. 차단기가 내려가 있다면 다시 원상복구하여 확인해 주세요.,,없음
레인지후드,제품에서 기름이 떨어져요,주변 온도가 상승하거나 제품 작동시 흡입되는 유증기와 수증기의 열기로 인해 후드 내부와 필터에 맺혔있던 기름때가 녹아 제품 아래로 떨어질 수 있습니다. 다음 내용을 체크해 주세요 제품 내부 및 필터를 청소합니다. 찌든 기름때는 제거가 어려우므로 주기적인 청소를 진행해 주세요. <레인지후드 청소 방법> ①제품의 전원코드를 분리해 주세요. ②필터의 손잡이를 눌러 필터를 제품에서 분리해 주세요. ③중성세제를 희석한 미지근한 물에 필터를 10분정도 담궈놓은 후 꺼내어 흐르는 물에 여러번 헹궈주세요. ④제품 내부는 부드러운 헝겊에 중성세제를 묻혀 이물질을 닦아주세요. ⑤약간의 물기가 있는 다른 부드러운 헝겊을 이용하여 내부에 묻어있는 세제와 남은 이물질 찌꺼기를 닦아내주세요. ⑥필터의 물기를 제거한 후 후드에 다시 조립해 주세요. 자동식 소화기의 누액인지 확인합니다. 떨어지는 액체의 색상이 녹색이나 푸른색이라면 레인지후드 내부에 설치된 자동식 소화기의 누액일 수 있습니다. 자동식 소화기 업체로 문의해 주세요. 자동식 소화기는 레인지후드 제품과는 연관이 없습니다. 사용 관리Tip 평소 요리가 끝나고 5~10분정도 후드를 충분히 작동하고 끄면 후드 내부 유증기 제거에 도움이 됩니다. 후드를 가동한 상태에서 바로 아래 뜨거운 물을 끓이면 후드 안으로 증기가 들어가 굳은 기름을 녹이는데 도움이 됩니다. 필터와 필터사이로 기름이 떨어질때 그 사이에 키친타올을 접어 받쳐두고 청소시 키친타올을 교체한다면 도움이 됩니다.,,https://static.service.skmagic.com/editor/faq/ckimg/b39f89f8e9de4dd4b39710cda5d93868.png
레인지후드,버튼 사용방법이 궁금해요/버튼 작동이 안돼요,버튼을 눌러도 반응이 없는 경우 아래 내용을 확인해 주세요. 다음 내용을 확인해 주세요 레인지후드 버튼 사용방법을 확인해 주세요. 터치식 버튼은 각 기능별 1개의 버튼을 반복하여 누르면 설정값이 변경됩니다. 입체식 버튼은 풍량단수별 버튼이 분리되어 있으며 램프 버튼은 반복하여 누르면 설정값이 변경됩니다. 모델별로 내용이 상이할 수 있으며 자세한 버튼 사용법은 사용설명서를 참고해 주세요. 터치식 버튼이 작동되지 않나요? 터치 조작부에 유막이나 오염이 있는 경우 인식이 되지 않을 수 있으므로 터치 조작부 청소 후 확인해 주세요. 일시적인 오류일 수 있으므로 전원코드선을 분리한 뒤 30초 후 재연결하여 확인해 주세요. 입체식 버튼이 작동되지 않나요? 전원버튼을 눌러 전원을 켜고 1 2 3단을 순차적으로 눌러 확인해 주세요. (3단 작동시 123단 버튼이 모두 눌려있어야함) 일시적인 오류일 수 있으므로 전원코드선을 분리한 뒤 30초 후 재연결하여 확인해 주세요. <후드 조작부 이미지> 일부 버튼만 작동하지 않나요? 전원코드선을 분리한 뒤 30초 후 재연결하여도 증상이 동일하다면 전문가의 점검이 필요합니다. 램프 버튼만 작동하지 않는 경우 램프 교체가 필요할 수 있으며 삼파장램프는 전구 구매 후 자가교체가 가능한지만 LED 램프의 경우 서비스 접수를 권장합니다.,,https://static.service.skmagic.com/editor/faq/ckimg/3fdaad7c75194a07ac8d6965eb8d91fd.png|https://static.service.skmagic.com/editor/faq/ckimg/ddd3e050f75f431bba67f5283cf7268b.png|https://static.service.skmagic.com/editor/faq/ckimg/c2893b718c9847c8bb89dd748b51f19b.png
레인지후드,전원이 안들어와요/작동 중 전원이 꺼져요/차단기가 내려가요,제품의 전원이 전혀 들어오지 않거나 사용중 갑자기 전원이 꺼진 경우 차단기가 내려간 경우 확인해 주세요. 다음 내용을 확인해 주세요 제품의 전원코드선이 연결된 콘센트를 확인해주세요. 제품의 전원코드선이 콘센트에 정상적으로 잘 연결되어 있는지 확인해 주세요. 전원코드선이 헐렁거리는 경우 단단하게 연결해 주세요. 레인지후드 상단이 싱크장으로 막혀있는 경우 싱크장을 열어 콘센트 위치를 확인해 주세요. 전원코드선에 물기가 묻어있는 경우 물기를 닦은 후 콘센트에 연결하여 주세요. 제품의 전원코드선이 콘센트에 연결되어 있다면 해당 콘센트에 드라이기 등 소형 전기제품를 연결하여 콘센트의 전원공급 상태가 정상인지 확인해 주세요. 콘센트에 여러 제품을 연결하여 사용시 전력 과부하로 인해 누전차단기가 내려가거나 작동 중 전원이 꺼질 수 있으므로 제품을 단독으로 연결하여 사용해 주세요. 대기전력 차단 콘센트에 연결하여 사용하는 경우 콘센트 상태를 [상시]로 설정하시거나 일반적인 콘센트에 연결하여 사용해 주세요. <대기전력 차단콘센트 이미지> 설치된 장소에 누전차단기를 확인해주세요. 제품이 설치된 장소에 누전차단기(두꺼비집)가 내려가 있는건 아닌지 확인해 주세요. 누전차단기가 내려가 있다면 다시 원상복구하여 사용해 주세요. <누전차단기 예시 이미지> 멀티콘센트로 연결하여 사용하는 경우 멀티콘센트를 확인해주세요. 멀티콘센트의 노후화로 작동이 안될 수 있으니 멀티콘센트를 교체한 후 확인해 주세요. ON/OFF스위치가 없는 정격용량 250V 16A 이상의 멀티콘센트를 사용해 주세요. 벽면콘센트와 멀티콘센트에 여러 제품을 연결하여 사용시 전력 과부하로 인해 누전차단기가 내려가거나 작동 중 전원이 꺼질 수 있으므로 제품을 단독으로 연결하여 사용해 주세요.,,https://static.service.skmagic.com/editor/faq/ckimg/43ef292173b648a99e10f027e5f0d4a4.png|https://static.service.skmagic.com/editor/faq/ckimg/efac5526c713497e9f767873b1ad4a17.png
레인지후드,필터 교체를 하고 싶어요,다음 내용을 체크해 주세요 레인지후드 필터는 자가적으로 분리 및 조립이 가능하며 필터만 구매하시어 교체하실 수 있습니다. 필터 손잡이를 누르면 본체에서 필터를 손쉽게 분리하실 수 있습니다.,,https://static.service.skmagic.com/editor/faq/ckimg/a0d2a9ad2eff47d28b18382233a7be66.png
레인지후드,모델명은 어디서 볼 수 있나요?,모델명 확인 방법 제품의 알루미늄필터를 제거하고 제품 내부를 확인해 주세요. 내부에 부착된 스티커에 모델명을 확인해 주세요.,,없음
레인지후드,작동 소리가 안나요 작동을 안해요 (RHD330RM RHD139RT),해당 모델은 모터와 댐퍼가 제품 내부에 설치되어 있지 않아 레인지후드에서 소리가 발생되지 않습니다. 모터와 댐퍼는 시공사측에서 공용으로 아파트 옥상에 별도 설치합니다. 램프를 ON/OFF 하여 작동 상태를 확인해 주세요. 램프가 정상 작동 된다면 제품의 전원 공급은 정상입니다. 소음이 발생하거나 흡입이 약한 증상은 관리사무소 및 하자센터로 문의해 주세요. 공용배기덕트 : 옥상에있는 펜에서 흡입을 담당함으로 흡입관련 또는 소음은 자사의 후드와 관련 없습니다.,,없음
레인지후드,램프에 불이 안들어와요,다음 내용을 체크해 주세요 램프 종류에 따라 램프 구매 또는 서비스 접수가 필요합니다. 삼파장램프는 구매 후 자가교체가 가능한지만 LED 램프의 경우 서비스 접수를 권장합니다. 램프 교체 방법을 확인해 주세요. ①제품의 전원코드를 분리해 주세요. (전원코드 분리가 어려운 경우 차단기를 내려주세요) ②필터의 손잡이를 눌러 필터를 제품에서 분리해 주세요. ③제품 내부에 보이는 전구를 돌려서 빼주세요. ④새 램프로 교체한 후 필터를 조립해 주시고 콘센트 연결을 해주세요. (차단기를 내렸다면 원상복귀 해주세요) 램프 교체시 램프 소등직후 작업을 하게 될 경우 화상의 우려가 있으니 제품 작동을 멈추고 충분한 시간이 지난 후 교체 작업을 해주세요.,,https://static.service.skmagic.com/editor/faq/ckimg/40c867732ca14ef995140e162c67d75b.png|https://static.service.skmagic.com/editor/faq/ckimg/1c3aa144075246c1b970d17ea22a5439.png
레인지후드,레인지후드가 저절로 작동돼요,제품이 버튼 조작 없이 저절로 오동작된다면 서비스 점검이 필요합니다. 전원코드 분리 후 서비스 접수를 해주세요.,,없음
레인지후드,이사를 하는데 이전설치는 어떻게 해야하나요,레인지 후드는 특수설치가 필요하여 서비스 홈페이지를 통한 분리/재설치 접수는 불가합니다. 새제품 구매 후 설치가 필요한 경우에도 고객상담센터로 접수 부탁드립니다. 서비스 요청시 분리 비용과 재설치 비용은 각각 발생됩니다. [서비스센터 홈페이지-이용 요금안내] 에서 비용 확인이 가능합니다. 제품 이동서비스는 불가하므로 제품과 부속품을 빠짐없이 챙기신 후 재설치하는 장소까지 옮겨주셔야합니다.,,없음
레인지후드,청소방법이 궁금해요,필터와 모터 등 제품이 기름때와 이물질로 오염되어 있다면 모터가 작동하는 힘도 약해지고 필터를 막아 흡입에도 영향을 미칠 수가 있으므로 청소를 해주세요. ① 제품의 전원코드를 분리해 주세요. ② 필터의 손잡이를 눌러 필터를 제품에서 분리해 주세요. ③ 중성세제를 희석한 미지근한 물에 필터를 10분정도 담궈놓은 후 꺼내어 흐르는 물에 여러번 헹궈주세요. ④ 제품 내부는 부드러운 헝겊에 중성세제를 묻혀 이물질을 닦아주세요. ⑤ 약간의 물기가 있는 다른 부드러운 헝겊을 이용하여 내부에 묻어있는 세제와 남은 이물질 찌꺼기를 닦아내주세요.,,https://static.service.skmagic.com/editor/faq/ckimg/b7a776d9c5314a5dad2eecd8773750e3.png
레인지후드,레인지후드에서 다른 세대의 음식냄새가 나요,다음 내용을 체크해 주세요 아파트 및 다세대주택과 같은 공동주택에서 하나로 연결된 공동배기관을 사용하는 경우 냄새가 다른 세대로 흘러들어가는 경우가 발생할 수 있습니다. 이로 인해 레인지후드의 기본 배기구는 완전 밀폐형 구조가 아니므로 음식냄새가 역류할 수 있으며 이는 환경적인 요인으로 제품의 문제는 아닙니다. 세대 간 냄새역류가 많이 심한 경우 전동댐퍼를 설치할 수도 있습니다. 전동댐퍼는 레인지후드에 별도로 설치되는 기기로 SK매직에서는 판매 설치 AS를 진행하지 않습니다. (단체로 설치된 일부 아파트 현장 제외|),,없음
레인지후드,제품 외관 및 조작부 판넬이 파손됐어요 어떻게 해야하나요,레인지후드 제품 외관 및 조작부 판넬 파손시 서비스 접수가 필요합니다. 외관 및 조작부 판넬은 부품 분해 및 조립이 필요하므로 서비스 점검 후 교체를 권장해 드립니다.,,없음
레인지후드,부딪히는 소음이 나요,주변 가구와 간섭되어 부딪히는 소음이 발생하는 경우 주변 가구와 간섭이 일어나지 않도록 일정 간격을 두고 설치해 주세요. 레인지후드와 가구가 간섭되는 부분에 고무패드(방진패드)를 부착하여 사용해 주세요. 덜덜덜 소음 장착된 필터가 작동시 떨리며 발생하는 소리입니다. 후드위에 냄비 등 물건이 있다면 제거해 주세요.,,https://static.service.skmagic.com/editor/faq/ckimg/46cc49c2898c483783ac0955bad19e1e.png
레인지후드,RHD241TB 필터교체방법과 청소방법이 궁금해요.,RHD241TB 제품은 레인지후드 밑면에 바로 필터망이 장착되어 있지 않고 스테인리스 가림막으로 막혀 있습니다. 필터교체방법 안내 ①제품 밑면에 있는 옆 틈새에(빨간네모박스 부분 )양쪽 손가락을 넣어 아래로 내려 주세요. ②스테인리스 가림막이 분리됩니다. 필터 손잡이를 눌러 분리 해주세요. 필터망 분리 및 청소 ①후드 밑면의 필터망 노브를 화살표 방향으로 눌러 필터망을 분리합니다. ②알루미늄 필터는 중성세제(일반 주방용세제)를 푼 미지근한 물에 10분정도 담금 후 물로 헹구어 청소합니다. ③스크린필터는 후드 외관 청소 방법과 동일하게 부드러운 천을 이용해 손쉽게 청소 할 수 있습니다. 후드 내부 및 외부 청소 ①후드의 표면상태 보호를 위하여 부드러운 헝겊에 중성세제를 묻혀 표면을 닦은 후 마른 헝겊으로 닦아 주세요. 후드의 표면을 해칠 수있는 화학약품 알카리성 세제 및 락스류 등을 사용하지 마세요 ②필터망을 열면 후드 내부를 후드표면청소와 동일한 방법으로 청소할 수 있습니다. 필터망과 후드 내외부를 조리시 마다 청소해 주시면 호드 내외부에 기름이 맺히거나 들러붙는 것을 방지하고 후드를 고장없이 오래 사용할 수 있습니다.,,https://static.service.skmagic.com/editor/faq/ckimg/80d11e5e8c41413993076c9af365db7d.png|https://static.service.skmagic.com/editor/faq/ckimg/7ddf52eaf6744ba4ba05e650513f9400.png|https://static.service.skmagic.com/editor/faq/ckimg/b5d33811db5e44179ee3911075e23b87.png|https://static.service.skmagic.com/editor/faq/ckimg/3aa6065c6c2e4ff1bf5192d37528b473.png|https://static.service.skmagic.com/editor/faq/ckimg/26a14581cec849b681a04bd99be96036.png
레인지후드,녹색액체가 떨어져요,화재를 대비해 가스레인지 방향으로 소화액을 분사할수 있도록 레인지후드를 개조하여 소화장치를 설치하였을 수 있습니다. 싱크대 상부장 등 레인지후드 주변에 소화기 약채통 또는 레인지후드에 소화기 노즐이 있는지 확인해 주세요. 떨어지는 액체의 색상이 녹색 또는 푸른색이라면 레인지후드 내부에 설치된 자동식 소화기의 누액일 수 있습니다. 자동식 소화기는 레인지후드 제품과는 연관이 없으므로 자동식 소화기 업체로 문의하셔야 합니다.,,https://static.service.skmagic.com/editor/faq/ckimg/39b91135efb6401ab7f1bd92154ce1e6.png
레인지후드,RHD134MP사용 방법이 궁금해요.,RHD134MP 사용방법 ①레인지후드의 도어를 열어주세요. ②원하는 단수의 버튼을 눌러주세요. ③사용이 끝나면 전원 버튼을 눌러 작동을 멈춰주세요. ④작동 종료와 함께 전동댐퍼(외부 공기 유입 차단장치) 닫히는 시간이 필요함으로 약 5초 뒤 도어를 닫아주세요. 전원 버튼을 눌러 작동을 멈춰주세요. 전원 버튼을 누르지 않고 도어를 닫아 작동을 멈추게 할 경우 레인지후드에 설치된 전동댐퍼가 열린 상태로 멈추게 되어 외부 냄새와 바람이 유입될 수 있습니다.,,https://static.service.skmagic.com/editor/faq/ckimg/743184ecfa3a453db36ce1802c3831aa.png|https://static.service.skmagic.com/editor/faq/ckimg/3207a3ef82c34599a41e716e978a5eb7.png
레인지후드,나사가 빠져있어요,레인지후드 외부에서 나사가 보이는 경우 확인해 주세요. 레인지후드 자체에는 외부에 돌출되어있는 나사가 없습니다. 소화기 업체에서 설치한 자동식 소화기의 노즐이 아닌지 확인해 주세요. 소화기 노즐은 레인지후드 외부 어디든 다양한 부위에 장착되어 있을 수 있으며 일반적으로 가스레인지 방향으로 설치됩니다. 뾰족한 모양의 온도센서와 볼트 모양의 소화분출구 형태가 정상이며 소화 장치 문의는 소화 장치 업체를 이용해 주세요.,,https://static.service.skmagic.com/editor/faq/ckimg/4d1d2f8fd0ff49fd8c20ad692803b04a.png
레인지후드,모터와 모터 주변이 뜨거워요,레인지 후드 사용 시 모터가 작동하며 열기가 모터 외부 또는 주변에 복사열이 느껴질 수 있습니다. 레인지후드는 제품의 특성상 다양한 부품이 철 재질로 이루어져 있으며 모터 또한 동일하여 열기가 오래 지속될 수 있습니다. 흡입 기능에 문제가 없다면 제품은 정상임으로 안심하고 사용하셔도 됩니다.,,없음
레인지후드,장식커버 고정이 안되어있어요,장식 커버란? 스테인레스 기둥 모양의 장식 커버는 후드에 연결된 배관 또는 부품을 가려주는 역할을 합니다. 장식커버 뒤에 콘센트가 있는 경우 잦은 콘센트 사용을 위해 장식커버를 고정시키지 않습니다. 장식커버가 상부장에 가려져 있는 경우 가림막 역할의 장식커버가 불필요하여 고정시키지 않습니다. 후드작동 시 고정되지 않은 장식커버가 떨려 소음이 발생한다면 별도로 보관해 주세요. 장식커버는 설치 상태는 제품 성능과 관계가 없습니다.,,https://static.service.skmagic.com/editor/faq/ckimg/048c74b9ecdf4a639a2ab871e7301129.png
레인지후드,제품에 스크래치가 있어요,다음 내용을 체크해 주세요 새상품 설치 후 제품에 기스 또는 스크래치가 보이는 경우 보호필름을 제거하였는지 확인해 주세요. 조작부 판넬에는 보호필름이 부착되어있으며 제거하지 않고 사용할 경우 기스 스크래치 또는 기포가 발생된 것처럼 보일 수 있습니다. 보호필름을 제거하고 사용해 주세요.,,https://static.service.skmagic.com/editor/faq/ckimg/243715e2aa684a868ae9db6c99f5c293.png
레인지후드,제품에 조작 버튼이 없어요 (오픈도어형),오픈도어형 레인지후드 제품은 외부에서 버튼이 보이지 않습니다. 제품의 조작 버튼이 보이지 않는 경우 확인해 주세요. 오픈도어형 제품은 도어 안쪽에 버튼이 설계되어 있어 도어를 열어야 버튼이 보입니다. 제품에서 바람이나 냄새가 유입된다면 전원이 켜져있을 수 있으므로 도어를 열고 전원 버튼이 꺼짐 상태가 맞는지 확인해 주세요.,,https://static.service.skmagic.com/editor/faq/ckimg/ec36268260e64496a468acf826574bd2.png
레인지후드,필터 분리가 안돼요,필터를 반대로 장착하게 되면 눌러 뺄 수 있는 손잡이가 보이지 않아 제거에 어려움이 있습니다. 정상적으로 장착된 경우 손잡이의 바깥쪽(누르는 부분)이 보여야 합니다. 필터 강제 제거 방법 ①필터와 레인지후드 프레임 사이에 일자 드라이버를 끼워주세요. (다른 도구 사용시 얇고 단단한 도구를 사용해 주세요.) ②지렛대 원리를 이용하여 도구로 필터를 밀어 주세요. ③필터가 벌어지는 과정에서 약간 휘어질수 있습니다. ④필터와 프레임 사이가 벌어지면 아래로 분리한뒤 정상적으로 재 조립해 주세요.,,https://static.service.skmagic.com/editor/faq/ckimg/9cecba63889a415990d158f5a88a9523.png|https://static.service.skmagic.com/editor/faq/ckimg/8b4071539d4c4838a6867a5b516b29f3.png
식기세척기,도어가 안열려요/도어가 안닫혀요 (DWA1675 DWA1676 DWA1677 DWA1678 DWA1811 DWA1812 DWA60R DWA61R),자동문열림이 작동된 상태에서 전원이 꺼지거나 도어를 닫는 등 작동 과정에 오류가 발생한 경우에는 도어 초기화 작업이 필요합니다. 다음 내용을 확인해 주세요 도어 초기화란? 적용모델 - DWA1675 DWA1676 DWA1677 DWA1678 DWA1811 DWA1812 DWA60R DWA61R 문열림 모터를 수동으로 작동시켜 정상적으로 돌아올 수 있도록 해주는 작업입니다. 도어가 열리거나 닫히지않거나 한쪽이 걸려있거나 자동문열림 기능이 작동하지 않는 경우 도어초기화가 필요합니다. DWA19CR 모델은 스마트케어 설정시 자동문열림이 작동하지 않습니다. 스마트케어 미설정시에도 자동문열림 작동이 되지않는다면 전원콘센트를 분리하고 30초 이후 재연결하여 확인해 주세요. 도어 초기화를 진행해 주세요. 1. 2020년 7월 15일 이후 생산 제품 ① 전원이 켜진 상태에서 [자동문열림/해제] 버튼을 '띵' 소리가 날때까지 5초 이상 눌러주세요. ② '띵' 소리가 나고 30초 후에 작동하여 확인해 주세요. 2. 2017년 8월 이후 생산 제품 ①전원 콘센트를 분리한 후 10초 후 재연결한 후 제품을 작동하여 도어가 닫히거나 열리는지 확인해 주세요. ②동일한 증상일 경우 전원이 켜진 상태에서 [자동문열림/해제]버튼을 '띵' 부저음이 발생할 때까지 5초 이상 눌러주세요. ③ '띵' 소리가 나고 30초 후에 작동하여 확인해 주세요. 3. 2017년 8월 이전 생산 제품 (모델별 구분필요) 적용모델 - DWA1811 DWA1812 전원 OFF 세척선택 3초간 누르기 '띡' 부저음 발생 전원버튼 1초간 누르기 불림세척 1초간 누르기 자동문열림/해제 1초간 누르기 적용모델 - DWA1676 DWA1677 DWA1678 전원 OFF 세척선택 3초간 누르기 '띡' 부저음 발생 전원버튼 1초간 누르기 열탕소독 1초간 누르기 자동문열림/해제 1초간 누르기 적용모델 - DWA1675 전원 OFF 세척선택 3초간 누르기 '띡' 부저음 발생 전원버튼 1초간 누르기 간편세척 1초간 누르기 식기건조 1초간 누르기,,https://static.service.skmagic.com/editor/faq/ckimg/af8880b30e19431caf41e15412a2bd97.png|https://static.service.skmagic.com/editor/faq/ckimg/41a1cb7793c9489aa83ff41c1f5e9d92.png|https://static.service.skmagic.com/editor/faq/ckimg/d76d447e5ce940d0833a4a163b96f9bc.png
식기세척기,식기세척기 이사를 하는데 이전설치는 어떻게 해야하나요,제품 분리 또는 설치시 부속품 손상 및 누수 발생 위험 요소가 있어 서비스 접수를 권장합니다. 서비스 요청시 분리 비용과 재설치 비용은 각각 발생됩니다. [이용 요금안내] 에서 비용 확인이 가능합니다. 구독 제품을 일반구매제품으로 접수시 비용이 추가될 수 있습니다. 제품 이동서비스는 불가하므로 분리된 제품과 부속품들을 빠짐없이 챙기신 후 설치하는 장소까지 옮겨주셔야 합니다. 분리와 재설치시 싱크장 공사가 필요하다면 별도로 가구 업체에 의뢰해 주셔야 합니다.,,없음
식기세척기,물이 고여 있어요/물이 새요,식기세척기에서 누수가 발견되면 누수 위치와 주변 환경을 확인하여 주세요. 다음 내용을 확인해 주세요 본체나 도어 틈새에서 물이 새어나오는 경우 확인해 주세요. 액체 세제(주방세제)를 사용하는 경우 거품이 과다 발생되어 도어 틈새로 세어나와 누수로 보일 수 있으므로 물기를 닦고 식기세척기 전용 세제 또는 가루 세제로 확인해 주세요. 도어가 열린 상태에서 도어와 본체 이음새 부분 또는 도어를 닫았을 때 도어와 닿는 본체 부분에 고무 패킹이 알맞게 끼워져 있는지 확인해 주세요. 간혹 싱크대에서 사용하던 물이 식기세척기 아래로 흘러 누수처럼 보이는 경우가 있습니다. 물기를 닦고 식기세척기 작동 시에 발생하는 물인지 확인이 필요합니다. 제품 작동중에만 본체 또는 도어 틈새로 누수가 발생되는 경우는 작동을 멈추고 서비스접수를 진행해주세요. 급수 호스에서 물이 새어나오는 경우 확인해 주세요. 제품의 작동을 중지하고 전원을 끈 상태로 식기세척기로 연결된 급수호스선을 따라가 수도배관에 연결된 중간밸브를 잠근 상태로 서비스 접수를 진행해 주세요. 제품이 작동하지 않는 상태에서 누수되는 경우 확인해 주세요. 누수된 물을 닦아낸 후에도 지속적으로 물이 고이는지 확인해 주세요. 제품을 작동 하지 않아도 본체 또는 도어로 물이 지속하여 새어 나오는 경우는 중간밸브를 필히 잠그고 서비스 접수를 진행해주세요. 중간밸브 설치 사례를 참고 해 주세요. 누수 피해를 예방하기 위해 서비스매니저 방문시까지 중간밸브 잠김 상태를 꼭 유지해 주세요. 중간밸브를 잠근 후에도 지속적으로 누수가 발생하는 경우 식기세척기 호스의 문제가 아닐 수 있습니다. 원수도밸브를 잠근 후 누수 위치를 확인해 주세요. <설치환경에 따른 중간밸브 위치> 모델에 따라 내용에 차이가 있을 수 있습니다.,,https://static.service.skmagic.com/editor/faq/ckimg/88d643fe59f342d6858c0bff1b17e275.png|https://static.service.skmagic.com/editor/faq/ckimg/7a6566a1257e4f4ebcc1810d85b8f98d.png
식기세척기,도어가 안열려요/도어가 안닫혀요 (12인용),터치온 버튼으로 도어가 여닫히지 않는 경우 아래 내용을 확인해 주세요. 우측 상단에 터치 버튼을 눌러도 도어가 열리지 않나요? (터치온식기세척기) 도어 잠금이 설정되어 제품이 동작중인 경우 버튼을 3초이상 누른 뒤 자물쇠 표시가 사라진 후 한번 더 버튼을 눌러야 문열림이 가능합니다. 도어 잠금이 설정되어 있어도 미 작동중인 경우 버튼을 3초 이상 한번만 눌러도 문열림이 가능합니다. 터치온 버튼으로 도어 열림이 되지 않는 경우 수동 레버로 도어를 연 후 다시 닫아 확인해 주세요. 위 내용을 확인한 후에도 동일한 경우 전원 코드선을 분리한 뒤 30초 후 재연결하여 확인해 주세요. 그 외 12인용 식기세척기 도어가 닫히거나 열리지 않는 경우 확인해 주세요. 상하부 바구니를 제거한 상태로 도어가 여닫힌다면 바구니를 올바르게 재장착한 뒤 안쪽을 끝까지 밀어 장착한 뒤 확인해 주세요. 도어 틈새에 젓가락 또는 이물질이 있는지 확인해 주세요.,,https://static.service.skmagic.com/editor/faq/ckimg/7453d5cd56a44d2d8d24dfe8686e3b58.png
식기세척기,[F3 F5] 표시가 떠요,[F3 F5] 문구는 제품 내부의 많은 거품으로 인해 발생되는 거품과다 에러 표시입니다. 식기세척기 전용 세제를 사용하였는지 확인해 주세요. 가루 고체로 된 전용세제가 아닌 액체로 된 일반주방세제 사용 시 거품 과다 발생의 원인이 되며 제품 고장 원인이 될수 있습니다. 식기세척기 전용 세제를 사용하여도 세제량이 너무 많은 경우 거품이 과다 발생될수 있으니 세제량을 조절하여 사용해 주세요. 내부 거품이 과다 발생한 경우 거품 제거 청소를 해주세요. ①전원이 켜진 상태로 도어를 열고 눈에 보이는 거품을 걷어내 주세요. ②식기세척기 내부에 물을 붓고 일반코스로 작동시킨 뒤 30초 후 정지해 주세요. (부어둔 물이 배수되는도록 하는 과정입니다. 아래 이미지 참고) ③도어를 열고 내부 상태를 확인하여 거품이 제거될 때까지 여러번 반복하여 작동해 주세요. 내부에 거품이 없는 상태에서 [F3 F5]에러가 발생한 경우는 온도센서 및 히터의 문제로 서비스 점검이 필요합니다. 전원 코드선을 분리한 뒤 30초 후 다시 연결하여 사용해 주세요.,,https://static.service.skmagic.com/editor/faq/ckimg/475ba6d553674ebabf7070695037dac9.png
식기세척기,배수가 안돼요,작동에는 문제가 없는데 작동후에 거름망 부분에 물이 남아있나요? 거름망을 통한 냄새 역류 및 벌레 유입을 방지하기 위해 잔수가 남아있으며 잔수의 양은 일정하지 않을 수 있습니다. 제품 작동시 가장 먼저 잔수가 버려지고 새로운 물이 급수되어 세척되므로 안심하고 사용하셔도 됩니다. [E3]가 발생하거나 배수가 되지 않나요? 배수호스의 눌림이나 꺾인 부분은 없는지 확인해 주세요. 겨울철엔 영하의 날씨로 잔수가 얼어있는 경우가 발생될 수 있습니다. 제품 내부에 약 70℃ 물을 12인용 기준 5ℓ 정도(6인용은 약 3ℓ) 부어준 후 도어를 닫고 녹을때까지 기다려 주세요. 거름망이 음식물로 막혀 배수가 어려울수 있으므로 세척 전 그릇에 묻어있는 큰 이물질은 제거 후 식기를 넣고 작동 후 거름망을 청소해 주세요. 위 방법으로도 [E3]에러가 발생하는경우 전원코드선을 분리한 뒤 30초 후 재연결하여 확인해 주세요.,,없음
식기세척기,자동문열림이 안돼요/자동문열림 설정 방법이 궁금해요,자동 문열림 기능이 설정되어 있나요? 표시창 또는 자동문열림 버튼에 램프가 점등되어있어야 자동문열림 기능이 켜진 상태입니다. 자동문열림 기능이 꺼진 경우 자동문열림 기능을 켜주시고 작동도중에는 자동문열림 설정을 변경할 수 없습니다. 자동문열림 설정이 되지않거나 설정 후에도 작동되지 않는 경우 전원코드선을 분리한 뒤 30초 후 재연결하여 확인해 주세요. 자동문열림 설정 방법을 확인해 주세요. 6인용 식기세척기의 경우 [자동문열림/해제] 버튼을 누르면 자동문열림 기능이 설정/해제가 됩니다. (단 DWA19CR 제품은 해제 불가) 12인용 식기세척기의 경우 [자동문열림] 버튼 1회 터치시마다 자동문열림 기능이 설정/해제가 됩니다. DWA19ROP DWA19C0P DWA19C1P 모델 자동문열림이 되지 않나요? [스마트케어]기능이 설정된 상태라면 해당 기능은 사용자가 수동으로 전원을 끄기 전까지 식기 보관 기능이 작동되어 자동으로 문이 열리지 않습니다. 일정 시간만 식기 보관 케어 후 자동 문열림으로 종료를 원하시는 경우 [스마트케어] 기능 대신 [24시간] 또는 [48시간] 케어 기능으로 사용해 주세요. 자동문열림 설정이 되지않거나 설정후에도 작동되지 않나요?,,https://static.service.skmagic.com/editor/faq/ckimg/a7666a199e6840e281b288c7e31b61ea.png
식기세척기,전원이 안들어와요/작동 중 전원이 꺼져요/차단기가 내려가요,제품의 전원코드선이 연결된 콘센트를 확인해 주세요. 제품의 전원코드선이 콘센트에 정상적으로 잘 연결되어 있는지 확인해 주세요. 전원코드선이 헐렁거리는 경우 단단하게 연결해 주세요. 빌트인으로 설치되어있는 경우 좌 우 싱크장을 열어 콘센트 위치를 확인해 주세요. 확인이 어렵다면 전문가의 점검이 필요합니다. 전원코드선에 물기가 묻어있는 경우 물기를 닦은 후 콘센트에 연결해 주세요. 제품의 전원코드선이 콘센트에 연결되어 있다면 해당 콘센트에 드라이기 등 소형 전기제품를 연결하여 콘센트의 전원공급 상태가 정상인지 확인해 주세요. 콘센트에 여러 제품을 연결하여 사용시 전력 과부하로 인해 누전차단기가 내려가거나 작동 중 전원이 꺼질 수 있으므로 제품을 단독으로 연결하여 사용해 주세요. 대기전력 차단 콘센트에 연결하여 사용하는 경우 콘센트 상태를 [상시]로 설정하시거나 일반적인 콘센트에 연결하여 사용해 주세요. 설치된 장소에 누전차단기를 확인해 주세요. 제품이 설치된 장소에 누전차단기(두꺼비집)가 내려가 있는건 아닌지 확인해 주세요. 누전차단기가 내려가 있다면 다시 원상복구하여 사용해 주세요. 멀티콘센트로 연결하여 사용하는 경우 멀티콘센트를 확인해 주세요. 멀티콘센트의 노후화로 작동이 안될 수 있으니 새 멀티콘센트로 교체한 후 확인해 주세요. ON/OFF스위치가 없는 정격용량 250V 16A 이상의 멀티콘센트를 사용해 주세요. 벽면콘센트와 멀티콘센트에 여러 제품을 연결하여 사용시 전력 과부하로 인해 누전차단기가 내려가거나 작동 중 전원이 꺼질 수 있으므로 제품을 단독으로 연결하여 사용해 주세요.,,https://static.service.skmagic.com/editor/faq/ckimg/bdb89fd9cd2642b48bfc40ba7c75c546.png|https://static.service.skmagic.com/editor/faq/ckimg/60e073c1d8444245b07dee05634e80d0.png
식기세척기,[dr] 문구가 뜨고 작동이 안돼요,전원이 켜진 상태에서 도어가 열려있는 경우 발생하는 표시입니다. 전원이 켜진 상태로 도어를 열고 10분이 경과하면 DR 표시와 부저음이 발생됩니다. 도어를 끝까지 잘 눌러 꽉 닫아주세요. 젓가락 등 얇거나 작은 식기가 도어 틈새에 끼일 수 있으므로 도어 틈새를 확인해 주세요. 자동문열림 기능이 있는 6인용 식기세척기에서 도어를 닫아도 DR표시가 발생하나요? 도어리셋(도어초기화)을 진행해 주세요. 도어초기화 방법이 궁금하다면 [도어가 안열려요/도어가 안닫혀요 (6인용 자동문열림 모델)] 바로보기 클릭 DWA7301 DWA7303 DWA7601D 모델에서 도어를 닫아도 DR표시가 발생하나요? 종료를 알리는 EN 표시와 부저음이 울린 즉시 도어를 열었을 경우 발생합니다. EN표시가 꺼진 후 약 30분정도 건조/보관 동작중으로 식기세척기의 동작이 완전히 종료된것이 아니므로 도어를 열면 DR 표시가 발생합니다. EN표시가 꺼진 후 약 30분 후 도어를 열거나 전원 버튼을 눌러 수동 종료 후 도어를 열어주세요. DWA2800 DWA2810 DWA2820 모델에서 도어를 닫아도 DR표시가 발생하나요? 본체측에 장착된 도어 패킹 삽입 상태를 확인하여 빠진 부분이 있다면 눌러 삽입해 주세요. 모델에 따라 내용에 차이가 있을 수 있으며 [E1]문구로 표시될 수도 있습니다.,,https://static.service.skmagic.com/editor/faq/ckimg/14d55060d43d44e28994917ad5e01e4f.png
식기세척기,[F1 F2 F4 F6 F7 F8 F9] 표시가 떠요,F1 F2 F4 F6 F7 F8 F9 표시가 발생하나요? 내부 센서 이상 및 누수 단선 등을 감지하여 발생하는 표시입니다. 전원 코드선을 분리한 뒤 30초 후 다시 연결해도 동일하다면 중간밸브를 잠근 뒤 서비스 접수를 진행해 주세요. 설치된 수도와 중간밸브 위치를 확인해 주세요. 설치환경에 따라 수전의 위치 밸브의 모양은 상이할 수 있습니다.,,https://static.service.skmagic.com/editor/faq/ckimg/6272eed8c9274640a24e2e410913e164.png
식기세척기,버튼 작동이 안돼요,잠금 설정이 되어있나요? 잠금 설정이 되어있다면 CL 또는 CHL 문구가 뜨고 버튼 조작이 되지 않으므로 [작동/정지] 버튼을 3초이상 길게 눌러서 잠금을 해제해주세요. 단 모델에 따라 잠금 설정 및 해제 버튼은 상이합니다. 도어가 제대로 닫혀 있나요? 도어가 닫혀있지 않으면 [DR] 표시가 뜨고 버튼 조작이 되지 않으므로 도어를 다시 닫은 후 버튼 작동을 해주세요. 특정 버튼만 작동이 안되나요? 에러 표시가 없고 특정 버튼만 작동되지 않는다면 제품의 전원 코드선을 분리한 뒤 30초 후 재연결하여 확인해 주세요.,,없음
식기세척기,작동시 소음이 나요,'딸깍' '딸깍' 버튼 눌리는 소리 다음 동작을 준비하는 소리입니다. 사용시에 따라 다른 물살 소리 물살이 식기 또는 제품 벽면에 부딪히며 발생하는 소리로 식기 소재에 따라 다양하게 들릴 수 있습니다. '웅~' '위잉~'소리 배수 진행을 위해 배수 펌프가 작동하며 발생하는 소리입니다. 내부 건조를 위해 건조팬이 작동하며 발생하는 소리입니다. '달그락' '탁탁' 소리 수저나 젓가락 플라스틱 용기등 가벼운 식기들은 물살에 의해 움직이며 다른 식기등과 부딪혀 소리가 발생할 수 있습니다. 상하부 날개가 회전하며 식기에 부딪혀 소리가 발생할 수 있습니다. 날개 또는 다른 식기와 부딪히지 않도록 식기 배열 상태를 재확인 후 사용해 주세요. 모든 식기를 뺀 상태에서도 탁탁소리가 지속하여 발생하는지 확인해 주세요. '삐이-' 고주파 소리 살수 펌프가 작동하며 발생되는 소리로 전원코드선을 분리한 뒤 30초 후 재연결하여 사용후에도 동일하다면 서비스 점검이 필요합니다. 물 흐르는 소리 바람 빠지는 소리 제품 내부로 급수가 되면서 물이 흐르는 소음이 발생합니다. 물 공급시 수압에 따라 바람이 빠지는듯한 소리가 발생할 수 있습니다. 세척 중 '뿌우우' 소리 지속하여 발생하는 경우 서비스 점검이 필요합니다. 모델에 따라 내용에 차이가 있을 수 있습니다.,,없음
식기세척기,[E4] 표시가 떠요,DWA2910 DWA2920 DWA2930 E4에러 주방세제를 사용하여 거품 과다 및 누수가 발생하는 증상입니다. 식기세척기 전용세제 또는 가루세제를 정량만 사용하셔야 합니다. 액상세제를 사용하게 될 경우 흘러내린 세제가 패킹 등에 남아 거품이 발생됩니다. DWA2820 DWA2810 DWA2800 E4에러 수동 급수(무설치) 제품에 한하여 물가득 부저음이 울린 뒤에도 지속하여 물 공급을 하여 물이 넘치는 경우 누수가 감지되어 발생하는 증상입니다. 전원 코드선을 분리한 후 물이 나오지 않을때 까지 제품을 한쪽 방향으로 틀어 놓은 뒤 제품 밑면에 흐른 물을 닦아주세요. DWA19 DWA90 E4에러 거름망 또는 분사 노즐이 이물로 인해 막혔거나 거품에 의해 물 순환이 어려운 경우 발생하는 증상입니다. 식기세척기 전용 고체 또는 가루세제를 정량만 사용하셔야 하며 거름망 또는 분사 날개를 청소해 주세요. *청소방법을 클릭 해주세요 청소방법 DWA16 클림 계열 DWA12인용 E4에러 급수 시 60℃이상 높은 고온의 물이 공급되는 경우 발생하는 증상입니다. 급수 호스가 냉수에 연결되어 있는지 확인이 필요합니다. 급수호스가 냉수에 연결되어 있다면 전원 코드선을 분리한 후 다시 연결해 주세요. 전원 코드선 분리 후 다시 연결해도 동일한 증상이 발생된다면 서비스 점검이 필요합니다.,,없음
식기세척기,[E3] 표시가 떠요,모델에 따라 E3 표시가 뜨는 원인을 확인해 주세요. 다음 내용을 확인해 주세요 DWA2800/2810/2820 DWA2900/2910/2920/2930 모델에서 [E3] 표시가 발생하는 경우 확인해 주세요. [E3] 문구는 온도감지 이상 에러로 서비스 접수가 필요합니다. 전원코드선을 분리한 뒤 30초 후 재연결하여 확인해 주세요. 조치방법 확인 후에도 동일한 경우 전원을 끄고 전원코드선을 제거하고 중간밸브를 잠근 상태로 서비스 접수를 진행해 주세요. 그 외 모델에서 [E3] 표시가 발생하는 경우 확인해 주세요. [E3] 문구는 배수가 정상적으로 되지 않는 경우 발생하는 표시입니다. 제품 내부 거름망(필터망)에 쌓인 이물질 제거 청소를 해주세요. 배수호스가 꺾이거나 눌려져 있는 부분은 없는지 확인해 주세요.,,없음
식기세척기,도어가 안열려요/도어가 안닫혀요 (14인용),도어가 안 닫혀요 식기 바구니의 장착상태 및 수평을 확인하여 올바르게 장착해 주세요. 식기 바구니가 내부 안쪽 벽면에 완전히 밀착 되도록 장착해 주세요. 조립 후에도 상단 바구니가 돌출 되어 있다면 내부 안쪽 벽면 세척날개에 완전히 밀착 되도록 장착해 주세요. 도어가 안 열려요 도어 상단 중앙을 알림음이 들릴 때까지 밀어 주셔야 자동으로 문이 열립니다. [잠금] 버튼에 LED가 점등되어 있다면 [잠금]이 설정 된 상태로 잠금 해제가 필요합니다. 도어 상단 중앙을 알림음이 들릴 때까지 밀어 문이 열리면 [잠금] 버튼을 3초간 눌러 잠금 해제합니다.,,https://static.service.skmagic.com/editor/faq/ckimg/020a51b60c024fa68f72c51da2de3a46.png|https://static.service.skmagic.com/editor/faq/ckimg/0455ffd370da47fc88a18e5b4b4df6e5.png
식기세척기,식기세척기 작동이 끝나면 항상 물이 고여있어요 (잔수가 남아요),식기세척기는 작동 종료 후 거름망 부분에 항상 잔수가 남아있습니다. 잔수는 하수구 냄새의 역류방지 및 배관내 벌레 유입을 막아줍니다. 남아있는 잔수의 양은 약 150cc~200cc 정도입니다. 거름망의 음식물찌꺼기가 남아있다면 냄새 발생의 원인이 되므로 매회 작동 후 거름망의 이물질은 꼭 청소해 주세요. 필터 내부에 보이는 잔수는 제품 설치 상태에 따라 달라질 수 있으며 식기세척기 작동시 가장 먼저 배수가 되고 (이때 남아있던 잔수가 배수됩니다) 그 이후에 급수가 진행되어 세척이 되므로 안심하고 사용하셔도 됩니다. 장기간 제품 미사용시 잔수 제거 방법입니다. ①전원을 켜고 세척코스 선택 후 작동을 시작해 주세요. ②작동 후 약 30초 후 급수가 시작되기전에 전원 버튼을 눌러 전원을 꺼주세요. (초기 배수시간은 모델에 따라 차이가 있으나 약 20초~45초 정도 진행됩니다.) ③약간의 잔수가 남아있다면 마른 천으로 닦아 제거해 주세요.,,https://static.service.skmagic.com/editor/faq/ckimg/3f75c8ea650543a7aab9d0a51214c5ce.png
식기세척기,식기세척기에서 비린내 음식물 냄새가 나요,식기세척기 내부 상태를 확인해 주세요. 거름망에 걸러진 음식물에 의해 냄새가 발생할 수 있으므로 작동 종료후에는 반드시 거름망을 청소해 주세요. 건조 기능을 사용하더라도 내부 벽면과 사출물에는 물기가 남아있어 작동 후 도어를 열어서 내부가 습하지 않도록 건조시켜주세요. 식기세척기 내부 거름망 주위 잔수를 확인합니다. 냄새 역류 및 벌레 유입을 막기위해 거름망 주변에 항상 잔수가 고여있습니다. 제품을 장시간 사용하지 않는 경우 잔수에서 냄새가 발생할 수 있습니다. 잔수제거를 위해서는 급수(중간)밸브를 잠근 뒤 전원을 켜고 시작(작동) 후 [E2]에러가 발생하면 전원을 끄고 내부 거름망 주위 남은 물기를 행주로 닦아 주세요. 사용중인 세제를 교체하여 확인해 주세요. 세제에서 발생하는 향이 남아 내부 청소를 해도 냄새가 지속 발생할 수 있습니다. 사용중인 세제를 교체해서 사용 후 냄새를 확인해 주세요. 내부 청소로 냄새를 제거해 보세요. ①내부에 식기를 넣지 않고 [셀프클린] 또는 [강력]코스 선택 후 작동을 시작해 주세요. ②작동 시작 5분 후 [작동/정지] 버튼을 눌러 일시정지해주세요. ③세척기의 문을 열고 내부 바닥에 소주잔 기준 식초를 반컵 또는 구연산 2스푼을 넣어주세요. 식초 또는 구연산을 너무 많이 넣지마세요. ④세척기의 문을 닫고 [작동/정지] 버튼을 눌러 이어서 작동 후 코스가 종료되면 확인해 주세요.,,https://static.service.skmagic.com/editor/faq/ckimg/7f30e58683f4495c9e962f1b967130ad.png
식기세척기,건조가 안돼요,건조 코스를 설정을 확인해 주세요. 건조가 잘 되지 않는다면 일반건조보다 건조시간이 긴 강력건조 코스로 설정하여 사용해주세요. 고온건조와 열풍건조 기능이 함께 있는 제품은 두 기능을 동시에 설정하여 사용시 건조 성능이 향상됩니다. 작동 종료 후에도 건조가 더 필요하다면 단독으로 건조코스를 선택하여 작동하실 수 있습니다. (단 살균건조는 헹굼+건조 코스이므로 추가 건조 설정시에는 일반건조 또는 강력건조로 사용) 건조 효과를 높일 수 있는 방법을 확인해 주세요. 린스 투입 기능이 있는 제품은 식기척기 전용 린스를 사용하면 식기류 표면에 물맺힘 현상이 줄어들어 건조성능이 향상되며 물때와 물얼룩 발생 없이 깨끗하게 건조를 할 수 있습니다. 작동 종료 후 도어를 열어두면 내부 수증기가 배출되어 자연건조효과까지 더욱 효율적인 건조가 가능합니다. (단 자동문열림이 있는 제품은 해당기능을 사용해 주세요) 작동 종료 후 도어를 닫은채로 장시간이 지나면 내부 온도가 내려가 남아있는 수증기가 다시 물방울로 바뀌어 맺혀있을 수 있습니다. 하부식기바구니상부식기바구니 순서로 분리 사용하면 상부식기바구니와 상부세척날개에 고여있는 물방울이 하부식기바구니로 떨어지는 것을 방지할 수 있습니다. 플라스틱 실리콘 재질의 식기류는 내열온도가 낮아 건조가 잘 되지 않을수 있으며 건조 정도는 식기류의 종류 및 재질에 따라 차이가 발생할 수 있습니다. 식기를 겹쳐서 배열하거나 식기의 오목한 부분이 기울어지지 않고 평평하게 배열되어있을 경우 오목한 부위에 물이 고여있을 수 있습니다. 트리플케어 식기세척기의 경우 큰 냄비나 식기류가 내부 우측 벽면에서 나오는 건조 바람의 통로를 막고 있지 않은지 확인이 필요합니다. 제품에 적용된 건조방식을 확인해 주세요. 응축형건조방식이란? 대부분의 12인용 제품에 적용되며 고온에서 발생된 수증기를 도어에 있는 드라이팬에서 흡입 후 물방울로 응축시켜 내부로 배출하는 방식입니다. 송풍형건조방식이란? 대부분의 6인용 제품에 적용되며 고온에서 발생된 수증기와 열기를 내부팬을 이용하여 내부로 배출하는 방식입니다. 식기세척기의 건조 기능은 보조 역할로써 물방울이 완전히 건조 되지는 않을 수 있습니다. 모델에 따라 내용에 차이가 있을 수 있습니다.,,https://static.service.skmagic.com/editor/faq/ckimg/c6d8ad7d23a94055a0ec47d2d14e3585.png|https://static.service.skmagic.com/editor/faq/ckimg/cf47d276337b4e3f98f2a9bb06c14217.png
식기세척기,급수 및 배수 호스 교체가 필요해요,식기세척기 급수호스와 배수호스는 누수 발생 위험으로 자가 교체가 어렵습니다.,,없음
식기세척기,식기세척기 위치를 변경하고 싶어요,자택 내 단순 위치 변경이 불가한 경우 서비스매니저의 방문 서비스가 필요합니다. 다음 내용을 체크해 주세요 호스선이 짧거나 설치 환경에 영향이 발생하는 경우 등 자택 내 단순 위치 변경이 어려운 경우 서비스매니저가 방문하여 환경을 확인 후 작업이 진행되어야 합니다. 위치 변경 서비스를 요청하시는 경우 비용이 발생됩니다.,,없음
식기세척기,식기세척기 내부와 식기에 흰색 얼룩이 생겨요,식기세척기 내부와 식기에 하얀(흰색) 얼룩이 남아있나요? 하얀 이물질을 손가락에 묻혀 비볐을 때 거품이 난다면 세제 성분일 수 있으며 거품이 나지않고 물을 묻혀 바로 사라진다면 미네랄 성분일 수 있습니다. 식기세척기 내부와 식기에 세제가 남아있나요? 세제 사용량이 많은 경우 발생하므로 반드시 식기세척기 전용 세제를 정량만큼 사용해 주세요. 세제통 앞에 큰식기를 두는 경우 세제 뚜껑 오픈시 간섭이 발생되어 제대로 열리지 못하고 세제가 남을 수 있습니다. 식기세척기 내부와 식기에 미네랄 성분이 남아있나요? 지하수 또는 석회질이 많은 물을 사용하는 지역에서 보이는 증상으로 수돗물에 함유된 미네랄 성분(칼슘 마그네슘 철분 등)이 세제와 만나 발생합니다. 미네랄 성분이 남는 경우 청소가 필요합니다. 하얀(흰색) 얼룩이 남아있는 경우 청소방법을 확인해 주세요. 얼룩이 심한경우 제거가 어려울 수 있으므로 주기적인 청소가 필요합니다. ①내부에 식기를 넣지 않고 [셀프클린] 또는 [간편]코스를 선택한 후 작동해 주세요. (단 얼룩이 심한경우 [강력]코스 이용) ②작동 시작 5분 후 [작동/정지] 버튼을 눌러 일시정지를 해주세요. ③세척기의 문을 열고 내부 바닥에 식초를 넣어주세요. 12인용은 3~4스푼 6인용은 1~2스푼정도 넣어주시면 됩니다. 식초를 많이 넣을 경우 내부가 변색될 수 있으므로 적정량을 확인해 주세요. ④ 세척기의 문을 닫고 [작동/정지] 버튼을 눌러 남은 시간동안 작동해 주세요.,,없음
식기세척기,식기세척기 내부 거름망(필터망) 청소는 어떻게 하나요,내부 거름망은 작동이 끝난 후 매회 청소가 필요합니다. 청소가 제대로 되지 않으면 악취 및 세척에도 영향을 미칠 수 있습니다. .모델별 청소방법 안내 8인용 12인용 식기세척기 거름망 청소 방법입니다. (모델에 따라 필터 수량이 다를 수 있습니다) ① 하부바구니를 꺼내고 내부 필터를 분리 ② 분리한 필터의 오물을 제거 후 흐르는물에 깨끗이 씻어서 청소하기 ③ 분해 역순으로 재조립하기 (거름망이 정위치에 결합되지 않을 경우 세척 및 배수 성능이 저하됩니다) 6인용 식기세척기 거름망 청소 방법입니다. ① 하부바구니를 꺼내고 내부 필터를 분리 ② 분리한 필터의 오물을 제거 후 흐르는물에 깨끗이 씻어서 청소하기 ③ 분해 역순으로 재조립하기 - 마이크로필터와 대필터는 꼭 조립 후 제품에 장착 (거름망이 정위치에 결합되지 않을 경우 세척 및 배수 성능이 저하됩니다) 트리플케어(DWA19) 식기세척기 거름망 청소 방법입니다.,,https://static.service.skmagic.com/editor/faq/ckimg/9ae3f002ac2a4073b7b882418ccf9c3c.png|https://static.service.skmagic.com/editor/faq/ckimg/a229d4609077431f9472597a15744d84.png|https://static.service.skmagic.com/editor/faq/ckimg/f823679370b74ec88b9c7d6a005a36dd.png|https://static.service.skmagic.com/editor/faq/ckimg/fc0f251ce06140d6993eb2a8e97ff07a.png|https://static.service.skmagic.com/editor/faq/ckimg/e37d36d16f3b4e7f9162d1eab97fdd14.png|https://static.service.skmagic.com/editor/faq/ckimg/6e7273f5cbe549078608f3de4ab81fd8.png
식기세척기,급수가 안돼요,일부 식기세척기 모델은 물이 공급되지 않을 경우 [E2]에러 표시가 발생됩니다. 단수 여부 확인 후 단수가 되었다면 제품의 전원을 끄고 수돗물이 정상적으로 공급될때까지 기다려 주세요. 수도밸브와 중간밸브의 열림상태를 확인하고 수도밸브와 중간밸브가 잠겨있다면 밸브를 열어주세요. 급수호스의 눌림이나 꺾인 부분은 없는지 확인해 주세요. 겨울철 영하의 날씨로 급수호스가 결빙되었다면 호스선을 따뜻한 수건으로 감싸서 녹여주세요. 설치환경에 따라 중간밸브 모양은 다를수 있습니다.,,https://static.service.skmagic.com/editor/faq/ckimg/ea5b14277bad4fbe8a51281874d60782.png
식기세척기,작동 중 제품 동작이 멈췄어요,다음 내용을 체크해 주세요 작동 중 제품에 이상이 감지되면 에러가 표시되면서 동작이 멈춥니다. 에러표시 확인 후 자가조치 또는 서비스 점검이 필요합니다. 에러표시 없이 작동 중 전원이 꺼진다면 멀티콘센트를 사용중인지 확인해 주세요. ON/OFF 스위치가 없는 정격용량이 250V 16A 이상인 멀티콘센트인지 단독으로 식기세척기만 연결하여 사용중인지 확인해 주세요. 멀티콘센트 사용시 멀티콘센트의 불량으로 증상이 발생될 수 있으니 멀티콘센트를 교체하여 사용해 주세요. 제품의 전원코드를 다른 콘센트로 위치를 변경하여 확인해 주세요,,없음
식기세척기,작동이 갑자기 멈추고 [E2]표시가 떠요,[E2] 문구는 물공급이 되지 않아 발생되는 급수에러 표시입니다. 설치된 수전이 단수가 되었다면 제품의 전원을 꺼둔 상태로 수돗물이 정상적으로 공급될때까지 기다려주세요. 급수호스가 눌리거나 꺾여있지는 않은지 확인해 주세요. 겨울철 영하의 날씨로 급수호스가 결빙되었다면 호스 선을 따뜻한 물수건으로 감싸서 녹여주세요. 수도밸브와 중간밸브가 잠겨있다면 밸브를 열어주세요. 중간밸브가 설치된 위치를 확인해 주세요. 위 내용에 해당되지 않음에도 [E2]표시가 발생할 경우 전원코드를 분리한 뒤 30초 후 재연결하여 확인해 주세요.,,https://static.service.skmagic.com/editor/faq/ckimg/d2f6fe3549d34d7d91127fbcec212c07.png|https://static.service.skmagic.com/editor/faq/ckimg/ef25f5d9bfb0402eb0cd4f1e30bd8b88.png
식기세척기,도어가 파손됐어요,식기세척기 도어 파손은 부품 교체가 필요하므로 서비스 접수를 진행해 주세요.,,없음
식기세척기,린스는 꼭 사용해야하나요,8인용과 12인용 식기세척기 사용시 린스 사용을 권장합니다. 린스는 꼭 식기세척기 전용린스를 사용해주셔야 합니다. 린스를 사용하면 식기류 표면에 물맺힘 현상이 줄어들어 건조성능이 향상되며 물때와 물얼룩 발생없이 깨끗하게 건조 할 수 있습니다. 6인용 식기세척기는 린스 투입구가 별도로 없으며 시간에 맞춰 수동으로 투입이 어려워 사용을 권장하지 않습니다.,,없음
식기세척기,도어가 고정이 안되고 확 열려요,도어가 초기 사용시에 비하여 많이 열리나요? 사용횟수가 늘어남에 따라 도어를 잡아주는 보조 부품이 자리잡으며 점차 넓게 개방되는것은 정상입니다. 도어가 열릴 때에 일정한 각도에서 멈추거나 잡아주는 부품은 없으며 열릴때마다 각도에 차이가 발생할 수 있습니다. 도어가 일정 각도에서 멈추지 않고 끝까지 개방되나요? 자동문열림 후 또는 수동으로 약하게 도어를 열었을 때 일정한 각도에서 멈추지 않고 끝까지 90도로 개방되는 경우 서비스 점검이 필요합니다.,,없음
식기세척기,도어 패킹이 빠졌어요,일부 제품의 본체쪽 도어 패킹은 청소를 위해 탈부착이 가능하도록 설계되어 있습니다. 3인용 식기세척기의 도어 패킹 장착 방법을 확인해 주세요. 본체 전면의 검정색 도어 패킹을 좌측 첫 부분부터 우측 끝부분까지 홈에 맞춰 누르면서 조립해 주세요. 6인용 식기세척기의 도어 패킹 장착 방법을 확인해 주세요. 내부 하단 상단 측면 패킹 모두 같은 방법으로 조립해 주세요. ①패킹의 뾰족한 부분이 본체 하단의 홈에 들어가도록 끼워 주세요. ②패킹을 본체 하단 홈에 맞춰 누르면서 조립해 주세요. 12인용 식기세척기의 도어 패킹 장착 방법을 확인해 주세요. 내부 입구에 조립된 패킹이 빠진 경우 자가조립이 어려울 수 있고 조립이 제대로 되지 못한 경우 작동 중 누수 발생 위험이 있어 서비스 접수를 권장합니다.,,https://static.service.skmagic.com/editor/faq/ckimg/01c8fd1f23984c18acf7cf01ad41ec52.png|https://static.service.skmagic.com/editor/faq/ckimg/77f1cdb6896b498fbf4b62092d8e6ac0.png|https://static.service.skmagic.com/editor/faq/ckimg/7d2fb704d9ed4281b168a27e2b3f5688.png
식기세척기,내부에 세제가 남아있어요,일반 세제 사용시 과도한 거품으로 세제 잔류 세척성능저하 고장의 원인이 될 수 있어 꼭 전용 세제를 사용해 주셔야 합니다. 작동 종료 후 제품 내부에 거품이나 세제가 남아있는 경우 다음 내용을 체크해 주세요. 가정용 식기세척기 전용 세제를 사용해 주세요. 식기세척기 전용 세제라 하더라도 액체 세제는 도어 안쪽으로 흐를 수 있어 사용을 권장하지 않습니다. 테블렛형 세제(각형 알세제)는 제조회사에 따라 녹는 용해 속도가 다를 수 있습니다. 제품 용량과 세척코스에 따라 세제량은 차이가 있으므로 설명서에 기재된 기준으로 사용해 주세요. 식기 배열 상태를 확인해 주세요. 세제통 바로 앞에 식기가 배치되어 있다면 세제통 뚜껑 열림이 되지 않아 세제가 남아있을 수 있습니다. 큰 식기류는 내부 안쪽으로 배열해주시고 재작동하여 세제통 열림을 확인해 주세요.,,https://static.service.skmagic.com/editor/faq/ckimg/4052bf2ec766456881be74445e6faeca.png
식기세척기,코스까지 선택했는데 시작을 안해요/코스 선택 후 전원이 꺼져요,대부분의 식기세척기 모델에는 시작버튼이 있어 코스 설정 후 [시작/정지]버튼 또는 [▷II] 버튼을 눌러 작동을 시작해야 합니다. 코스 선택 후 전원이 스스로 꺼진다면 확인해 주세요. 일부 제품은 작동코스 선택 후 시작하지 않으면 10분이 경과 후 전원이 꺼집니다. 식기세척기 작동 시작 방법을 확인해 주세요. ①전원을 켜고 원하는 세척 코스 버튼을 눌러 코스를 설정해 주세요. (단 수동 급수 제품은 전원을 켜고 물을 투입한 뒤 코스를 눌러 주세요.) ②[시작/정지] 또는 [ ▷II ] 버튼을 눌러 작동을 시작해 주세요. 작동중에는 코스를 변경할 수 없으므로 코스 변경이 필요한 경우 전원을 껐다 켜고 희망하는 코스를 눌러 시작해 주세요. 식기세척기 작동 시작 또는 작동중 상태를 확인해 주세요. 식기세척기 작동이 시작되거나 작동중인 경우 표시 조작부에 남은 시간 또는 동그라미 모양이 점등되거나 제품에 파란색/빨간색 램프가 점등됩니다. 모델에 따라 내용에 차이가 있을 수 있습니다.,,https://static.service.skmagic.com/editor/faq/ckimg/62438c67af6b40e2a08476c2bd6058d5.png
식기세척기,식기세척기 정수필터를 교체하고 싶어요,식기세척기 정수필터 권장 교체주기는 약 6개월정도이며 사용자 환경에 따라 상이할수 있습니다. 배관을 통해 공급되는 물의 녹과 찌꺼기를 제거하여 깨끗한 물로 세척할 수 있도록 하는 필터입니다. 정수필터 적용 제품이 아닌 모델은 정수필터 장착 부분이 없어 필터를 구매하여도 장착할 수 없습니다. 모델별 정수 필터 교체 방법을 확인해 주세요.,,https://static.service.skmagic.com/editor/faq/ckimg/53662ec6b38249658a08c780293acc3d.png|https://static.service.skmagic.com/editor/faq/ckimg/82c3a228ccd9402b9d067ec9655ca8c9.png
식기세척기,세척이 잘 안돼요,식기 배열 또는 세척 날개 청소 상태등이 세척력에 영향을 미칠 수 있습니다. 식기를 적당량 넣고 서로 겹치지 않도록 배열하여 사용해 주세요. 음식물이 묻어 있는 오목한 부분을 바닥으로 향하게 하여 분사 노즐에서 나오는 물살이 닿도록해 주세요. 세제 투입구 앞에 큰 식기를 배열할 경우 물줄기를 막을 수 있기 때문에 안쪽으로 배열해 주세요. 수저나 젓가락 등은 바구니 틈새로 빠져나와 세척 날개에 걸려 세척이 제대로 되지 않을수 있습니다. 세척날개 및 거름망 청소 상태를 확인해 주세요. 세척날개의 물 분사 구멍이 이물질에 의해 막힌 경우 세척력이 저하되므로 주기적으로 청소해 주세요. 거름망에 이물질이 남아있을 경우 작동시 물과 함께 순환되면서 이물질이 다시 그릇에 묻거나 세척력에 영향을 주기 때문에 작동 후 매회 거름망 청소를 진행해 주세요. 거름망 청소 후 거름망을 알맞게 조립하여 주세요. 식기 오염도를 확인하여 코스 선택과 세제 사용을 확인해 주세요. 식기에 말라 굳어진 이물질이 있다면 불림 또는 애벌세척을 충분히 해주세요. 식기 오염 상태에 따른 적합한 코스를 선택하여 전용 세제를 적정량을 사용하였는지 확인해 주세요. 세제 투입구에 물기가 남아 있을 경우 세제가 굳게됨으로 세제 투입구의 물기를 닦아 사용해 주세요.,,https://static.service.skmagic.com/editor/faq/ckimg/f10e633dcf8f40abaf675ff7db03cc46.png|https://static.service.skmagic.com/editor/faq/ckimg/cb3ceb1a787c436b840811b963fd1a6e.png
식기세척기,린스 사용 방법이 궁금해요,8인용과 12인용 14인용 식기세척기 사용시 린스 사용을 권장합니다. 다음 내용을 확인해 주세요 린스의 역할을 확인해 주세요. 린스를 사용하면 식기류 표면에 물맺힘 현상이 줄어들어 건조성능이 향상되며 물때와 물얼룩 발생 없이 깨끗하게 건조를 할 수 있습니다. 꼭 식기세척기 전용 린스를 사용해주셔야합니다. 제품별 린스 투입 방법 및 투입량 조절 방법을 확인해 주세요. 적용모델 : 린스공급기의 뚜껑이 분리되는 구조(린스 투입량 조절 가능) ①린스 투입구 뚜껑을 열고 MAX 위치까지 린스를 넣고 뚜껑을 닫고 주위에 묻은 린스는 닦아주세요. ②린스액 조절 손잡이를 돌려 린스 투입량을 1단~6단 조절하여 사용해주세요. 투입량을 3 단으로 설정시 약 2~4㎖로 MAX까지 가득 채웠을 경우 약 40회 정도 사용 가능합니다. [린스가 없을 경우 린스액 표시창은 투명 린스가 있을 경우 린스액 표시창은 검정으로 보임] 적용모델 : 린스공급기의 뚜껑이 일체형인 구조(DWA90R/C 모델을 제외 후 린스 투입량 조절 불가) ①린스 투입구 뚜껑을 위로 들어서 열고 MAX (약 150㎖) 위치까지 린스를 넣고 뚜껑을 닫고 주위에 묻은 린스는 닦아주세요. ②린스 투입량은 조절할수 없으며 린스 투입구 뚜껑을 열면 린스액이 남아있는지 육안으로 확인이 가능합니다. (DWA90R/C 모델의 린스 투입량 조절방법은 아래 내용을 확인해 주세요) 1회 투입시 약 3~4㎖로 MAX까지 가득 채웠을 경우 약 40회 정도 사용 가능합니다. 린스 보충이 필요한 경우 표시창에 표시됩니다. 적용모델 : DWA90R DWA90C DWA90 ①린스 투입구 뚜껑을 위로 들어서 열고 MAX (약 150㎖) 위치까지 린스를 넣고 뚜껑을 닫고 주위에 묻은 린스는 닦아주세요. ②전원이 꺼진 상태에서 건조의 [터보] 버튼을 3초간 누르면 부저음이 발생되고 표시창에 기본 셋팅값인 r:02 린스 투입량이 표시됩니다. ③[터보] 버튼을 누를때마다 1~6까지 투입량이 변경되고 [전원]버튼을 누르면 설정값이 저장됩니다. 린스 투입량을 확인해 주세요. 0단계(r:00) 린스 투입되지 않으며 린스 사용을 원치 않을 경우 설정합니다. 1단계(r:01) 1.2cc 투입 2단계(r:02) 2.4cc 투입 3단계(r:03) 3.6cc 투입 4단계(r:04) 4.8cc 투입 5단계(r:05) 6.0cc 투입 6단계(r:06) 7.2cc 투입,,https://static.service.skmagic.com/editor/faq/ckimg/544c07f85bc049b7956ed86d7f518c73.png|https://static.service.skmagic.com/editor/faq/ckimg/db4c4714d906471b8e81479a456e8a29.png
식기세척기,세척날개가 잘 돌아가지 않아요,세척날개의 위치를 확인해 주세요. 천장 세척날개와 상단 세척날개는 분사되는 물살에 의해 회전이 되는 원리로 회전이 느려지거나 멈추는 경우가 발생할 수 있습니다. 세척날개의 조립상태를 확인해 주세요. 세척날개가 제대로 조립되어있지 않으면 작동시 회전이 원활하지 않을 수 있습니다. 세척날개가 빠지지 않도록 정확히 홈에 맞춰 조립해 주세요. 식기 배열 및 필터 조립상태를 확인해 주세요. 수저 및 젓가락등 식기류가 식기바구니 틈새로 빠져나와 있거나 거름망 청소 후 조립이 제대로 되어있지 않으면 세척날개가 식기류 또는 거름망에 걸려 정상적으로 회전이 되지 않을 수 있습니다.,,https://static.service.skmagic.com/editor/faq/ckimg/2c05f0712dc04d849f0bd538cd0b92d6.png
식기세척기,식기세척기 설치시 주의사항은 무엇인가요,식기세척기 설치시 주의사항 및 설치가 적합한 환경인지 확인이 필요합니다. 다음 내용을 체크해 주세요 전기난로 촛불 모기향등의 화기를 멀리해주세요. 플라스티 부품이 열에 의해 변형 또는 코드피복이 녹아 화재 감전의 원인이 됩니다. 바닥이 튼튼하지 않거나 경사진곳 울통불퉁한 곳에서는 설치하지마세요. 진동 및 소음의 원인이 됩니다. 설치 후 반드시 호스의 접속부 누수를 확인해 주세요. 나사가 풀어져 있으며 물이 새어 감전 및 재산상의 피해를 볼수 있습니다. 눈 비바람에 노출된 장소 또는 바닥에 물이 고이기 쉬운곳 부식성 가스가 있는 곳에서는 설치 사용하지 마세요. 동파 감전 화재 고장 변형의 우려가 있습니다. 바닥이 튼튼하고 수평인곳에 설치하고 지시된 방법에 따라 주변 싱크장에 나사 등으로 반드시 고정해서 사용하세요. 진동소음의 원이이 되며 제품 작동시 넘어져 상해의 원인이 됩니다. 제품의 뒷면은 반드시 벽면에 붙여서 설치해주세요 (8인용 12인용) 가스레인지 등 불 또는 고열을 이용하는 제품에서 15cm이상 거리를 두고 설치해주세요 (6인용) 제품 변형 및 화재의 원인이 됩니다. 연장멀티탭선을 이용시 접지 및 정격용량을 확인해 주세요. ON/OFF 스위치가 없고 250V 16A 이상 정격용량에 맞고 접지단자가 있는지 확인이 필요합니다. 사용 중 전원이 꺼지거나 차단기가 내려갈수 있으며 접지단자가 없을 경우 감전의 원인이 됩니다. 급수와 배수가 가능한 시설이 마련되어있는지 확인해 주세요.,,없음
식기세척기,도어가 안닫혀요 (DWA2800P DWA2810P DWA2820P),작동 상태에 따라 도어가 닫히지 않을 수 있습니다. 전원이 꺼진 상태에서도 도어가 닫히지 않는다면 확인해 주세요. 도어를 힘주어 닫아도 덜 닫힌듯하거나 다시 열린다면 본체쪽 도어 패킹 재조립이 필요합니다. 본체 전면의 검정색 도어 패킹을 좌측 첫 부분부터 우측 끝부분까지 홈에 맞춰 누르면서 조립해 주세요. 자동문열림 작동직후 도어가 닫히지 않는다면 확인해 주세요. 작동 종료 5분전 자동 문열림 기능이 작동되어 도어 고정 레버가 돌출됩니다. 약 3분 후 레버가 없어지면 도어를 닫을 수 있습니다. 전면 표시창에 모든 램프가 꺼지면 작동 종료가 되어 도어를 닫을 수 있습니다.,,https://static.service.skmagic.com/editor/faq/ckimg/d32ad10af90845308eb418f4a09d116e.png|https://static.service.skmagic.com/editor/faq/ckimg/c9f857837f38455781d55556ffa46c79.png
식기세척기,UV램프에 불이 들어오지 않아요,UV살균 작동 시점에 UV램프가 점등되지 않는지 확인해 주세요. 6인용 식기세척기 UV램프 작동시점을 확인해 주세요. 6인용 식기세척기는 건조 및 건조보관 케어 작동시 UV램프가 점등됩니다. 트리플케어 식기세척기의 케어 기능 작동시 UV램프는 2시간마다 30분씩 동작이 됩니다. 도어가 닫혀있는 채로 UV램프가 점등되므로 외부에서는 UV램프 불빛이 잘 보이지 않을 수 있습니다. 터치온 식기세척기 UV램프 작동시점을 확인해 주세요. (단 DWA80U5B DWA80R0D DWA80R5B 모델에 한함) 터치온 식기세척기는 세척 종료 및 장시간 미사용시 UV램프가 점등됩니다. UV램프 작동시간은 세척 종료 후 30분(2018년 6월이전 생산모델은 10분) 세척 종료 후 72시간 동안 미사용시에는 6시간동안 점등됩니다. 터치온 식기세척기의 UV램프는 크기도 작고 램프의 밝기가 세지 않아 육안으로 작동 확인은 어려우며 도어를 열었을때 보이는 파란불빛은 UV램프가 작동 중임을 알려주는 알림 램프의 불빛입니다.,,https://static.service.skmagic.com/editor/faq/ckimg/21b3141de55f4118aea36c7b76c4ff67.png
식기세척기,도어가 기울어져 있어요/도어가 싱크장에 닿아요/뻑뻑하고 열고 닫기가 힘들어요,도어를 열고 닫을 때 뻑뻑하거나 제대로 닫히지 않는 경우 도어 수평이 맞는지 확인이 필요합니다. 아래 내용을 보시고 도어 수평이 알맞은지 확인해 주세요. 빌트인 설치 제품은 도어를 열고 닫을 때 도어 옆면이 싱크장에 닿아 불편함이 발생한다면 도어 수평 확인이 필요합니다. 자동문열림 기능이 있는 제품은 본체의 자동문열림 레버 위치와 도어의 걸림 부분이 어긋나있다면 도어 수평 확인이 필요합니다. 도어 수평이 맞지 않는 경우 서비스 접수를 진행해 주세요. 새제품의 도어가 뻑뻑해서 열고 닫기 힘든 경우 확인해 주세요. 새제품 초기 사용시에는 도어가 뻑뻑하여 여닫힘이 부드럽지 않을 수 있습니다. 사용경과에 따라 더욱 유연해집니다.,,https://static.service.skmagic.com/editor/faq/ckimg/309b392ff33944ce98d630e8f8b75d7d.png
식기세척기,[SE] 표시가 떠요,[SE] 문구는 조작부의 버튼이 약 1분간 연속으로 터치되었을때 발생하는 표시입니다. 다음 내용을 체크해 주세요 전원 콘센트 분리 후 10초정도 이후 재연결하여 작동 여부 확인해 주세요. 조작터치부에 이물질이 묻어있다면 닦아주세요. 트리플케어식기세척기와 터치온식기세척기에서 발생하는 표시입니다. [SE] 표시가 [5E]라는 문구처럼 보일 수 있는점 참고해주세요.,,https://static.service.skmagic.com/editor/faq/ckimg/421caef54efc4bafba6ea4865a071109.png
식기세척기,건조 방식(원리)이 궁금해요,식기세척기의 주된 기능은 세척으로 건조 기능을 사용하더라도 식기세척기 내부 벽면이나 식기바구니 사출물등에는 물기가 남아있을 수 있습니다. 다음 내용을 확인해 주세요 송풍형 건조방식이란? 대부분의 6인용 식기세척기의 건조 방식입니다. 고온에서 발생된 수증기와 열기를 내부팬을 이용하여 내부로 배출하는 방식입니다. 고온의 수증기가 외부로 배출되어 안전상의 주의가 필요하며 송풍형 건조방식 특성상 자연건조와 가까워 물방울이 완전히 건조 되지는 않습니다. 응축형건조방식이란? 대부분의 12인용 식기세척기의 건조 방식입니다. 고온에서 발생된 수증기를 도어에 있는 드라이팬에서 흡입 후 물방울로 응축시켜 내부로 배출하는 방식입니다. 수증기를 외부로 배출시키지 않아 안전사고를 예방할수 있는 장점은 있으나 응축건조 특성상 물방울이 완전히 건조 되지는 않습니다. <응축형 건조 방식 원리> 건조 효과를 높일 수 있는 방법을 확인해 주세요. 린스 투입 기능이 있는 제품은 식기척기 전용 린스를 사용하면 식기류 표면에 물맺힘 현상이 줄어들어 건조성능이 향상되며 물때와 물얼룩 발생 없이 깨끗하게 건조를 할 수 있습니다. 작동 종료 후 도어를 열어두면 내부 수증기가 배출되어 자연건조효과까지 더욱 효율적인 건조가 가능합니다. (단 자동문열림이 있는 제품은 해당기능을 사용해 주세요) 작동 종료 후 도어를 닫은채로 장시간이 지나면 내부 온도가 내려가 남아있는 수증기가 다시 물방울로 바뀌어 맺혀있을 수 있습니다. 하부식기바구니상부식기바구니 순서로 분리 사용하면 상부식기바구니와 상부세척날개에 고여있는 물방울이 하부식기바구니로 떨어지는 것을 방지할 수 있습니다. 플라스틱 실리콘 재질의 식기류는 내열온도가 낮아 건조가 잘 되지 않을수 있으며 건조 정도는 식기류의 종류 및 재질에 따라 차이가 발생할 수 있습니다. 식기를 겹쳐서 배열하거나 식기의 오목한 부분이 기울어지지 않고 평평하게 배열되어있을 경우 오목한 부위에 물이 고여있을 수 있습니다. [상/하단 바구니 올바른 식기 배열 방법] 모델에 따라 내용에 차이가 있을 수 있습니다.,,https://static.service.skmagic.com/editor/faq/ckimg/e8fed1e244f742579f5c15849eeccd7b.png|https://static.service.skmagic.com/editor/faq/ckimg/e9fc4914fa5c44a0a889b371ff71ecab.png
식기세척기,식기세척기 소모품은 어떻게 구매할 수 있나요,모델명과 구매하실 소모품을 확인 후 문의해 주세요.,,없음
식기세척기,작동 중 도어가 갑자기 열려요,건조중이거나 세척이 끝난 후 또는 보관코스 작동중 도어가 혼자서 열리고 닫히나요? 작동 중 건조 또는 열기 순환이 필요한 경우 도어가 자동으로 열리거나 닫힐 수 있습니다. 정상적인 경우 도어가 열렸을때 표시창에는 남은 시간 또는 진행중을 알리는 표시가 뜹니다. 물이 내부에 차있는 상태에서 도어가 열리거나 작동이 멈추고 DR 표시가 뜨나요? 도어를 강제로 닫고 전원을 끈 후 전원코드선을 뽑아 30초 후 연결하여 사용해 주세요. 동일 증상이 발생하는 경우 전문가의 점검이 필요합니다. 자동문열림 기능이 없는 모델인데 작동중 도어가 열리나요? 도어를 강제로 닫고 전원을 끈 후 전원코드선을 뽑아 30초 후 연결하여 사용해 주세요. 동일 증상이 발생하는 경우 전문가의 점검이 필요합니다.,,https://static.service.skmagic.com/editor/faq/ckimg/5ba86d9a912540098911837d2ba67700.png
식기세척기,작동이 끝났는데 세제통이 닫혀있고 세제가 녹지 않았어요,식기 배치를 확인합니다. 세제통 위치 앞에 냄비나 큰 식기가 배치되어있다면 세제통 열림을 방해할수 있습니다. 큰 식기류는 내부 안쪽으로 배열해주시고 재작동하여 세제통 열림을 확인해 주세요. 세제통 내부의 물기를 제거합니다. 세제통에 물기가 있는 상태에서 세제를 넣으면 물기로 인해 세제가 세제통 내부에 눌러붙게 되어 제대로 투입되지 못하고 세제통안에 남아있게 됩니다. 세제를 넣기 전 세제통에 물기가 남아있다면 닦아낸 이후 세제를 넣어주세요.,,없음
식기세척기,식기세척기에서 타는 냄새 플라스틱 냄새가 나요,사용 초기 제품에서 발생하는 냄새라면 확인해 주세요. 새제품 사용시 히터가 발열하면서 제진재 고무패킹 내부사출물 등 내부 새부품에 열이 전달되면서 발생할 수 있으며 이는 지속하여 사용시 한두달이후 자연적으로 사라지는 냄새입니다. 새제품에서 발생하는 냄새가 심한 경우 창문을 열어 환기시켜 주세요. 제품 내부 외부 콘센트 등에 그을리거나 탄 흔적이 있는 경우 작동을 중지하고 서비스 접수를 진행해 주세요. 사용하던 제품에서 발생하는 냄새라면 확인해 주세요. 멀티콘센트 사용시 ON/OFF 스위치가 없는 250V 16A 이상의 정격용량인지 확인 후 새 멀티콘센트로 교체하여 사용해 보세요. 제품 내부 외부 콘센트 등에 그을리거나 탄 흔적이 있는 경우 작동을 중지하고 서비스 접수를 진행해 주세요.,,없음
식기세척기,[AU] 표시가 뜨고 도어가 안열려요 (터치온 식기세척기),[AU] 문구는 도어 문열림이 정상적으로 작동되지 않아 발생하는 에러 표시입니다. 다음 내용을 체크해 주세요 [전원 콘센트 분리 후 10초정도 이후 재연결하여 확인해 주세요. 터치온버튼으로 자동적으로 도어가 열리지 않을 경우 본체 좌측 하단부의 수동 개폐 레버를 이용해서 임시적으로 도어를 열고 사용해 주세요. [수동 개폐 방법 - 레버를 우측에서 좌측으로 밀어주세요] [AU]문구가 뜨고 자동 문열림이 안되는 경우에는 서비스 접수가 필요합니다.,,https://static.service.skmagic.com/editor/faq/ckimg/75a54287727c45d881be9f168344eb6f.png
식기세척기,부속품을 교체하고 싶어요 (거름망 수저통),거름망 수저통은 별도로 부속품만 구매하시어 자가적으로 교체하실 수 있습니다.,,없음
식기세척기,버튼음(알림음) 음소거 ON/OFF 설정 방법이 궁금해요,모델별 버튼음 음소거 설정방법을 확인해 주세요. 적용모델 : DWA91R0D DWA91R5B DWA91C0D DWA91C5B DWA91C6B DWA9100D DWA9105B DWA9106B ①전원이 꺼진 상태에서 [저소음]버튼을 3초 이상 누르면 '띵'소리가 발생합니다. ②표시창에 P1이 표시되고 [저소음]버튼을 짧게 누르면 P2 표시로 변경됩니다. ③[전원]버튼을 눌러 표시창에 d:on 표시가 표시되면 [저소음]버튼을 눌러 d:oF 로 변경 후 [전원]버튼을 눌러주면 음소거됩니다. ④음소거 해제를 원하는 경우 1~2번까지 동일하게 진행 후 3번 과정에서 [저소음]버튼을 눌러 d:on 표시되면 버튼음이 발생합니다. 적용모델 : DWA2800P DWA2810P DWA2820P DWA2830P ①전원이 켜진 상태에서 [일반]버튼과 [강력]버튼을 동시에 3초간 누르면 알림 해제/설정 가능합니다. (단 음량조절은 불가) ②알림 설정이 완료 되면 짧게 '삐'소리가 나며 알림 해제시 '띠잉' 소리가 발생합니다. 해당 모델은 버튼음과 세척종료 에러가 발생하는 경우 등의 알림음이 함께 적용됩니다. 적용모델 : DWA2900 DWA2910 DWA2920 DWA2930 ①전원이 켜진 상태에서 [코스]버튼을 3초간 누르면 알림 해제/설정 가능합니다. ②알림 설정이 완료 되면 '띵' 소리가 발생합니다. 적용모델 : DWA19R0P10 DWA19C0P10 DWA19C1P20 ①전원이 켜진 상태에서 임의로 코스를 선택한 후 [시작/정지]버튼을 눌러 작동을 시작해 주세요. ②작동중인 상태에서 [케어]버튼을 3초 이상 누르면 좌측 표시창에 음소거 설정 상태가 On/OF(OFF)로 확인되며 설정이 완료됩니다. ③다시 [케어]버튼을 3초 이상 누르면 설정 상태를 반복하여 변경할 수 있습니다. 음소거 기능을 설정할때 외에는 음소거 설정 상태는 보이지 않습니다. 적용모델 : DWA19R0P00 DWA19C0P00 DWA19C1P00 (제조일자에 따라 음소거 기능이 없을 수 있습니다) ①전원코드선이 연결된 상태로 제품의 [전원]버튼을 눌러 전원을 꺼주세요. ②전원이 꺼진 상태에서 [케어]버튼을 5초 이상 누르면 음소거 설정 상태가 확인되며 설정이 완료됩니다. ③다시 [케어]버튼을 5초 이상 누르면 설정 상태를 반복하여 변경할 수 있습니다.,,없음
식기세척기,식기세척기에서 하수구(악취) 냄새가 나요,배수호스가 정상적으로 연결되어 있지 않으면 하수구 냄새로 인해 악취가 발생할 수 있습니다. 싱크대 배관 배수호스가 Y자배관 또는 하수관에 잘 연결되어있지 않다면 하수도 냄새가 내부로 유입될 수 있으므로 연결 상태를 확인해 주세요. 식기세척기 배수호스의 설치 높이가 80cm 이상이 맞나요? 높이가 너무 낮을 경우 싱크대 배관 배수호스의 역류로 냄새 발생의 원인이 될 수 있습니다. 위 증상이 아니라면 청소가 필요합니다. 내부 청소로 냄새를 제거해 보세요. ①내부에 식기를 넣지 않고 [셀프클린] 또는 [강력]코스 선택 후 작동을 시작해 주세요. ②작동 시작 5분 후 [작동/정지] 버튼을 눌러 일시정지해주세요. ③세척기의 문을 열고 내부 바닥에 소주잔 기준 식초를 반컵 또는 구연산 2스푼을 넣어주세요. 식초 또는 구연산을 너무 많이 넣지마세요. ④세척기의 문을 닫고 [작동/정지] 버튼을 눌러 이어서 작동 후 코스가 종료되면 확인해 주세요.,,https://static.service.skmagic.com/editor/faq/ckimg/3664afa93bee47328c0b44006ef80619.png|https://static.service.skmagic.com/editor/faq/ckimg/7dcda535df0046c2b718810bab321330.png
식기세척기,[E7] 표시가 떠요 (DWA90C/R),E7 표시가 뜨고 작동이 되지 않나요? 제품 내부에 에어케어 필터와 필터 캡이 장착되어있지 않거나 오조립 된 경우 발생하는 표시입니다. 에어케어필터와 필터 캡의 장착 상태를 확인해 주세요. 에어케어 필터에 필터 캡이 조립된 상태로 제품 내부에 장착해 주세요. 에어케어 필터와 필터 캡이 장착되어 있으나 E7표시가 지속하여 발생하는 경우 필터 캡을 열어 캡 부분에 자석이 붙어있는지 확인해 주세요. 필터 캡에 자석이 없는 경우 주변에 떨어진 자석이 없는지 조리용 집게를 에어케어필터 장착 공간 안쪽으로 넣어 붙어 나오는 자석이 없는지 확인해 주세요. 자석이 분실되거나 파손된 경우 필터 캡의 교체가 필요합니다.,,https://static.service.skmagic.com/editor/faq/ckimg/749739a33dbd41d09f502bfce6eaa6ca.png|https://static.service.skmagic.com/editor/faq/ckimg/9610b6eb4f4a4b59b1fed5cc66c1ca51.png
식기세척기,잠금(차일드락) ON/OFF 설정 방법이 궁금해요,잠금(차일드락)이란? 유아 또는 어린이가 조작하지 못하도록 모든 버튼 입력이 차단되는 기능입니다. 모델별 잠금(차일드락) 설정 ON/OFF 방법을 확인해 주세요. 적용모델 : DWA19R0P10/19C0P10/19C1P ①전원이 켜진 상태에서 임의로 코스를 선택한 후 [시작/정지]버튼을 눌러 작동을 시작해 주세요. ②작동중인 상태에서 [세척]버튼을 3초 이상 누르면 좌측 표시창에 잠금이 표시됩니다. ③[세척]버튼을 3초 이상 누를때마다 설정 상태를 반복하여 변경할 수 있으며 해동 모델은 작동 종료시 잠금이 자동 해제됩니다. 적용모델 : DWA90R/90C ①도어가 열린 상태에서 설정이 가능합니다. 이미 도어가 잠겨있는 경우 도어 중앙을 5초 이상 누른 뒤 부저음 소리가 나면 다시 눌러 도어를 열어주세요.(아래 이미지 참고) ②[잠금]버튼을 3초 이상 누르면 잠금 램프가 점등되고 잠금 설정이 완료됩니다. ③[상단]+[하단]버튼을 동시에 3초 이상 누를때마다 설정 상태를 반복하여 변경할 수 있습니다. 적용모델 : DWA80/81 ①[자동문열림]+[예약]버튼을 동시에 3초 이상 누르면 표시창에 잠금이 표시되며 터치온 버튼에 자물쇠 표시가 점등됩니다. ②[자동문열림]+[예약]버튼을 동시에 3초 이상 누를때마다 설정 상태를 반복하여 변경할 수 있습니다. 적용모델 : DWA7301/7302/7303/7601 ①[작동/정지]버튼을 3초 이상 누르면 표시창에 CL이 표시되며 잠금이 설정됩니다. ②[작동/정지]버튼을 3초 이상 누를때마다 설정 상태를 반복하여 변경할 수 있으며 해동 모델은 작동 종료시 잠금이 자동 해제됩니다. 적용모델 : DWA2800/2810/2820 ①[잠금] 또는 [헹굼건조]+[열풍건조]버튼을 동시에 3초 이상 누르면 표시창에 잠금 램프가 점등되며 잠금이 설정됩니다. ②[잠금] 또는 [헹굼건조]+[열풍건조]버튼을 동시에 3초 이상 누를때마다 설정 상태를 반복하여 변경할 수 있습니다. 적용모델 : DWA1676/1677/1678/1679/61R/60R/1811/1812/1813/1814/1815 ①[동작/정지]버튼을 동시에 3초 이상 누르면 표시창에 CL이 표시되며 잠금이 설정됩니다. ②[동작/정지]버튼을 동시에 3초 이상 누를때마다 설정 상태를 반복하여 변경할 수 있습니다. 적용모델 : DWA2900/2910/2920/2930 ①전원이 켜진 상태에서 임의로 코스를 선택한 후 [시작/정지]버튼을 눌러 작동을 시작해 주세요. ②작동 중 [잠금]버튼을 3초 이상 누르면 표시창에 자물쇠 표시가 점등되며 잠금이 설정됩니다. ③[잠금]버튼을 3초 이상 누를때마다 설정 상태를 반복하여 변경할 수 있습니다. 모델에 따라 내용에 차이가 있을 수 있습니다.,,https://static.service.skmagic.com/editor/faq/ckimg/5975dd27a4de42ef8478ec22d1867280.png
식기세척기,하단날개 조립방법 (DWA19계열),하단날개 조립 후 본체 조립이 안될 경우 아래 이미지와 같이 조립되었는지 확인해 주세요.,[표1] | https://static.service.skmagic.com/editor/faq/ckimg/c63538a7a6114c328c8e38c616dcaff5.png | https://static.service.skmagic.com/editor/faq/ckimg/8ece80dcda304d219196b6f8d05bc834.png | https://static.service.skmagic.com/editor/faq/ckimg/1b3f0c5a3fe743c19fb928fb9bcd45d8.png | | --- | --- | --- | | 하단날개 부품 | ①번 부품에 ②번 부품을 올려주세요 . | ⑤톱니바퀴 안쪽으로 ③나사를 넣고 십자드라이버로 조립해 주세요 . | | https://static.service.skmagic.com/editor/faq/ckimg/c33ed3d6a800497fa0d6590c07652686.png | https://static.service.skmagic.com/editor/faq/ckimg/51d3676343724aa994aa4ec72905da7f.png | https://static.service.skmagic.com/editor/faq/ckimg/30f52726511f4a8086920c67847c3534.png | | 큰 톱니바퀴의 모양 대로 맞춰 주세요 . | ④톱니바퀴를 맞춰 넣은 뒤 ③나사를 넣고 십자드라이버로 조립해 주세요 . | 정상조립 상태입니다 . 하단 밑부분 위치에 맞춰 꾹 눌러 끼워주세요 . |,https://static.service.skmagic.com/editor/faq/ckimg/c63538a7a6114c328c8e38c616dcaff5.png|https://static.service.skmagic.com/editor/faq/ckimg/8ece80dcda304d219196b6f8d05bc834.png|https://static.service.skmagic.com/editor/faq/ckimg/1b3f0c5a3fe743c19fb928fb9bcd45d8.png|https://static.service.skmagic.com/editor/faq/ckimg/c33ed3d6a800497fa0d6590c07652686.png|https://static.service.skmagic.com/editor/faq/ckimg/51d3676343724aa994aa4ec72905da7f.png|https://static.service.skmagic.com/editor/faq/ckimg/30f52726511f4a8086920c67847c3534.png|https://static.service.skmagic.com/editor/faq/ckimg/c33ed3d6a800497fa0d6590c07652686.png
식기세척기,도어를 여닫을때 소음이 나요,식기세척기 도어를 열고 닫을때 '끼익' 또는 '드르륵' 등 소음이 발생하나요? 도어 틈새에 젓가락 또는 이물질 끼임은 없는지 확인해 주세요.,,없음
식기세척기,식기세척기 도어가 많이 열려요(DWA90 DWA91 계열),도어가 너무 많이 열려요. 도어 열림 거리는 200±100mm (10cm~30cm)로 설정되어 있습니다. 도어 열림 거리가 가까우면 건조 중 건조 후 제품 내부의 뜨거운 수증기에 의해 씽크대 물맺힘 현상이 발생 될 수 있음으로 일정 거리로 도어가 열려야 합니다. 도어가 처음보다 더 많이 열려요. 도어 열림/닫힘은 나일론 재질의 로프(줄)로 조절합니다. 나일론 재질 특성 상 도어의 열림 유지/ 닫힘 유지 상태에 따라 약간의 줄어들고 늘어남은 발생될 수 있으며 대부분의 식기세척기가 가지고 있는 특징입니다. 도어가 많이 열려서 주방 사용 시 불편해요. 식기세척기 작동 종료 후 도어가 열린 상태에서 일정 시간이 지나면 도어 열림거리가 늘어나고 도어가 닫힘 상태에서 일정시간이 지나면 도어 열림거리가 줄어드니 1~2일 정도 도어를 닫아놔 주세요.,,없음
식기세척기,6인용 식기세척기 설치시 필요한 공간사이즈는 어떻게 되나요,6인용 식기세척기 설치시 필요한 공간 사이즈를 확인해 주세요. 적용모델 : DWA1675 DWA1676 DWA1677 DWA1678 DWA1811 DWA1812 DWA60R0P DWA61R0P DWA0655 DWA0656 DWA0657 싱크장 상부 개수대 옆에 제품을 놓고 설치할수 있도록 최소한 제품 사이즈(가로 536mm×깊이 412mm) 이상되는 공간이 필요하며 도어가 위로 열리는 구조로 높이는 최소 555mm 이상 공간이 확보되어야 합니다. 6인용 식기세척기는 빌트인 설치 불가합니다. 트리플케어 식기세척기 설치시 필요한 공간 사이즈를 확인해 주세요. 적용모델 : DWA19R0P DWA19C0P DWA19C1P 트리플케어 식기세척기의 제품 사이즈 (가로 540mm×전면 높이 523mm×깊이 370mm) 이상되는 설치 공간이 필요하며 도어가 앞으로 열리는 구조로 도어가 완전히 열렸을때 최소 725mm 이상의 깊이 공간이 간섭되지 않도록 확보되어야합니다. 트리플케어 식기세척기는 빌트인 설치 가능합니다.,,https://static.service.skmagic.com/editor/faq/ckimg/68634d9820e449a7b580daaec4a377e7.png|https://static.service.skmagic.com/editor/faq/ckimg/8fd266d5c58342b8aa7ac8d833ba7109.png
식기세척기,트리플케어 식기세척기 에어필터를 교체하고 싶어요,다음 내용을 체크해 주세요 트리플케어 식기세척기 에어필터 권장 교체주기는 약 6개월정도이며 사용자 환경에 따라 상이할수 있습니다. 눈에 보이지 않는 공기 중 미세먼지 (2.5㎛~10㎛)를 제거하여 식기를 더욱 깨끗하게 건조하고 내부를 환기시킵니다. 에어필터 교체 방법 ①전원을 OFF 해주세요. ②정면 우측 하단에 있는 필터케이스를 앞으로 당겨 분리해주세요. ③기존 에어필터를 분리 후 새 에어필터를 홈에 맞춰 끼워주세요. ④필터케이스를 밀어 넣어 본체에 다시 조립해주세요.,,https://static.service.skmagic.com/editor/faq/ckimg/d7cf2ca52deb4a3b81764505f9d96a15.png
식기세척기,표시창 숫자가 일부만 보이거나 깨져보여요,ts. to 의 표시 램프 상태를 확인해 주세요. E 또는 F 의 표시램프상태를 확인해 주세요. 그외 사용설명서에 표기되지 않은 문구가 깨져보이는 경우 서비스접수가 필요합니다.,,https://static.service.skmagic.com/editor/faq/ckimg/88b70f1bc13e491aa1f90e7409a04b1d.png|https://static.service.skmagic.com/editor/faq/ckimg/c2fbd48a62d54fdbae5b158e48590b86.png
식기세척기,[E1] 표시가 떠요,E1 표시가 뜨는 경우 제품 상태를 확인해 주세요. 다음 내용을 확인해 주세요 [E1] 문구는 급수 이상으로 발생되는 에러 표시입니다. 적용모델 : DWA2800 DWA2810 DWA2820 무설치 수동급수의 경우 반드시 전원이 켜진 상태에서 급수를 진행해 주세요. 표시창에 수도꼭지 표시가 사라질때까지 또는 만수 알림음이 울릴때까지만 물을 채워주세요. 물이 넘쳐 누수될 수 있습니다. 설치 자동급수의 경우 중간밸브가 열려 있는지 설치된 장소의 수도가 단수된 건 아닌지 수압이 너무 약한지 호스가 꺾이거나 눌린 부위는 없는지 등 급수 상태를 확인해 주세요. 설치 자동급수의 경우 변동수압으로 인해 순간적으로 수압이 낮아진건 아닌지 확인해 주세요. 적용모델 : DWA2900 DWA2910 DWA2920 DWA2930 중간밸브가 열려 있는지 설치된 장소의 수도가 단수된 건 아닌지 수압이 너무 약한지 호스가 꺾이거나 눌린 부위는 없는지 등 급수 상태를 확인해 주세요. 그외 모델의 경우 문열림 알림 표시로 [E1] 문구가 발생될 수 있습니다. (일부 모델에 한함),,없음
식기세척기,세척날개가 파손 됐어요,세척날개는 부속품만 구매하여 자가적으로 교체가 가능합니다. 세척날개 조립방법이 궁금하시다면 서비스 홈페이지를 통해 상담예약을 신청해 주세요.,,없음
식기세척기,식기세척기에 사용이 불가한 식기류는 무엇인가요,사용이 불가한 식기류를 확인해 주세요. 내열온도 90도 이하의 플라스틱류 칠기 목제식기 가벼운 식기류 알루미늄 식기류 은제 식기 및 수저류 크리스탈류 식기류 고온과 수분에 약한 식기류 사용 시 주의가 필요한 식기류를 확인해 주세요. 일부 유리재질 식기류(코렐 및 코팅그릇) 및 도자기 식기류 장기 사용시 물때 등에 의해 누렇게 변색되거나 메탈마크 등이 생길수 있으므로 그릇 제조사에서 판매되는 얼룩제거 세제로 정기적으로 세척해 주세요. 얼룩이나 메탈마크는 식기세척기에 의해 발생하는것이 아닙니다. 손 세척으로도 잘 닦이지 않는 타서 눌어붙은 오염물이 있는 식기류는 식기세척기에서도 세척이 잘 되지 않을수 있으니 찌꺼기를 긁어내고 넣어주세요.,,https://static.service.skmagic.com/editor/faq/ckimg/db85b647e21b4b67b5e9e98800682a8d.png|https://static.service.skmagic.com/editor/faq/ckimg/7315697831f64f079a979f303969b006.png
식기세척기,[SC] 표시가 떠요 (DWA19C DWA19R),작동중 표시창에 SC 또는 5C 표시가 발생하는 경우 아래 내용을 확인해 주세요. [SC] 문구는 스마트 케어 기능이 작동 중임을 알려주는 알림 표시입니다. 적용모델 DWA19R0P DWA19C0P DWA19C1P (트리플케어 식기세척기) 스마트 케어 코스를 선택하여 작동시킨 경우 스마트 케어 코스가 동작할 때 [SC] 라는 작동 알림 표시가 뜹니다. [SC] 표시가 [5C]로 보여질 수 있습니다.,,https://static.service.skmagic.com/editor/faq/ckimg/45741d7e994240609a95a09bafe97f36.png
식기세척기,자동문열림 도어가 열리는 각도가 궁금해요,자동문열림 기능 작동시 도어가 열리는 정도(각도)는 정해져있지 않습니다. 자동문열림 각도를 확인해 주세요. 자동문열림 기능이 작동하여 도어가 열렸을 때 거리는 약 2cm 정도이며 사용시마다 1~2cm 차이가 발생할 수 있습니다. 자동문열림은 순간적인 장력에 의해 열린 도어를 나일론 재질의 로프로 조정하므로 나일론 재질의 특성상 거리가 줄어들거나 늘어나는 차이가 발생할 수 있습니다. 새제품 또는 사용 횟수가 적은 제품일수록 도어 열림 정도가 좁을 수 있습니다. 도어의 열림 정도는 제품 성능과 무관하며 하자가 있는 부분이 아니니 안심하시고 사용해 주세요.,,없음
식기세척기,빌트인 설치 전용 제품을 알고싶어요 (8인용 12인용 식기세척기),도어판넬 교체가 불가한 빌트인 전용 제품 해당모델 : 터치온식기세척기 DWA80U5B DWA8005B DWA80R5B DWA81R5B DWA81U5B DWA8006B 도어판넬 교체가 가능한 빌트인 전용 제품 해당모델 : DWA7303B DWA7501B DWA7505B DWA2628B 식기세척기 도어판넬을 별도로 제작하거나 구매를 해야하는 번거로움이 있으나 싱크대 색상에 맞춰서 원하는 도어 판넬을 제작할 수 있습니다. 제품 구매시 아래 이미지처럼 제품에 도어판넬이 부착되어있지 않습니다.,,https://static.service.skmagic.com/editor/faq/ckimg/b27efd876afa4bdc89cd26c3bee05f21.png|https://static.service.skmagic.com/editor/faq/ckimg/64743a6be85d4844874d8a18dc2234e6.png|https://static.service.skmagic.com/editor/faq/ckimg/7cf6e69a232b42438051934d409542c4.png
식기세척기,하트박스가(하트바구니) 무엇인가요,하트박스(하구바구니)란? 젖병 실리콘 꼭지 캡 뚜껑 등이 강한 물살에 의해 움직이지 않도록 담아서 사용할 수 있는 다용도 바구니입니다. 고온에서도 환경호르몬 걱정없는 향균 PP 소재입니다. 모델별로 알맞은 하트박스를 별도 구매하여 장착이 가능합니다. 하트박스(하트바구니)사용 방법을 확인해 주세요. ①하트박스의 양쪽 첫번째 날개를 밖으로 펼쳐주세요. ②두번째 날개를 열고 바구니 안에 뚜껑 캡 등 작은 용기를 담아주세요. ③두번째 날개에는 실리콘 꼭지를 첫번째 날개에는 젖병을 장착해 주세요. ④하단바구니의 접시꽂이를 눕히고 그자리에 하트박스를 올려주세요. 하트박스 적용 모델을 확인해 주세요. 하트박스를 놓을 수 있는 공간이 부족한 경우 하트박스가 제대로 고정되지 않아 사용을 권장하지 않습니다. DWA19R0P DWA19C0P DWA19C1P을 제외한 6인용 모델에 젖병거치대가 포함된 하트박스 사용이 가능합니다. DWA19R0P DWA19C0P DWA19C1P 모델은 젖병거치대가 없는 하트박스 사용이 가능합니다.,,https://static.service.skmagic.com/editor/faq/ckimg/538450dce4ec4d13a1f0013dbb256012.png|https://static.service.skmagic.com/editor/faq/ckimg/4cae7f302f5f4a41abc772fed253a9e7.png|https://static.service.skmagic.com/editor/faq/ckimg/d8fbcd1326b14ae6a608605afee4811d.png|https://static.service.skmagic.com/editor/faq/ckimg/5479402ccecc4f55b69708e99e520fac.png|https://static.service.skmagic.com/editor/faq/ckimg/f487d7442167454c87045be55fb07a43.png|https://static.service.skmagic.com/editor/faq/ckimg/a69936be751e4fdda0e6ef6fb14951e9.png
식기세척기,식기세척기에서 전기가 느껴져요,전기제품이 작동하는 동안은 제품 겉면에 미세한 전류가 흐르므로 접지형 콘센트 사용이 필요합니다. 접지가 되어있지 않은 콘센트에 전기제품을 연결하여 사용하는 경우 제품에 흐르는 전기가 신체로 전달되어 전기가 느껴질 수 있습니다. 접지는 누설전류나 이상전류가 발생하였을 경우 대지로 방전하여 인체와 제품 기기를 보호할 수 있는 역할을 하므로 모든 콘센트는 접지형으로 사용해 주세요. 접지형 콘센트에 연결해도 전기가 느껴지나요? 전원코드선이 헐렁이지않고 깊숙히 맞게 연결되었는지 확인해 주세요. 접지형 콘센트라도 접지 단자가 흔들리거나 노후되었다면 접지능력이 저하되었을 수 있으므로 콘센트 점검이 필요합니다. 제품 겉면에 물기가 있는 경우 전원코드선을 분리한 상태로 물기를 모두 닦고 한시간 후 연결하여 확인해 주세요. 접지형 콘센트가 아닌가요? 콘센트에 접지가 없는 경우는 전기 설비 전문가에게 별도로 전기공사를 의뢰해야합니다.,,https://static.service.skmagic.com/editor/faq/ckimg/3b4694726ea042a7adcf9da7f2208bf1.png
식기세척기,프리스탠딩 제품을 빌트인으로 빌트인 제품을 프리스탠딩으로 설치/변경할 수 있나요 (8인용 12인용 식기세척기),프리스탠딩 제품에 한하여 빌트인과 프리스탠딩 형태 모두 설치 가능하며 빌트인 제품은 프리스탠딩 형태로 설치가 불가합니다. 프리스탠딩 형태로 설치하였던 제품을 빌트인 형태로 설치하려는 경우 확인해 주세요. 빌트인 설치시 싱크대 높이에 따라 식기세척기 상판 (약 3cm) 분리 및 싱크대 걸레받이 절단 작업이 필요합니다. 식기세척기를 매립하여 설치할수 있도록 싱크장 공간을 확보해 주셔야 합니다. 빌트인 형태로 설치하였던 제품을 프리스탠딩 형태로 설치하려는 경우 확인해 주세요. 빌트인 설치 전용 제품은 프리스탠딩 형태로 설치가 불가합니다. 프리스탠딩 형태로 설치하려면 분리했던 식기세척기 상판 조립 과정이 필요합니다. 프리스탠딩과 빌트인 제품을 확인해 주세요.,,https://static.service.skmagic.com/editor/faq/ckimg/67f4dd72d0da4416a74743495b0d1abd.png|https://static.service.skmagic.com/editor/faq/ckimg/7e0760dddd3b4d46b4ad864cc13d97e3.png
식기세척기,배수 시 소음이 너무 커요(DWA2910/DWA2920/DWA2930),배수 시 진동음이 너무 큰가요? 배수 시 발생되는 진동음은 식기세척기 안에 남아있는 잔수를 제거하기 위해 펌프가 작동하면서 발생하는 소리입니다. 보통 씽크대 위에 설치되다보니 진동음이 더 크게 발생될 수 있습니다. 정상적인 펌프 동작 소리임으로 안심하시고 사용하셔도 됩니다.,,없음
식기세척기,버튼 작동 방법 (DWA90R DWA90C),전원 ON/OFF 방법을 확인해 주세요. 전원 버튼을 짧게 누른 뒤 손을 떼면 이때 부저음이 발생하며 전원이 켜집니다. 전원 버튼을 3초이상 누른 뒤 손을 떼면 이때 부저음이 발생하며 전원이 꺼집니다. 부저음을 꺼둔 경우 부저음 소리는 들리지 않습니다.,,https://static.service.skmagic.com/editor/faq/ckimg/3b04e111b5024f919067b1e2bb9ba781.png
식기세척기,[CL] 표시가 뜨고 버튼이 안눌러져요,[CL] 문구는 버튼 잠금 설정이 되었다는 표시입니다. 다음 내용을 체크해 주세요 자물쇠 모양이 있는 설정버튼을 3초이상 길게 누르면 잠금기능이 설정 또는 해제가 됩니다. DWA7430 DWA7303 DWA7501 DWA3320 [작동/정지]버튼을 3초이상 누르기 DWA2618 DWA2619 [예약]+[시간단축]버튼을 동시에 3초이상 누르기 잠금 기능은 식기세척기가 작동중일때 설정되며 작동 종료시 자동 해제가 됩니다. 단 터치온 식기세척기 는 전원 ON/OFF 후에도 잠금 설정이 자동 해제 되지 않습니다.,,없음
식기세척기,세제통이 닫히지 않아요 (12인용 식기세척기),12인용 식기세척기 세제통 닫는 방법을 확인해 주세요. ①세제투입구 커버가 열린상태에서 화살표모양 음각에 손가락을 대고 화살표 방향대로 밀어 올려줍니다. ②끝까지 밀어 올린 상태에서 화살표모양 음각 부분을 세게 눌러 고정되는 느낌이 나면 손을 떼고 확인해 주세요. 린스투입구 커버는 닫힌 상태에서 손잡이 부분을 툭 소리가 날때까지 눌러 고정해 주세요. 12인용 식기세척기 세제통 여는 방법을 확인해 주세요. 세제투입구 좌측에 있는 레버를 누르면 커버가 스스로 열립니다. 린스투입구 커버는 닫힌 상태에서 손잡이 부분을 툭 소리가 날때까지 힘주어 열어 주세요. 세제통 디자인은 제품 생산 출고 시기에 따라 차이가 있습니다.,,https://static.service.skmagic.com/editor/faq/ckimg/01a91892f6c342baa574b859f962ee68.png|https://static.service.skmagic.com/editor/faq/ckimg/ebbd1c4e89364f61ab5f1e355df02ca9.png
식기세척기,도어 잠금 기능 설정 및 해제 방법을 알고싶어요(14인용),잠금 이란? [잠금] 버튼을 제외한 모든 버튼을 잠그는 기능입니다. 잠금 설정 및 해제 방법을 확인해주세요. 적용모델 : DWA91R0D DWA91R5B DWA91C0D DWA91C5B DWA91C6B DWA9100D DWA9105B DWA9106B [잠금] 기능이 설정되면 코스가 종료되거나 잠금 해제 시 까지 [잠금] 상태가 유지됩니다. 세척 동작 중에는 버튼 터치 및 전원 버튼 TOUCH ON 기능이 작동하지 않습니다) 전원 버튼을 눌러도 [잠금] 설정이 해제되지 않습니다. 전원플러그를 분리 후 다시 재 연결이 된 때에는 [잠금] 설정이 해제됩니다. ①전원이 켜진 상태에서 세척 코스를 선택한 후 [시작/정지] 버튼을 눌러 식기세척기 작동을 시작해 주세요. ②동작중인 상태에서 [헹굼추가] + [살균추가] 버튼을 동시에 3초 이상 누르면 '띵~' 소리가 나면서 표시창에 [잠금]이 표시됩니다. ③버튼 [잠금] 해제 시에도 동작 중인 상태에서 [헹굼추가] + [살균추가] 버튼을 동시에 3초 이상 눌러주면 [잠금] 램프 표시가 해제됩니다.,,https://static.service.skmagic.com/editor/faq/ckimg/b4dce653c71846e1bd7c7bd5f0827d72.png
식기세척기,세제통이 파손됐어요,식기세척기 세제통 파손시 자가적으로 교체가 어려워 서비스 점검이 필요합니다.,,없음
식기세척기,도어판넬 교체가 무엇인가요/교체 방법이 궁금해요 (터치온 프로 식기세척기),이사나 인테리어 공사 등으로 식기세척기 색상 변화가 필요한 경우 도어 판넬 교체 서비스가 가능합니다. 도어 판넬 교체 서비스란? 식기세척기의 기존 도어판넬을 다른 색상의 도어판넬로 교체해드리는 서비스입니다. 주방 내 포인트 색을 주거나 이사나 인테리어 공사 등으로 식기세척기 색상 교체가 필요한 경우 등 이용하실 수 있습니다. 제품별 교체 가능한 색상을 확인해 주세요. 이해를 돕기 위한 컬러 이미지로 설치환경(조명) 등에 따라 실제 컬러는 차이가 있을 수 있습니다. DWA91R 모델은 뉴트럴 실버 모하비 실버 색상중에서 선택이 가능합니다. DWA91C DWA910 모델은 내추럴 화이트 내추럴 베이지 내추럴 코랄 내추럴 그린 색상중에서 선택이 가능합니다. 도어 판넬 교체 서비스 이용방법을 확인해 주세요. 판넬 구매 비용과 방문 교체 비용이 발생됩니다. 빌트인 모델의 싱크장 걸레받이 또는 스탠딩 모델의 하부판넬은 교체 서비스가 불가합니다.,,https://static.service.skmagic.com/editor/faq/ckimg/fa99d2dba93042be9d58ddc0bb286be1.png|https://static.service.skmagic.com/editor/faq/ckimg/c150eb73d55e41d88f4e4eed6fa0f9c4.png|https://static.service.skmagic.com/editor/faq/ckimg/b37698bd50944538b57699f300fb61dd.png|https://static.service.skmagic.com/editor/faq/ckimg/ec9e53846f544899901b49d28b11ae55.png
식기세척기,도어 열고 닫는 방법 (14인용),가볍게 문을 밀어 열고 닫아 안전하고 편리합니다. 도어 상단 중앙을 알림음이 들릴 때까지 밀어주시면 자동으로 문이 열립니다. 도어 상단 중앙을 '찰칵' 소리가 날 때까지 밀어주시면 문이 닫힙니다. 손이 끼이지 않도록 주의해 주세요. 도어 상단 중앙을 밀어주세요.,,https://static.service.skmagic.com/editor/faq/ckimg/2db92c78022f43dd9242f15408a61efc.png|https://static.service.skmagic.com/editor/faq/ckimg/bbb77854b5f94e66887d37b12811752c.png
식기세척기,외부 하단 램프에 불이 들어오고 색상이 변해요,[세이프티 라이팅]이라는 조명 기능으로 작동 중은 물론 고온의 물로 세척중임을 색상 변경으로 알수있어 더욱 안심하고 사용할 수 있습니다. 다음 내용을 체크해 주세요 세이프티라이팅 기능이 적용된 제품입니다. 터치온 식기세척기 - DWA8001 DWA8006 제외한 터치온 전 모델에 해당 트리플케어 식기세척기 - DWA19R0P 모델만 해당 작동 상태에 따른 색상 변화입니다. 세이프티라이팅 ON/OFF 설정 방법입니다. 터치온식기세척기 -[상단]+[하단] 버튼을 동시에 3초이상 눌러주시면 조명기능을 ON/OFF 설정할수 있습니다. 트리플케어 식기세척기 -[시작/정지]버튼을 1회 누른 후 [건조] 버튼을 3초이상 눌러주시면 조명기능을 ON/OFF 설정할수 있습니다.,,https://static.service.skmagic.com/editor/faq/ckimg/8c459a1dbb7c43829659cef5c7688430.png|https://static.service.skmagic.com/editor/faq/ckimg/a08af5d6600e4319b4e1a24e91de2512.png|https://static.service.skmagic.com/editor/faq/ckimg/37e29e257c6c42109945eb38dc7f0347.png
식기세척기,식기 배열은 어떻게 해야하나요?,식기 배열 방식에 따라 세척 및 건조 효과에 영향을 줄 수있습니다. 올바르게 식기를 배열하여 사용해 주세요. 식기의 안쪽이 식기 바구니의 바닥면을 향하도록 넣어주세요. 분사 물살을 향해서 장착되어야 합니다. 식기 밑이 오목한 식기류는 오목한 부위에 물이 고이지 않도록 경사지게 놓아주세요. 건조 성능이 떨어집니다. 주의사항 식기를 이중으로 얹거나 지정된 용량 이상으로 너무 많은 식기를 넣으면 세척이 잘 되지 않고 파손의 우려가 있습니다. 식기 사이는 충분히 띄어주시고 열에 약한식기 깨지기 쉬운 그릇 너무 가벼운 식기는 깨지거나 변질될 염려가 있습니다. 수저 젓가락 등은 오염된 부분이 위를 향하게 장착해 주세요.,,https://static.service.skmagic.com/editor/faq/ckimg/4adeedf9bae0481cbdfbfb0a2710f357.png
식기세척기,빌트인 설치시 필요한 공간사이즈는 어떻게 되나요 (12인용 식기세척기),12인용 식기세척기 빌트인 설치시 필요한 공간 사이즈는 최소 가로 600mm × 깊이 600mm × 높이 820mm 확보되어야합니다. 도어가 완전히 열려야 식기바구니를 분리할수 있으므로 도어를 열고 닫을때 간섭이 없도록 식기세척기 정면에도 공간이 확보되어야합니다.,,https://static.service.skmagic.com/editor/faq/ckimg/8ce5511cf0894be481b8791497821c15.png
식기세척기,바구니 고정부 레일이 파손됐어요,상부바구니 조립 레일이 파손된 경우 서비스 점검이 필요합니다.,,없음
식기세척기,작동 중 습증기가 새어나와요,다음 내용을 체크해 주세요 작동 중 습증기가 제품 외부로 배출된다면 서비스 점검이 필요합니다. 단 자동문열림 기능으로 작동 후 도어가 열리면서 습증기가 배출되거나 6인용 클림식기세척기 습증기 배출구에서 습증기가 나오는 현상은 정상입니다.,,없음
식기세척기,LCD 표시창에 습기가 차요,다음 내용을 체크해 주세요 작동 후 도어를 열면 내부 습기가 외부로 배출되면서 도어 및 LCD 표시창에 침투되어 일시적으로 습기가 맺힐 수 있습니다. 표시창에 발생한 습기는 일정 시간 미사용시 자연적으로 없어지며 시간이 지나도 습기가 그대로 남아있다면 서비스 점검이 필요합니다.,,없음
식기세척기,IoT기능이 무엇인가요/연결 방법이 궁금해요 (DWA90C),스마트한 IoT 기술로 나만의 맞춤코스를 등록 후 편리하게 사용할 수 있습니다. IoT 기능이란? 스마트폰에 가전 기기를 등록하면 스마트폰으로 등록된 기기 조작이 가능합니다. IoT 연결 방법을 확인해 주세요. ①구글 플레이 스토어 또는 애플 앱 스토어에서 'SK매직 스마트홈' 어플을 검색하여 설치해 주세요. ②앱을 실행하고 로그인을 진행해 주세요.| ③앱 메인 화면의 [+]버튼을 누르고 [기기추가]버튼을 누르면 주변 제품에 대한 기기탐색이 시작됩니다. ④검색된 기기 목록에서 DWA90C 제품을 선택 후 기기의 와이파이버튼을 짧게 1초만 눌러주세요. ⑤가정에서 연결할 와이파이를 선택 후 비밀번호를 입력한 뒤 [다음]을 눌러주세요. ⑥기기를 설치하는 공간과 기기이름을 입력 후 [다음]을 누르면 기기등록이 완료됩니다. IoT 사용시 주의사항을 확인해 주세요. 제품과 Wi-Fi 무선공유기와 스마트폰이 10m이내있어야 연결이 가능합니다. 식기세척기중에서는 DWA90C 계열 모델에 한하여 IoT 기능 사용이 가능합니다. Wi-Fi 무선공유기가 설치되어 있어야 IoT 이용이 가능합니다.,,없음
식기세척기,도어 우측램프의 기능은 무엇인가요? (DWA90R DWA90C),식기세척기 도어 우측램프는 기능 선택에 따른 동작 상태를 나타냅니다. 코스 선택 시 점등 코스 동작 중에는 램프가 점멸하며 해당 코스가 끝나면 램프가 소등합니다. 세척 건조 보관 램프가 주황색 램프로 점등되는 경우 식기세척기의 세척수 온도가 60℃ 이상일 경우 주황색 램프로 변합니다. 모든 램프가 주황색 램프로 깜빡이는 경우 식기세척기의 에러 작동 알림 표시입니다.,,https://static.service.skmagic.com/editor/faq/ckimg/ff08d81cf3fc48a5a1313a530a4f8f1b.png|https://static.service.skmagic.com/editor/faq/ckimg/aee84bbe261b4aa79796aa76cc1c9d27.png
식기세척기,[FU] 표시가 떠요 (DWA90C/R),FU 표시가 뜨고 작동이 되지 않나요? 제품의 전원이 꺼진 상태에서 [시작]버튼이 3초 이상 눌린 경우 버튼 오동작을 알려주는 표시입니다. FU 표시 없애는 방법을 확인해 주세요. ①FU표시가 떠있는 상태에서 [전원]버튼을 3초 이상 누르면 '띵' 소리가 나고 [전원]과 [시작]버튼 위에 하얀점이 점등됩니다. ②하얀점이 점등된 상태에서 다시 [전원]버튼을 3초 이상 누르면 띵 소리가 나며 FU 표시가 없어지는지 확인해 주세요.,,https://static.service.skmagic.com/editor/faq/ckimg/8c7e8b8c66e84f83a2d473f3125051fb.png
식기세척기,건조 코스가 궁금해요,고온건조 코스의 기능을 확인해 주세요. 마지막 헹굼 온도를 고온으로 진행하여 발생된 열기로 건조하는 코스입니다. 도자기류 냄비 수저 등 식기에 사용하기 적합합니다. 열풍건조 코스의 기능을 확인해 주세요. 마지막 헹굼 온도를 고온으로 진행하고 고온의 바람을 이용하여 건조하는 코스입니다. 젖병 식기세척기용 플라스틱 실리콘 등 식기에 사용하기 적합합니다.,,없음
식기세척기,[C6]표시가 떠요,식기세척기 모델에 따라 발생원인 및 조치방법이 상이합니다. 적용모델 : DWA90R 세척수를 가열하는 히터가 단선되었거나 합선된 경우 발생할 수 있습니다. 전원코드선을 분리한 뒤 30초 후 재연결하여 확인해 주세요.,,없음
식기세척기,위생/유아 보관 기능이 무엇인가요? (DWA90R DWA90C),보관 기능이란? 세척/건조가 완료된 식기를 식기세척기 내부에 보관하는 경우 주기적으로 UV램프와 환기팬이 작동하며 식기를 보다 위생적으로 보관/관리하는 기능입니다. 위생코스와 유아코스로 나누어 작동할 수 있습니다. 건조기능없이 세척 기능만 작동하는 경우 보관 기능 사용이 불가합니다. 하나의 보관 기능만 선택 가능하며 선택되어있는 버튼을 다시 누르면 해당 보관 기능은 해제됩니다. 위생코스 작동 방법을 확인해 주세요. 세척코스를 선택한 후 [위생] 버튼을 누른 뒤 [시작/정지]버튼을 1회 누르고 문을 닫으면 세척 후 보관이 시작됩니다. 48시간동안 UV램프 살균+송풍 30분 작동 후 2시간 대기 과정을 총 16회 반복 작동하며 끝난 후에는 문을 닫아 종료합니다. 유아코스 작동 방법을 확인해 주세요. 세척코스를 선택한 후 [유아] 버튼을 누른 뒤 [시작/정지]버튼을 1회 누르고 문을 닫으면 세척 후 보관이 시작됩니다. 48시간동안 UV램프 살균+송풍+열풍 3시간 작동 후 2시간 대기 과정을 총 12회 반복 작동하며 끝난 후에는 문을 닫아 종료합니다. 작동 상태를 확인하고 싶나요? 송풍 작동시에는 도어가 닫힌 상태로 좌측바가 움직입니다. 열풍 작동시에는 도어 반이 열린 상태로 좌측바가 움직입니다. 대기중에는 도어가 닫힌 상태로 좌측바도 정지되어 있습니다. 모델에 따라 내용에 차이가 있을 수 있습니다.,,https://static.service.skmagic.com/editor/faq/ckimg/ad5e77d27d47482d847e7d47fdecf696.png
식기세척기,도어 잠금 상태에서 도어를 열고싶어요 (14인용),잠금 상태에서 도어를 열고 싶으신가요? 잠금 해제를 원할 경우 도어 상단 중앙을 알림음이 울릴때까지 5초간 밀어주시면 잠금 기능이 임시 해제됩니다. 다시 문을 밀면 알림음 소리와 함께 문이 열립니다. 잠금 기능을 임시 해제 후 1분이상 문을 밀어 열지 않으면 잠금 기능이 유지됩니다.,,https://static.service.skmagic.com/editor/faq/ckimg/f2a392dba9fa48d4996f7909e3d38db2.png
식기세척기,세척바구니 바퀴가 파손됐는데 어떻게 해야하나요,세척바구니 바퀴 파손은 수리가 불가하므로 세척바구니를 교체해야합니다.,,https://static.service.skmagic.com/editor/faq/ckimg/84ffaef43d5c482899f9080627523dd0.png
식기세척기,[E7] 표시가 떠요 (DWA2900/2910/2920/2930),DWA2900/2910/2920/2930 모델에서 [E7] 표시가 발생하는 경우 확인해 주세요. [E7] 문구는 온도감지 이상 에러로 서비스 접수가 필요합니다. [E3] [E6] 문구로 표시되기도 합니다. 전원코드선을 분리한 뒤 30초 후 재연결하여 확인하여도 동일한 경우 전원을 끄고 전원코드선을 제거하고 중간밸브를 잠근 상태로 서비스 접수를 진행해 주세요.,,없음
식기세척기,세척 코스 작동 방법 및 정지 방법을 알고싶어요 (터치온 프로 식기세척기),세척 코스 작동 순서(방법) ①식기세척기 조작부 우측 상단에 위치한 [TOUCH ON] 버튼을 3초간 누르면 자동으로 문이 열립니다. ②제품 조작부의 [전원] 버튼을 눌러 전원을 켜 주세요. ③원하는 세척 코스 버튼을 눌러주세요. 세척 코스와 함께 '헹굼추가' '살균추가' 기능을 선택해 주세요. (둘 다 선택가능) ④원하는 건조 코스 버튼을 눌러주세요. DWA91C DWA9100 DWA9105 DWA9106 : 고온건조 DWA91R : 고온건조 열풍건조(둘 다 선택가능) ⑤[시작/정지] 버튼을 1회 누르면 세척이 시작 됩니다. 척 코스와 달리 건조 코스는 단독으로 사용할 수 없습니다. 세척 코스 사용 중 '정지' 하고싶어요. 세척 코스 작동 중 [시작/정지] 버튼을 3초간 누르면 코스가 일시정지 됩니다. 다시 [시작/정지] 버튼을 누르면 코스가 이어서 동작합니다. [시작/정지] 버튼 설명 코스 선택 후 10분이 지나도 [시작/정지] 버튼을 누르지 않으면 알림음이 울리고 자동으로 전원이 꺼지며 코스가 시작되지 않습니다. 식기세척기 작동이 시작 된 후에는 진행 중인 세척 코스 및 건조 코스의 변경이 불가합니다. 식기세척기 작동 이후 코스 변경이 필요하신 경우 전원을 껏다 다시 켠 후 코스를 다시 선택하고 시작해 주세요. 변경 후 다시 시작 된 세척 코스 및 건조 코스는 처음부터 다시 작동됩니다.,,https://static.service.skmagic.com/editor/faq/ckimg/300a9f9c123a45f0b7e3df650fee9762.png|https://static.service.skmagic.com/editor/faq/ckimg/287da662b5504ce58c52acfb9a1d0b1f.png
식기세척기,도어 잠금기능 설정 방법 (14인용),[잠금]버튼을 3초간 누르면 전면 LED표시등에 잠금 LED가 표시되며 잠금 기능이 활성화 됩니다. 잠금 해제를 원할 경우 도어 상단 중앙을 알림음이 울릴때까지 5초간 밀어주시면 잠금 기능이 임시 해제됩니다. 도어 잠금설정 해제 방법 잠금을 완전히 해제하기 위해서는 문을 열고 [잠금]버튼을 3초간 눌러야 잠금 기능이 해제됩니다. [전원]버튼 동작으로 해제 되지 않습니다.,,https://static.service.skmagic.com/editor/faq/ckimg/80bda8b269ac4e798c17fcb296f7b75a.png
식기세척기,[E5] 표시가 떠요,E5 표시가 발생하나요? 제품 하부에서 누수가 감지된 경우 발생하는 표시입니다. 작동이 불가한 상태로 제품에서 부저음이 발생하며 자동으로 강제 배수를 진행합니다. 반드시 중간밸브를 잠근 상태로 서비스 접수를 진행해 주세요.,,없음
식기세척기,제품 외관 및 수증기 배출구가 파손됐어요,제품 외관 및 수증기 배출구 파손은 자가적으로 교체가 가능한 부분이 아니므로 서비스 점검이 필요합니다.,,없음
식기세척기,수동 급수시 물이 넘쳤어요 (DWA2800P DWA2810P DWA2820P),무설치(수동급수) 시 약 5.8~6L 의 물을 급수하면 급수 중지 알림음과 동시에 전면 디스플레이의 급수 표시등이 소등됩니다. 반드시 전원을 켠 상태로 급수해 주세요. 수동 급수 중 급수 중지 알림음이 발생하고 전면 디스플레이의 급수 표시등이 꺼지면 즉시 물 공급을 중지해 주세요. 제품 작동 중에는 절대 급수를 하지말아 주세요. 누수로 인하여 제품 고장의 원인이 될 수 있습니다. 급수 중지 알림 후에도 계속 물을 공급하게 되면 누수로 인하여 제품 고장의 원인이 될 수 있습니다. 급수 상태 표시등을 확인해 주세요.,,https://static.service.skmagic.com/editor/faq/ckimg/ca9393fba6424310a8acbbdf7bbfc6ce.png
식기세척기,UV램프는 어디에서 작동되나요?,UV램프란? 제품 내부에 장착되어 제품 내부와 보관된 식기를 UV살균 램프로 99.99% 살균하여 세균과 곰팡이 번식을 억제하는 기능입니다. 제품별 UV살균 램프 작동위치를 확인해 주세요. 적용모델 : DWA90R DWA90C (단 DWA90C모델은 거름망 살균램프없음) 보관된 식기 케어를 위한 UV살균 램프는 양옆에서 작동하며 거름망 UV살균 램프는 하단에서 작동됩니다. 모델에 따라 내용에 차이가 있을 수 있습니다.,,https://static.service.skmagic.com/editor/faq/ckimg/4ac0a485a2f54e50abbafb2d3b3d7801.png
식기세척기,고무에서 검정 얼룩이 묻어요/도어에 검정 자국이 있어요,도어를 열었을 때 전면에서 보이는 고무에서 검은 얼룩이 묻어나오는 경우 확인해 주세요. 고무 특성상 두꺼운 키친타올이나 헝겊으로 강하게 힘주어 닦는다면 미세하게 묻어나올 수 있으며 이는 정상입니다. 세척시 해당 부위는 거의 물과 접촉되지 않으며 해당 고무 부품은 청소용 부품이 아니므로 별도로 닦아내거나 분리하지 마세요. 도어를 열었을 때 도어 안쪽에 검은 자국이 보이는 경우 확인해 주세요. 도어를 닫으면 도어 안쪽과 본체에 조립된 고무 패킹이 맞닿아 생기는 자국으로 제품의 이상이 아닙니다.,,https://static.service.skmagic.com/editor/faq/ckimg/dfe5d75d25b64edd8bb7ee0fdb193478.png|https://static.service.skmagic.com/editor/faq/ckimg/709517df2fc049828c301ac435051cf4.png
식기세척기,식기세척기 작동 중 남아있는 시간이 멈추거나 변해요,주변온도가 낮아질 경우(겨울철) 급수되는 물의 온도도 낮아져 세척이나 헹굼시 필요한 일정온도까지 물을 가열하는데 평소보다 더 오랜시간이 소요가 됩니다. 이 경우 표시창의 남아있는 시간이 잠깐 멈추었다가 다시 작동되며 급수 물의 온도차이로 발생되는 부분으로 정상적인 작동 원리입니다.,,없음
식기세척기,하단 램프(세이프티 라이팅) ON/OFF 설정 방법이 궁금해요,세이프티 라이팅이란? 적용모델 : DWA19R0P DWA80R0D DWA80R5B DWA80R0D DWA8000D DWA81R0D DWA81R5B DWA81U5B DWA81U0D 도어 열림 상태 및 세척 중 세척물의 온도를 외부에서 구분할 수 있도록 조명으로 표시하여 안심하고 사용할 수 있습니다. 도어가 열려있거나 세척수의 온도가 60℃ 이상인 경우 빨간색으로 표시되며 세척수의 온도가 60℃ 이하인 경우 파란색으로 표시됩니다. 세이프티 라이팅 ON/OFF 방법을 확인해 주세요. 적용모델 : DWA19R0P ( 해당 기능은 제품 작동 중 설정이 가능합니다.) ①전원이 켜진 상태에서 임의로 코스를 선택한 후 [시작/정지]버튼을 눌러 작동을 시작해 주세요. ②작동중인 상태에서 [건조]버튼을 3초 이상 누르면 좌측 표시창에 조명이라는 글자가 표시됩니다. ③[건조]버튼을 3초 이상 누를때마다 설정 상태를 반복하여 변경할 수 있습니다. 적용모델 : DWA80R0D DWA80R5B DWA80R0D DWA8000D DWA81R0D DWA81R5B DWA81U5B DWA81U0D ①전원을 켠 상태에서 [상단]+[하단]버튼을 동시에 3초 이상 눌러주세요. ②조명이 켜지면 표시창에 조명이라는 글자가 표시됩니다. ③[상단]+[하단]버튼을 동시에 3초 이상 누를때마다 설정 상태를 ON/OFF 상태로 변경할 수 있습니다.,,https://static.service.skmagic.com/editor/faq/ckimg/e351b318fa894ee3b68c00fa0f78ba0a.png
식기세척기,식기세척기와 가스레인지가 결합된 제품 사용중입니다. 식기세척기를 분리하여 사용할 수 있나요?,식기세척기와 가스레인지가 일체형으로 연결된 제품이 있습니다. 식기세척기 분리가 가능한가요? 식기세척기는 가스레인지와 분리가 가능합니다. 분리 후 식기세척기를 단독으로 설치하여 사용하실 수 있으며 빌트인 또는 스탠드형으로 설치가 가능합니다. 식기세척기를 다른 모델로 교체시 구조가 달라 가스레인지와 일체형으로 설치는 불가합니다. 가스레인지는 분리 후 단독으로 설치하여 사용이 불가합니다. 안전한 분리와 설치를 위해 서비스 점검이 필요합니다.,,https://static.service.skmagic.com/editor/faq/ckimg/86b7d79606054838a5a5b7cca261a978.png
식기세척기,세제 사용 방법이 궁금해요 (14인용),가루 세제 투입방법 버튼을 힘주어 눌러 위로 밀듯이 세제 뚜껑을 열어주세요. 세제투입구에 물기가 있다면 물기 제거 후 적량의 세제를 투입한 뒤 뚜껑을 닫아주세요. 작동 중에 세제가 자동으로 공급되며 가루 세제 정량은 12g입니다. 타블렛(고체) 세제 투입방법 마른 손으로 포장된 상태의 타블렛 세제를 중간바구니 전용 투입구에 넣어주세요. (포장지는 물에 녹는 소재로 제거가 필요하지 않습니다.) 작동 중에 세제가 녹으며 공급되고 세제 정량은 1개입니다.,,https://static.service.skmagic.com/editor/faq/ckimg/c039380cf66f4b638b61a8e45ebe10df.png|https://static.service.skmagic.com/editor/faq/ckimg/5940e71637ff4ff3bef19d390ce0eff8.png
식기세척기,[ts]  [to] 표시가 떠요,[ts] [to] 문구는 온도 감지 이상으로 발생되는 에러 표시입니다. 다음 내용을 체크해 주세요 온도센서 단선 또는 온도센서 쇼트 인한 문제입니다. 전원 콘센트 분리 후 중간밸브를 잠그고 서비스 접수를 진행해 주세요.,,https://static.service.skmagic.com/editor/faq/ckimg/e2e718bfb45f4903be5cb489dc02d9c8.png
식기세척기,자동급수 설치시 사용 수압과 수온이 궁금해요 (DWA2800/2810/2820),자동급수로 설치하여 사용시 수압과 수온범위를 확인해 주세요. 허용수압 : 0.07~0.,,없음
식기세척기,QR코드가 보이지 않아요 (DWA90R DWA90C),트리플와이드 식기세척기(스탠드빌트인) QR코드는 도어 옆면에 있습니다. 도어를 열고 옆면을 확인해 주세요.,,https://static.service.skmagic.com/editor/faq/ckimg/99ed827bcaa54ef4ad8108d160064797.png
식기세척기,린스량 조절 방법이 궁금해요 (터치온 프로 식기세척기),린스 투입량 조절 방법을 확인해 주세요. 적용모델 : DWA91R0D DWA91R5B DWA91C0D DWA91C5B DWA91C6B DWA9100D DWA9105B DWA9106B r:00 으로 설정시 린스가 없어도 표시부에 린스 보충 표시가 점등되지 않습니다. 단계 조절후 10초이내 [전원] 버튼을 누르지 않으면 설정되지 않습니다. ①전원Off 상태 [저소음] 버튼 3초 이상 누르고 있으면 '띵' 소리가 나고 표시창 P1이 표시됩니다. 표시부에 P1이 뜨면 [전원] 버튼을 눌러주세요. ②표시부에 r:00 으로 바뀌면 [저소음] 버튼을 눌러 r:00~r:06 으로 단계 조절 가능합니다. ③린스 단계 조절 후 [전원] 버튼을 누르면 알림음과 함께 화면이 꺼지며 설정이 완료됩니다. 단계별 린스 투입량을 확인해 주세요 . 0단계(r:00) 린스 투입되지 않으며 표시부에 린스 보충표시 점등되지 않습니다. 1단계(r:01) 1.2cc 투입 2단계(r:02) 2.4cc 투입 3단계(r:03) 3.6cc 투입 4단계(r:04) 4.8cc 투입 5단계(r:05) 6.0cc 투입 6단계(r:06) 7.,,https://static.service.skmagic.com/editor/faq/ckimg/83271ffe855c43719327cdb36c52ee6c.png|https://static.service.skmagic.com/editor/faq/ckimg/3fa12da07cbe40ec84652fd2ee37f48d.png|https://static.service.skmagic.com/editor/faq/ckimg/2955d2c44e14408a9b7ed77beab4f351.png
식기세척기,[C4] 표시가 떠요,식기세척기 모델에 따라 발생원인 및 조치방법이 상이합니다. 적용모델 : DWA90R 제품 내부 기능 이상이 감지되어 발생할 수 있습니다. 전원코드선을 분리한 뒤 30초 후 재연결하여 확인해 주세요.,,없음
식기세척기,빌트인 식기세척기 도어판넬 사이즈가 궁금해요 (12인용 식기세척기),도어판넬은 싱크대 걸레받이 높이에 따라 사이즈가 달라집니다. 적용모델 : DWA7303B DWA7501B DWA7505B 걸레받이 높이에 맞는 도어 판넬 사이즈를 확인해 주세요. 도어판넬은 SK매직몰 사이트 에서 구매가 가능하며 싱크대업체를 통해 별도로 도어 판넬을 주문제작하셔도 됩니다.,,https://static.service.skmagic.com/editor/faq/ckimg/a39e1ebd997445fb997ab25bead73043.png|https://static.service.skmagic.com/editor/faq/ckimg/885b3c1a9abc4955b817845e7f07e552.png
식기세척기,빌트인 설치시 필요한 공간사이즈는 어떻게 되나요 (8인용 식기세척기),8인용 식기세척기 빌트인 설치시 필요한 공간 사이즈는 최소 가로 450mm × 깊이 600mm × 높이 820mm 확보되어야합니다. 적용모델 : DWA2618 DWA2619 DWA2628 도어가 완전히 열려야 식기바구니를 분리할수 있으므로 도어를 열고 닫을때 간섭이 없도록 식기세척기 정면에도 공간이 확보되어야 합니다.,,https://static.service.skmagic.com/editor/faq/ckimg/f15e6846255a4e1ba9d1e33998a62e7d.png
식기세척기,새제품 설치했는데 내부에 물기가 있어요,제품 출고 전 검수작업으로 인해 물기가 남아있는 것으로 사용했던 제품이나 불량이 아니므로 안심하고 사용하셔도 됩니다. 제품 생산시 정상 작동 상태를 파악하기 위해 제품 내부에 물을 넣고 테스트 작업을 진행하며 테스트 후 최대한 물기를 제거하고 출고하고 있으나 약간의 물기가 남아 있는 경우가 있을 수 있습니다. 이로 인해 새제품 설치 후 제품 내부에 물기가 남아 있거나 남아있는 물기로 인해 물 얼룩이 생기는 경우가 있습니다.,,없음
식기세척기,식기세척기 에너지소비효율등급은 어떻게 되나요,식기세척기는 에너지소비효율등급 제외 제품입니다.,,없음
식기세척기,세척중 식기를 추가로 넣고 싶어요 (DWA2900/2910/2920/2930),세척 기능이 작동중인 상태에서 식기를 추가하는 방법을 확인해 주세요. ① [시작/정지]버튼을 눌러 일시정지가 되었는지 확인 후 문을 조금씩 열어 작동을 멈춰주세요. [시작/정지]버튼을 누르지 않는 경우 물이 튈 수 있습니다. ②식기세척기의 도어를 열어 바구니를 꺼낸 뒤 추가할 식기를 바구니에 넣어 주고 도어를 닫아주세요. ③다시 [시적/정지]버튼을 누르면 재작동되며 재작동까지 약 1분정도 소요될 수 있습니다.,,없음
식기세척기,[Ed] 표시가 떠요 (DWA2618 DWA2619),[Ed] 문구는 통신이상으로 발생하는 에러 표시입니다. 전원 콘센트 분리 후 서비스 접수를 진행해 주세요.,,없음
식기세척기,수저통 장착이 안돼요.,하단 바구니 왼쪽 뒷면(안쪽)에 장착해 주세요.,,https://static.service.skmagic.com/editor/faq/ckimg/3ed30173ef8e46b6a445294051847893.png
식기세척기,정수 필터 폐기방법이 궁금해요,정수필터란? 물속의 이물질을 걸러내어 물을 이용하기 적합한 상태로 만들어주는 장치입니다. 일부의 모델에만 정수필터가 장착됩니다. 정수 필터 폐기는 어떻게 해야 하나요? 사용이 끝난 폐필터는 일반종량제 봉투에 넣어서 폐기하시면 됩니다.,,없음
식기세척기,[E6] 표시가 떠요 (DWA2900/2910/2920/2930),DWA2900/2910/2920/2930 모델에서 [E6] 표시가 발생하는 경우 확인해 주세요. [E6] 문구는 온도감지 이상 에러로 서비스 점검이 필요합니다. [E3] [E7] 문구로 표시되기도 합니다. 전원코드선을 분리한 뒤 30초 후 재연결하여 확인하여도 동일한 경우 전원을 끄고 전원코드선을 제거하고 중간밸브를 잠근 상태로 서비스 접수를 진행해 주세요.,,없음
식기세척기,[C5]표시가 떠요,식기세척기 모델에 따라 발생원인 및 조치방법이 상이합니다. 적용모델 : DWA90R 열풍 드라이 히터 이상이 감지되어 발생할 수 있습니다. 전원코드선을 분리한 뒤 30초 후 재연결하여 확인해 주세요.,,없음
식기세척기,자동 급수 시간이 바뀌어요 (DWA2800P DWA2810P DWA2820P),자동 급수 시 수압에 따라 급수(만수)되는 시간에 차이가 발생합니다. 입수압 1kgf/cm2 미만의 경우 약 5~7분까지 급수시간이 소요될 수 있으며 입수압이 높아질수록 급수시간은 짧아집니다.,,없음
식기세척기,바구니 분리/조립 방법이 궁금해요 (DWA2910 DWA2920 DWA2930),DWA2910 DWA2920 DWA2930 모델의 상단바구니 분리/조립 방법을 확인해 주세요. DWA2910 DWA2920 DWA2930 모델의 하단바구니 분리 방법을 확인해 주세요. ①하단바구니를 분리하려는 경우 하단바구니를 가볍게 몸쪽으로 당겨주세요. ②더이상 하단바구니가 당겨지지 않으면 이때 바구니가 걸리는 안쪽을 들어 분리해 주세요.,,https://static.service.skmagic.com/editor/faq/ckimg/d2470d57542148c2a71006b3593fd92a.png
식기세척기,겨울철에 식기세척기가 얼었어요 어떻게 해야하나요,제품이 얼었을때 조치방법 ①식기세척기 내부에 약 70도의 물을 5ℓ 정도 부어준 뒤 도어를 닫고 기다려 주세요. ②30분정도 지난 후 [일반]세척을 선택하시어 정상작동여부를 확인해 주세요. 제품이 얼었을때 그대로 작동하게 되면 고장의 원인이 될 수 있습니다.,,없음
식기세척기,흡착판 설치 방법이 궁금해요,흡착판이란? 도어가 열린상태에서 아래로 눌렸을 때 넘어짐을 방지할 수 있도록 제품에 조립하여 설치 장소에 고정하는 흡착 도구입니다. 흡착판 조립방법을 확인해 주세요. 적용모델 : DWA2800P DWA2810P DWA2820P ①제품 뒷면을 바닥에 닿도록 제품을 눕혀주세요. ②제품 바닥 모서리에 홈중에서 3번째 홈에 흡착판을 끼운 뒤 함께 동봉된 나사로 힘주어 고정해 주세요. (나사가 짧은것이 정상입니다.) ③흡착판이 잘 붙도록 원하는 장소에 제품을 올바르게 올려주세요. 적용모델 : DWA2900 DWA2910 DWA2920 DWA2930 ①제품 뒷면을 바닥에 닿도록 제품을 눕혀주세요. ②제품 바닥 화살표가 표시된 2곳에 흡착판을 끼운 뒤 함께 동봉된 나사로 힘주어 고정해 주세요. (나사가 짧은것이 정상입니다.) ③흡착판이 잘 붙도록 원하는 장소에 제품을 올바르게 올려주세요.,,https://static.service.skmagic.com/editor/faq/ckimg/29ace37111e6449bbb48d99b19a26252.png|https://static.service.skmagic.com/editor/faq/ckimg/13c20c079ca741848c3df6d3ea3b9918.png|https://static.service.skmagic.com/editor/faq/ckimg/2b0e56e1aa7d469481d44447927c5dbd.png
식기세척기,UV살균 작동 시간은 어떻게 되나요? (DWA91계열),세척 종료 후 30분간 UV살균이 진행됩니다. 적용모델 : DWA91R0D DWA91R5B DWA91C0D DWA91C5B DWA91C6B DWA9100D DWA9105B DWA9106B 자동문열림 시 틈새로 UV살균중 파란 LED불빛을 확인 할 수 있습니다. 세척 종료 후 41시간 동안 사용하지 않았을 경우 자동으로 7시간동안 UV살균이 진행되며 도어를 열면 살균 작동이 종료됩니다. 도어를 열었을 때 보이는 파란색 LED는 조명기능임으로 UV살균 작동중이 아닙니다.,,https://static.service.skmagic.com/editor/faq/ckimg/9d0d17d9b2324dac82cc22b11f78400a.png
식기세척기,[E9] 표시가 떠요 (DWA2900/2910/2920/2930),DWA2900/2910/2920/2930 모델에서 [E9] 표시가 발생하는 경우 확인해 주세요. [E9] 문구는 조작부 작동 에러로 발생하는 증상입니다. 전원코드선을 분리한 뒤 30초 후 재연결하여 확인하여도 동일한 경우 전원을 끄고 전원코드선을 제거하고 중간밸브를 잠근 상태로 서비스 접수를 진행해 주세요.,,없음
식기세척기,해외에서 식기세척기 사용이 가능한가요,국내전용 제품으로 해외에서는 사용이 불가합니다. 설치부품도 국내규격화된 사이즈로 해외에서는 설치가 불가 할 수 있습니다. 국내 220V 60HZ 전압과 주파수가 맞지 않을 경우 제품 고장 및 안전사고 발생의 원인이 될 수 있습니다. 해외에서 사용 중 제품의 문제 발생시 AS 및 처리가 불가합니다.,,없음
식기세척기,상부바구니 조립이 안돼요 (DWA2800P DWA2810P DWA2820P),상부 바구니 앞면에 가로로 돌출된 부분이 있는지 확인해 주세요. 가로 무늬가 있는 방향이 전면에 보일 수 있도록 장착되어야 합니다.,,https://static.service.skmagic.com/editor/faq/ckimg/da743c7da51e4127a057045b5d7a3b82.png
음식물처리기,음식물 분쇄가 잘 안돼요/음식이 분쇄날에 엉켜있어요,건조통이 헐겁게 장착된 경우 분쇄날 작동에 영향이 있을 수 있습니다. 건조통 장착 상태를 확인해 주세요. 건조통이 끝까지 장착되지 않은 경우 분쇄날이 회전하지 않으므로 건조통을 제품 내부 끝까지 밀어 장착해 주세요. 건조통 장착시 많은 힘이 필요하거나 사용 초반보다 뻑뻑해진 경우 건조통 입구에 식용유 등 기름류를 소량 바른 후 장착해 주세요.| 길거나 질긴 음식물을 투입한 경우 확인해 주세요. 너무 길거나 질긴 음식물은 회전하는 분쇄날에 엉키거나 다른 음식물에 걸려 분쇄날에 닿지 않을 수 있습니다. 길거나 질긴 음식물은 적당한 크기로 잘라 투입해 주세요.,,https://static.service.skmagic.com/editor/faq/ckimg/0f4df3661b4b4f0e92fcc76461fc2014.png
음식물처리기,FDDFM031 FDDFM032 FDDFM033 FDDFM034 작동이 안돼요.,건조통이 장착되어 있는지 건조통 뚜껑의 레버가 올바른 위치에 있는지 확인해 주세요. 제품 동작 버튼을 눌러도 작동이 안되나요? 음식물 처리기의 도어를 열어 건조통 뚜껑의 손잡이(표시부)가 '동작' 방향에 위치해 있는지 확인해 주세요. 건조통 뚜껑의 손잡이가 반대로 돌아간 상태에서 다시 정상(동작방향)으로 돌려서 사용했음에도 작동되지 않는다면 건조통 뚜껑 교체가 필요합니다.,,https://static.service.skmagic.com/editor/faq/ckimg/34175938856a44ddaff87df8d9905dda.png|https://static.service.skmagic.com/editor/faq/ckimg/dc7c77a881404340bdb2988c426bf0e6.png
음식물처리기,음식물 건조가 잘 안돼요/물과 기름이 남아요,음식물의 상태를 확인해 주세요. 기름이나 지방이 많은 음식물을 투입하는 경우 기름이나 지방이 고온에 녹을 수는 있으나 양은 감량되지 않으므로 기름 또는 지방 성분 투입은 가능한 피해 주세요. 수분이 많은 음식물을 투입하였거나 처리 후에도 수분이 남아있는 경우 건조시간이 30분 추가되는 강력모드로 설정하여 사용해 주세요. 강력모드 사용 방법이 궁금하다면 [일반/강력 모드와 사용 방법이 궁금해요] 바로가기 건조통과 발열판의 상태를 확인해 주세요. 건조통이 제품 내부 끝까지 장착되었는지 확인하여 헐겁게 끼워진 경우 끝까지 밀어 장착해 주세요. 건조통 바닥이나 발열판 위 이물질이 있는 경우 열 전달이 원활하지 않아 건조가 되지 않을 수 있습니다. 건조통과 발열판 사이의 이물질을 제거해 주세요.,,https://static.service.skmagic.com/editor/faq/ckimg/f5f92157db3740489613050598204206.png
음식물처리기,일반/강력 모드와 사용 방법이 궁금해요,일반모드와 강력모드의 차이점을 확인해 주세요. 일반모드란 투입물의 양에 따라 최적의 건조 시간이 자동으로 설정되어 작동됩니다. 강력모드란 투입물의 양에 따른 최적의 건조 시간에 30분이 추가되어 작동됩니다. 강력모드 사용시 건조시간 및 전기세가 추가로 발생할 수 있습니다. 모드 변경 방법을 확인해 주세요. ①[전원]버튼과 [동작]버튼을 동시에 5초 이상 길게 눌러주세요. ②도어 버튼을 눌러 일반모드(녹색) 강력모드(적색) 중 원하는 모드로 설정해 주세요. ③[전원] 버튼을 1회 누르면 설정이 저장됩니다.,,https://static.service.skmagic.com/editor/faq/ckimg/856c3f05f9974e11b23bf0472e44eb20.png
음식물처리기,겨울철 도어 램프 색상이 파란색으로 깜빡거리면서 작동 중 멈춰요,LED 버튼 색상이 파란불로 깜빡이면서 작동이 멈추나요? '전원'을 켜거나 '동작' 버튼을 눌렀을 때 전면의 '도어 열림' 버튼의 LED가 파란불로 깜빡거린다면 제품이 동결되어 작동이 되지 않는 상태입니다. 음식물처리기 동결 조치 방법 ①제품이 영하(0℃ 이하) 조건에 노출되지 않도록 실내 환경을 유지해 주세요. 세탁실 베란다 다용도실에 제품이 설치 된 경우 환기 시에만 창문을 열어 환기하시고 환기 후 창문을 닫아 보온을 유지해 주세요. 한파에 의해 세탁기 의류 건조기 호스 등이 어는 것 처럼 제품이 추운 곳에 오래 노출 될 경우 제품이 얼 수 있습니다. ② 배수구에 삽입되어있는 배수호스에 뜨거운 물 (70℃)을 천천히 부어 호스를 녹여 주세요. ③뜨거운 물(70℃) 을 부어준 뒤 즉시 제품의 전원을 켜고 '작동' 버튼을 눌러 제품을 1회 작동시켜 주세요. 녹은 물을 배출하여 다시 동결되는 것을 방지할 수 있습니다. ④만약 제품이 작동 되지 않을 경우 위 과정을 2~3회 반복해 주세요.,,https://static.service.skmagic.com/editor/faq/ckimg/86aab2409b6b4965b2f269b2e6156f76.png|https://static.service.skmagic.com/editor/faq/ckimg/456144a3b65143b786e85406008985aa.png
음식물처리기,도어가 안열려요/도어가 열리다가 중간에서 멈춰요,도어 버튼 램프 색상을 확인해 주세요. 에코클린 음식물 처리기는 내부 상태에 따라서 도어버튼에 LED 색상이 표시됩니다. 도어 램프 색상이 빨간색(적색) 이라면 내부가 뜨거운 상태로 도어가 잠겨있어 작동을 정지 시킨 후 약 25분 뒤 도어램프가 녹색 또는 백색(흰색)으로 변경되면 도어를 열어주세요. 도어가 열리다가 중간에 멈춰요 도어가 반쯤 열리다가 멈춘다면 약간의 힘을 이용하여 손으로 당겨 열어 주세요. 도어의 완충장치가 작용하여 도어가 열리다가 멈춘것으로 제품 고장이 아닙니다. 도어를 손으로 당겨도 잘 열리지 않는 경우 조치 방법을 확인해 주세요. 분쇄날쪽에 음식물이 끼어있어 일시적으로 도어가 멈추는 증상이 발생할 수 있습니다. ①반정도 열린 도어를 다시 닫고 [동작] 버튼을 1회 눌러 작동시켜 주세요. ②약 15초 후 다시 [동작] 버튼을 1회 눌러 정지 시켜 주세요. ③도어 버튼을 눌러 도어를 열어주세요. ④위 방법으로도 도어가 열리지 않는 경우 전원코드 분리하고 30초 후 다시 연결하여 확인해 주세요.,,https://static.service.skmagic.com/editor/faq/ckimg/9e0d2509c5754d70a81051d81fe1e6fd.png|https://static.service.skmagic.com/editor/faq/ckimg/8d0a540828b14ad999ef4f4483200742.png|https://static.service.skmagic.com/editor/faq/ckimg/f47d3d9af0e146a08081ee3adda5b72c.png
음식물처리기,음식물 처리기에서 여러가지 소음이 나요,음식물처리기 동작시 나타나는 소리를 확인해 주세요. 팅팅 와그작 소리는 음식물이 분쇄날에 의해 회전과 동시에 분쇄되며 발생하는 정상 정상 소음입니다. 웅- 소리는 작동시 모아진 음식물의 수분을 배출시키기 위해 펌프가 작동하는 정상 소음입니다. 작동중 발생하는 냉장고 소리는 내부의 온도를 낮추고 음식물의 수분을 제습하기 위해 냉각시스템이 작동하는 정상 소음입니다. 동작이 끝나고 조작을 하지 않았는데 소리가 나는 경우 처리된 음식물이 뭉치는 것을 방지하기 위해 총 2회에 걸쳐 2시간마다 분쇄날이 1분씩 회전하는 소리입니다. 음식물처리기 동작시 나타나는 정상 소리가 아닌 다른 소리가 지속적으로 발생하나요? 제품의 전원콘센트를 분리한 뒤 30초 후 연결하여 확인하여도 동일한 경우 서비스 점검이 필요합니다.,,없음
음식물처리기,음식물처리기 작동중 냄새가 나요,에코클린 음식물 처리기는 작동 중 최대 99.9% 악취를 제거하지만 냄새는 주위 환경과 조건에 따라 발생할 수 있습니다. 배수호스 연결 위치를 확인해 주세요. 배수호스가 하수관이 아닌 씽크대 개수대 베란다 하수구 트랩 등의 환경에 설치 된 경우 배수 된 물에서 냄새가 올라올 수 있습니다. 배수호스 설치 상태를 확인하여 하수구 트랩에 설치 된 경우 배수호스를 배관 깊숙이 꽂아 설치해 주세요. 건조통이 제품 내부 끝까지 들어갔는지 확인해 주세요. 건조통이 제품 내부에 끝까지 삽입되어 있지 않을 경우 냄새가 발생할 수 있습니다. 건조통이 내부 끝까지 들어가지 않는 경우 기름(식용유)등 1~2방울을 키친타올에 묻힌 뒤 건조통 뚜껑 입구 테두리에 발라주면 원활하게 삽입시킬 수 있습니다. 건조통 뚜껑의 보관/동작 레버가 '보관' 상태인 경우 제품 내부에 삽입이 불가합니다. '동작' 상태로 레버를 돌린 뒤 장착해 주세요.,,https://static.service.skmagic.com/editor/faq/ckimg/ef172274f4b54c11b7ac5a81500aa1f6.png|https://static.service.skmagic.com/editor/faq/ckimg/0ec73480ad8245bf9d102cc761b678f2.png
음식물처리기,세척 기능과 사용방법이 궁금해요,음식물 처리기의 세척 기능을 이용하면 건조통 세척이 편리해집니다. 세척 기능이란? 물을 이용하여 건조통에 늘어붙어 있는 음식물을 분쇄날이 회전하며 불려주는 기능입니다. 건조통 수동 세척이 필요한 경우 세척 기능 이용 후 별도의 건조통 수동 세척이 필요합니다. 세척 기능 사용 방법을 확인해 주세요. ①건조통에 분쇄날이 잠길 정도의 물을 넣어주세요. ②건조통을 장착하고 도어를 닫은 후 [세척]버튼을 눌러 세척기능을 시작해 주세요. ③별도의 건조통 수동 세척이 필요한 경우 건조통을 분리한 뒤 수동 세척 후 건조시켜 장착해 주세요.,,없음
음식물처리기,도어 버튼 램프 색상이 백색/녹색/빨간색으로 변해요,제품의 작동 상태에 따라 도어 버튼 램프의 색상이 다르게 표시됩니다. 도어 버튼 램프 색상을 확인해 주세요. 빨간색으로 점등된 경우 음식물 처리기가 작동중이며 내부 온도가 100도 이상의 고온임을 알리는 색상으로 이 때 도어 개방이 불가합니다. 녹색으로 점등된 경우 음식물 처리기가 작동중이나 내부 온도가 낮음을 알리는 색상으로 필요시 도어 개방이 가능합니다. 백색으로 점등된 경우 음식물 처리기가 대기중이며 도어 개방이 가능합니다.,,https://static.service.skmagic.com/editor/faq/ckimg/d5612db5783f486f832ac6f74f313e6a.png
음식물처리기,미사용중 전원이 스스로 꺼져요,제품의 전원이 스스로 꺼지는 경우 확인해 주세요. 제품의 전원을 켜고 버튼 조작이나 동작없이 5분이 경과하면 자동으로 전원이 꺼집니다. 제품의 전원이 꺼진 경우 다시 [전원]버튼을 눌러 제품의 전원을 켜주세요.,,없음
음식물처리기,걸림 표시에 램프가 깜빡거려요,분쇄날에 음식물이 걸린 경우 램프를 통해 표시됩니다. 걸림이란? 음식물이 분쇄날에 걸려 작동이 멈춘 경우를 알리는 표시 램프입니다. 음식물 걸림이 발생하는 경우 걸림 램프와 함께 전면 도어 버튼 램프가 함께 깜빡입니다. 걸림 표시에 램프가 깜빡거리는 경우 확인해 주세요 도어 열림 버튼을 눌러 도어가 열리면 건조통에서 딱딱한 물질이나 엉커있는 음식물을 제거해 주세요. 음식물 처리기 내부의 온도가 높은 경우 전면 도어 램프가 적색으로 점등되며 이때 안전을 위해 도어가 열리지 않습니다. 흰색 녹색램프로 바뀔 떄 까지 기다린 후 도어를 열어주세요.,,없음
음식물처리기,음식물처리기 건조통 내부에서 냄새가 나요,건조통을 꺼냈을 때 건조통 뚜껑을 열었을 때 냄새가 나요. 음식물처리기에서 건조통을 꺼낼 경우 건조통 및 제품 내부에 스며든 냄새가 나올수 있습니다. 건조통을 꺼냈을때 뚜껑을 열었을때 발생하는 냄새는 불량이 아닙니다. 미사용 중 냄새가 계속 발생해요. 건조통이 장착되지 않은 상태에서는 제품 내부의 냄새가 유출 될 수 있기 때문에 사용하지 않을때도 가급적 건조통을 음식물처리기 안에 장착 시켜 주세요. 건조통을 제품 내부에 장착하게 되면 밀폐상태가 되기 때문에 냄새 유출을 막을 수 있습니다. 건조통을 제품 내부에 보관 시 건조통 뚜껑의 보관/동작 레버를 '동작' 상태로 두고 제품 내부에 장착해 주세요. 음식물 처리기 내부에 보관하는 경우 '동작'상태로 두어야 건조통 장착이 가능합니다. 건조통을 외부에 보관 시 건조통 뚜껑의 보관/동작 레버를 '보관' 상태에 맞춰주세요. 건조통을 보관하거나 음식물을 모으는 중에는 '보관'에 두어야 건조통 뚜껑이 밀폐됨으로 냄새가 새어나오지 않습니다. 스탠드 내부에서 냄새가 나요. 건조 된 음식물 보관 시 비닐 봉투 입구를 묶거나 락앤락 통 뚜껑을 닫아 밀폐하여 보관하지않으면 냄새가 날수 있습니다. 건조 된 음식물을 옮겨 담을 때 잔여물이 보관함 내부와 주변에 떨어지지않도록 주변을 청소해주세요. 제품 내부 건조통에서 냄새가 난다면 확인해 주세요. 냄새가 많이 발생한다면 물( 300ml ) + 원두커피 찌꺼기/가루(50cc 종이컵 반컵정도) 또는 '인스턴트 원두커피'(믹스커피제외) 2개를 건조통에 넣고 '동작버튼'을 눌러 작동시켜 주세요. 제품 내부에 베인 냄새를 효과적으로 제거할 수 있습니다. 작동 완료 후 남은 가루는 따뜻한 물로 가볍게 세척해 주세요.,,https://static.service.skmagic.com/editor/faq/ckimg/ff14b58cdd644917a187706bf7217f22.png|https://static.service.skmagic.com/editor/faq/ckimg/5c8a41878be847b3b0d682deb4206299.png|https://static.service.skmagic.com/editor/faq/ckimg/22bd818631984f52a3e5f94ef156e5d0.png
음식물처리기,건조통(음식물쓰레기통)이 뻑뻑해요/잘 안들어가요,음식물 처리기에 건조통(음식물쓰레기통)이 들어가지 않거나 뻑뻑한 경우 확인해 주세요. 건조통(음식물쓰레기통)을 장착할 때 뻑뻑하거나 잘 들어가지 않는 경우 확인해 주세요. 새제품의 건조통 입구에는 원활한 장착을 위해 윤활제가 도포되어 있습니다. 사용빈도와 세척 여부에 따라 윤활제가 일부 닦여 뻑뻑해질 수 있습니다. 사용 중 건조통 삽입 시 뻑뻑하거나 탈착이 어려운 경우 건조통 뚜껑 입구에 식용유 소량을(1~2방울) 손에 묻혀 건조통 뚜껑 입구 테두리에 발라주세요. 건조통 뚜껑 입구에 식용유 바르는 모습 건조통(음식물쓰레기통)이 음식물 처리기에 들어가지 않는 경우 확인해 주세요. 건조통의 보조 손잡이를 수직 손잡이 방향으로 놓아 주세요. 뚜껑을 올바르게 장착하고 뚜껑 윗면의 레버를 동작 방향으로 돌린 뒤 장착해 주세요.,,https://static.service.skmagic.com/editor/faq/ckimg/9385f42834894ad78a74ea3008b038bd.png|https://static.service.skmagic.com/editor/faq/ckimg/9e48140074434956b010e6d7267cd2e8.png
음식물처리기,건조시간이 사용설명서에 기재된 시간보다 오래 걸려요,음식물의 투입량 또는 성분을 확인해 주세요. 사용설명서에 기재된 건조 예상시간은 환경부에서 제정한 ‘환경표지인증’에 기재된 표준 음식물인 고기 생선 감자 밥 등을 500g기준으로 측정한 결과입니다. 투입하는 음식물의 양 또는 수분 정도에 따라 건조 시간이 늘어날 수 있으며 기름 또는 지방 성분이 많은 경우 기름은 제거되지 않습니다. 음식물 처리기의 설치 환경을 확인해 주세요. 겨울철 베란다 설치 등 설치된 환경의 주변 온도가 낮을수록 건조 시간이 더욱 길어질 수 있습니다.,,없음
음식물처리기,투입이 불가한 음식물은 무엇인가요?,음식물 처리기의 파손이 우려되거나 성능 저하를 유발할 수 있는 음식물을 확인해 주세요. 음식물 처리기에 투입이 불가한 음식물을 확인해 주세요. 게 껍데기 생선가시 호두껍데기 달걀 껍데기 복숭아씨 돼지 뼈 등 딱딱한 것은 건조통 내부 코팅이 벗겨지거나 제품 파손의 원인이 될 수 있습니다. 돼지 기름 치즈 버터 마가린 식용유 등 다량의 지방 성분은 제거되지 않고 점도가 높아 처리된 형태가 진득거릴 수 있습니다. 파 뿌리 양파 껍질 한약재 찌꺼기 등 길고 질기거나 음식물 쓰레기가 아닌것은 처리가 되지 않고 제품 손상의 원인이 될 수 있습니다.,,https://static.service.skmagic.com/editor/faq/ckimg/b5776d773ded4c6cab1de1eb032fc762.png
음식물처리기,건조통 바닥 또는 발열판 위에 스크래치가 있어요,건조통 바닥 또는 발열판 위에 이물질이 있는 상태로 건조통을 밀어 넣는 경우 스크래치가 발생할 수 있습니다. 건조통 바닥 또는 발열판 위에 스크래치가 있는 경우 확인해 주세요. 건조통 바닥 또는 발열판 위에 이물질이 있는 상태로 사용하면 열 전달이 원할하지 않아 건조 성능이 저하되므로 청소 후 사용해주세요. 건조통 바닥 또는 발열판 위에 이물질이 있는 상태로 건조통을 넣었다 뺐다를 반복하면 해당 부위에 스크래치가 발생하므로 청소 후 사용해주세요. 건조통 바닥과 발열판에 생긴 스크래치는 제품의 성능에 영향을 끼치지 않으므로 안심하시고 사용해 주세요.,,https://static.service.skmagic.com/editor/faq/ckimg/f5f92157db3740489613050598204206.png
음식물처리기,건조통(음식물쓰레기통)이 안빠져요,음식물 처리기에 건조통(음식물쓰레기통)이 잘못된 방법으로 강제 삽입된 경우 잘 빠지지 않습니다. 건조통(음식물쓰레기통)이 본체에서 빠지지 않는 경우 확인해 주세요. 잘못된 장착 방법으로 힘주어 강제 삽입한 경우 빠지지 않으므로 손잡이를 힘주어 당겨 강제로 분리해 주세요.,,https://static.service.skmagic.com/editor/faq/ckimg/9e48140074434956b010e6d7267cd2e8.png|https://static.service.skmagic.com/editor/faq/ckimg/41404237cb8943c389993ba844a6348e.png
음식물처리기,배수 호스 없이 설치가 가능한가요,음식물 처리기 사용시 배수호스 장착이 반드시 필요하며 물이 배출되는 배수호스의 끝 부분이 노출되지 않아야 합니다. 배수호스의 역할을 확인해 주세요. 음식물 처리중 발생하는 악취를 응축시킨 물이 배수 호스로 배출될 수 있도록 배수호스가 필히 설치되어야 합니다. 배수호스 사용 방법을 확인해 주세요. 냄새가 응축된 물이 외부에 노출되는 환경일수록 냄새가 세어나와 냄새 발생의 원인이 되므로 배수호스 끝부분을 하수구 깊숙이 넣어 설치해 주세요. 배수호스 설치를 위해 싱크대 타공이 필요한 경우 타공 사이즈는 6mm로 진행해 주세요.,,https://static.service.skmagic.com/editor/faq/ckimg/8b8206d0535647e9b71bb247b109bae5.png
음식물처리기,처리된 음식물 쓰레기를 퇴비로 사용해도 되나요,처리된 음식물 쓰레기는 퇴비 사용이 불가합니다. 퇴비는 염도가 1%이하인 경우 사용이 가능하나 한국의 음식물에는 염분이 많아 처리된 음식물 쓰레기라도 퇴비로 사용시 토양이 오염될 수 있습니다. 국 찌개 반찬류가 조금이라도 섞인 경우 염도는 쉽게 1%를 초과합니다. 음식물 쓰레기 처리 방법을 확인해 주세요. 처리된 음식물 쓰레기는 음식물 종량제 봉투 또는 음식물 보관통을 이용하여 버려주세요.,,없음
음식물처리기,처리된 음식물 쓰레기는 어떻게 버리면 되나요,처리된 음식물 쓰레기 버리는 방법을 확인해 주세요. 처리된 음식물 쓰레기라도 법적으로 음식물 쓰레기에 속하여 음식물 종량제 봉투 또는 음식물 보관통을 이용하여 버려주세요. 한국의 음식물에는 염분이 많아 처리된 음식물 쓰레기라도 퇴비로 사용하는 경우 토양이 오염될 수 있습니다.,,없음
음식물처리기,작동시 소요 시간이 궁금해요,기능별 작동시 소요되는 시간을 확인해 주세요. 배수펌프는 배수호스로 물을 배출하기 위해 작동하며 작동시 소요 시간은 약 30초입니다. 세척 기능은 건조통(음식물쓰레기통)에 늘러붙은 음식물을 불려주기 위해 작동하며 작동 소요 시간은 30분입니다. 음식물 처리시 음식물 분쇄 및 수분감량 등이 작동하며 소요시간은 환경표지인증에 기재된 표준 음식물 500g 투입 기준 약 4시간이며 음식물의 중량 수분함량 등에 따라 시간이 더욱 길어질 수 있습니다.,,없음
음식물처리기,버튼을 누를 때 나는 소리를 끄고싶어요/켜고싶어요,버튼음 ON/OFF 설정방법을 확인해 주세요. [걸림]버튼을 5초 이상 길게 누를때마다 버튼음 설정 상태를 변경할 수 있습니다.,,없음
음식물처리기,사용 가능 용량이 궁금해요,음식물 처리기 사용시 적정 용량을 확인해 주세요. 건조통(음식물쓰레기통)에 한번에 투입이 가능한 음식물의 적정 용량은 1.5L이며 최대 용량은 3L입니다. 건조통(음식물쓰레기통) 내부의 적정 용량 표시선까지 음식물을 투입하여 사용해 주세요.,,없음
음식물처리기,음식물처리기 스탠드가 무엇인가요/사용 방법이 궁금해요,음식물 처리기 보관 스탠드란? 음식물 처리기 전용 스탠드로써 인체공학적 높이를 구현하여 사용자가 허리를 굽히지 않아도 편리하게 음식물 처리기를 사용할 수 있도록하는 용도입니다. 음식물 처리기 보관 스탠드 사용 방법을 확인해 주세요. 전면 바닥에 2개의 조절발을 이용하여 수평 조절이 가능합니다. 스탠드의 도어를 열면 내부에 공간이 있어 앞쪽은 처리된 음식물을 보관하고 뒤쪽은 청소 도구 등 보관이 가능합니다.,,https://static.service.skmagic.com/editor/faq/ckimg/661afb128c904652bab847b9ff6ec7c7.png
음식물처리기,에코클린 음식물처리기 음소거 모드 설정/해제 방법이 궁금해요,음소거(부저음) 모드 설정 / 해제 방법 입니다. 전원이 켜진 상태에서 [걸림] 버튼을 5초이상 길게~ 눌러주세요. 부저음과 함께 설정이 완료됩니다. 음소거 모드 설정시에는 작동 종료음이 들리지 않습니다.,,https://static.service.skmagic.com/editor/faq/ckimg/9f8f1531cb074b6ab00ae3e07f344bb8.png
음식물처리기,에코클린 음식물처리기 빌트인(싱크대 하부장) 설치가 가능한가요?,음식물 처리기를 빌트인 형태로 설치가 가능한가요? 음식물 처리기 단독 또는 음식물 처리기 스탠드와 함께 설치가 가능하며 빌트인 형태(싱크 하부장)는 설치가 불가합니다. 음식물 처리기 제품 내부에는 컴프레셔가있고 그 아래에 히터가 있습니다. 음식물 처리기의 컴프레셔는 일정 온도까지 올라가면 제품 동작이 멈추게 됩니다. 제품의 히터가 동작하면 싱크 하부장의 내부 온도가 상승하게되고 음식물 처리기의 작동이 멈추면서 음식물 처리 성능이 떨어지기때문에 싱크 하부장에 설치하지 않습니다.,,없음
음식물처리기,동작이 끝난 후에도 움직이고 소리가 나요,처리된 음식물이 뭉치는 것을 방지하기 위해 스스로 분쇄날이 작동됩니다. 동작이 끝난 후 스스로 작동하거나 작동 소리가 나는 경우 확인해 주세요. 동작이 끝난 후 조작을 하지 않는 경우 처리된 음식물이 뭉치는 것을 방지하기 위해 총 2회에 걸쳐 2시간마다 분쇄날이 1분씩 회전합니다. 분쇄날이 작동하며 분쇄날 회전소리와 함께 윙 와그작 팅 하는 소리가 발생할 수 있습니다.,,없음
음식물처리기,작동중 음식물을 추가로 넣고싶어요,제품이 고온에 작동중인 경우 안전을 위해 내부가 식은 후 추가 투입이 가능합니다. 음식물 추가 투입 방법을 확인해 주세요. ①[동작]버튼을 눌러 작동중인 제품을 정지시키고 도어를 열어 주세요. ②도어 램프 색상이 빨간색인 경우 내부가 뜨거운 상태로 도어가 잠겨있습니다. 약 15~25분 뒤 도어 램프가 녹색 또는 백색으로 변경되면 도어를 열고 음식물을 추가로 넣어 주세요. ③음식물을 넣고 다시 [동작]버튼을 눌러 작동을 시작해 주세요.,,없음
음식물처리기,작동중 종료 하고싶어요/작동중 전원 OFF방법이 궁금해요,작동중 전원OFF 방법을 확인해 주세요. 전원 버튼을 5초이상 길게 눌러 강제종료 해주세요. 부저음이 발생하며 전원이 꺼집니다. 부저음을 꺼둔 경우 부저음 소리는 들리지 않습니다.,,https://static.service.skmagic.com/editor/faq/ckimg/42a5bce98aad4558b915c01d3c17db4c.png
음식물처리기,새제품인데 건조통에 기름같은게 묻어있어요,본체와 건조통(음식물쓰레기통)의 손쉬운 장착을 위해 입구에 윤활제가 발라져 있습니다. 건조통(음식물쓰레기통)에 미끌미끌한 성분이 묻어있는 경우 확인해 주세요. 건조통과 본체와의 원활한 장착을 위해 세제품의 건조통 입구에는 활제가 도포되어 있습니다. 사용중 건조통 장착이 뻑뻑하거나 어려운 경우 입구에 식용유 등을 소량만 바른 뒤 사용해 주세요.,,https://static.service.skmagic.com/editor/faq/ckimg/a53964ce0751495ebbe989edfdc405a9.png
전자레인지,전자레인지 기능 작동시 데우기가 안돼요,음식의 냉동된 정도나 중량 두께 등에 따라 데우는 시간에 큰 차이가 발생할 수 있습니다. 다음 내용을 확인해 주세요 제품의 이상이 맞는지 확인해 주세요. ①레인지용 컵에 물을 반이상 담아 바닥의 가운데 놓고 1분 30초~2분 정도 레인지 기능을 작동시켜 주세요. (즉석밥으로도 확인이 가능합니다.) ②작동이 멈춘 뒤 컵에 담긴 물이 데워졌다면 제품은 정상입니다. 물이 데워지지 않았거나 열기가 없다면 전원코드선을 분리한 뒤 30초 후 재연결하여 확인해 주세요. ③ 열기는 있으나 음식이 잘 데워지지 않는 경우 확인해 주세요. 출력 조절이 가능한 모델은 [보온] 또는 [해동]이 아닌 출력을 [P100] 또는 [강]으로 선택하여 작동해 주세요. 제품에 장착된 유리접시보다 큰 용기를 사용하면 유리접시 회전이 원할하지않아 골고루 데워지지 않습니다. 음식의 냉동 정도나 무게 또는 두께에 따라 데움에 긴 시간이 소요될 수 있습니다. 작동중 도어를 자주 열어 음식물을 확인하는 경우 내부 열기가 밖으로 배출되어 조리 완성에 긴 시간이 소요될 수 있습니다. 속이 깊은 용기를 사용하는 경우 열기 순환에 영향이 있을 수 있으므로 평평하고 음식물 양에 맞는 넓은 용기를 이용해 주세요.,,https://static.service.skmagic.com/editor/faq/ckimg/fdf7ba6db3054d02b45cc2f4104036c4.png
전자레인지,작동 중 조리실 내부에서 스파크가 발생해요,적합한 용기를 사용하지 않았거나 조리실 내부에 이물질이 묻어있을 경우 스파크가 발생할 수 있습니다. 다음 내용을 체크해 주세요 전자레인지에 사용 가능한 용기인지 확인해 주세요. 전자레인지 기능 작동시 오븐용기 및 스팀용기 알루미늄호일 금속제 용기 금선/은선 무늬가 있는 용기등 적합하지 않은 용기 사용시 스파크가 발생할 수 있습니다. -오븐용기와 스팀용기는 자동요리(오븐) 작동시에만 사용이 가능하며 전자레인지 기능 단독 작동시에는 사용이 불가합니다. 용기 손잡이가 녹아 변형이 생기면서 타는 냄새 및 스파크 발생의 원인이 됩니다. 구이석쇠 사용시 실리콘패킹(고무발) 장착 상태를 확인해 주세요. 부속품인 구이석쇠 사용시 실리콘패킹(고무발)이 제대로 조립되어있지 않거나 빠진채로 작동시 스파크가 발생할 수 있습니다. 실리콘패킹(고무발)이 손상된 상태로 사용시 손상된 부위에서 스파크가 발생할 수 있습니다. 실리콘패킹(고무발)은 별도로 구매가 가능하며 자가적으로 조립하실 수 있습니다. 조리실 내부를 청소 후 확인해 주세요. 음식물찌꺼기가 내부에 남아있거나 도파관덮개(마이카플레이트)가 훼손되었을 경우 작동시 스파크가 발생할 수 있습니다. 내부 청소를 해주시고 도파관덮개(마이카플레이트)가 파손되었다면 교체가 필요합니다. 도파관덮개(마이카플레이트)를 내부 홈에 조립하는 형태는 자가적으로 교체가 가능하여 부속품만 별도로 구매가 가능하지만 나사로 조립되어있는 형태는 자가적으로 교체가 불가하여 서비스접수가 필요합니다.,,https://static.service.skmagic.com/editor/faq/ckimg/80881867515643f78bb1d91d072e1dcb.png|https://static.service.skmagic.com/editor/faq/ckimg/a2e83d0959b8468f9090d4a3b1cbbce7.png|https://static.service.skmagic.com/editor/faq/ckimg/a8872ba76971455987ba5486a4f41c9c.png
전자레인지,버튼 작동이 안돼요,다음 내용을 체크해 주세요 잠금 기능이 설정되어있다면 버튼을 눌러도 작동이 되지 않습니다. 잠금 설정을 확인해주세요. 취소/정지 버튼을 3초 이상 누르면 잠금 기능을 ON/OFF 할 수 있습니다. 도어가 제대로 닫혀있는지 확인해주세요. 도어가 제대로 닫혀있지 않으면 버튼 동작이 되지 않습니다. 도어의 닫힘 상태를 확인해주세요. 확인 후 동일증상일 경우 특정 일부버튼만 작동이 안되는 경우는 서비스점검이 필요합니다.,,없음
전자레인지,작동시 여러가지 소리가 나요,전자레인지가 작동하며 여러가지 작동 소리가 발생합니다. 다음 내용을 확인해 주세요 전자레인지 동작시 나타나는 소리를 확인해 주세요. 웅- 지- 소리는 작동시 고주파 출력으로 인해 발생하며 출력 세기에 따라 소음의 크기가 달라질 수 있습니다. 윙- 웅- 소리는 작동 종료 후 내부 부품을 식혀주기 위해 팬이 작동하면서 소음이 발생하며 내부 온도에 따라 작동 시간은 달라질 수 있습니다. 덜그럭 드르륵 끼이익 소리는 회전링과 유리접시에 이물이 묻거나 조립이 잘못되어 발생할 수 있습니다. 이물질 제거 후 다시 조립하여 작동해 주세요. 탁 딱 텅 소리는 작동시 내부의 금속물이 열기로 인해 수축 팽창하는 소리 또는 전기 부품 동작 소리가 발생할 수 있습니다 전자레인지 동작시 나타나는 정상 소리가 아닌 다른 소리가 지속적으로 발생하나요? 작동 상태와 상관없이 울리는 부저음 굉음 등이 지속하여 발생하는 경우 서비스점검이 필요합니다. 제품의 전원콘센트를 분리한 후 30초 후 연결하여 확인하여도 동일한 경우 서비스점검이 필요합니다.,,없음
전자레인지,작동 중 갑자기 동작이 멈췄어요,다음 내용을 체크해 주세요 작동 중 도어가 닫혀있고 전원은 정상적으로 공급되고 있으나 제품의 동작이 갑자기 멈추는 증상은 서비스점검이 필요합니다. 도어가 정상적으로 닫혀있는지 확인 해주세요. 작동 중 전원이 꺼진거라면 전원콘센트 및 멀티콘센트를 확인해주세요. 벽면콘센트에 전자레인지제품만 단독으로 연결하여 사용중이였다면 다른 콘센트로 위치를 변경하여 확인해주세요 멀티콘센트 사용시 정격용량 250V 15A 확인 후 멀티콘센트의 문제일 수 있으니 교체하여 작동해주세요.,,없음
전자레인지,사용설명서가 없어요 어떻게 확인해야하나요,제품 구매시 공용으로 제공되는 간단설명서가 포함되어있습니다. 그외 제품 모델별 상세사용설명서는 제품에 부착된 QR코드 접속 및 서비스 홈페이지를 통해 확인이 가능합니다. 다음 내용을 체크해 주세요 서비스센터 홈페이지에서 사용설명서를 확인해 주세요. SK매직서비스센터 접속 쉬운해결 제품 사용설명서 제품을 선택하여 확인해 주세요. SK매직서비스센터 접속 쉬운해결 제품 사용설명서 모델명만 검색해 주세요. (예시 - GRAB320 GRAB420 GRAC290 …) <온라인서비스센터 제품사용설명서 화면> 제품의 QR코드를 확인해 주세요. 모델코드가 기재되어있는 QR코드가 부착되어있어야만 QR코드 이용이 가능합니다. (제품 생산년도에 따라 차이가 있습니다.) QR코드로 접속하여 제품 사용설명서 IOT 사용설명서 요리가이드를 확인해보실 수 있습니다. 모델에 따라 내용에 차이가 있을 수 있습니다. QR코드로 접속하여 확인해 주세요. ①스마트폰에서 카메라를 켜고 QR코드를 비추면 상단에 알림이 표시됩니다. ②해당 알림을 클릭하여 접속해 주세요. ③사용설명서 카테고리를 선택 후 확인해주세요. <QR코드 이미지> <QR코드 접속 화면>,,https://static.service.skmagic.com/editor/faq/ckimg/66064447561549958208a613ca1bcd21.png|https://static.service.skmagic.com/editor/faq/ckimg/2c9afbf5c8ea4ff98110899691206fc9.png|https://static.service.skmagic.com/editor/faq/ckimg/94ac0d5ba1d040ae997348f06050f340.png
전자레인지,도파관덮개(마이카플레이트)가 파손/훼손 됐어요,도파관덮개가 반드시 장착되어있는 상태에서 사용해야합니다. 도파관덮개에 손상이 있는 경우 확인해 주세요. 다음 내용을 확인해 주세요 도파관덮개란? 제품 내부 고주파 출력을 발생시키는 부품에 이물질이 유입되지 않게 막아주는 덮개입니다. 반드시 장착하여 사용해 주세요. 마이카플레이트로 명칭되기도 합니다. 도파관덮개(마이카플레이트)가 손상되었나요? 도파관덮개가 심하게 오염되었거나 그을리거나 찢겨있는 등 손상이 발생한 경우 교체하여 사용해 주세요. 도파관덮개(마이카플레이트)를 교체하려하나요? 도파관덮개가 나사로 고정되어있는 모델의 경우 자가교체가 불가하여 전문가의 서비스가 필요합니다. 도파관덮개를 단순히 홈에 끼워 고정하는 모델의 경우 기존 부품을 빼고 새로운 부품을 홈에 끼우는 방식으로 자가에서 쉽게 교체하실 수 있습니다. 도파관덮개를 너무 구부리거나 강한 힘을 가하게되면 파손될 수 있으니 주의해 주세요.,,https://static.service.skmagic.com/editor/faq/ckimg/ceb0ace6b1a64230970a23b7be64e286.png
전자레인지,가열이 약해요 조리시간이 오래 걸려요,조리물의 상태 중량 조리용기에 따라 가열 시간 및 가열 정도는 차이가 있을 수 있습니다. 다음 내용을 체크해 주세요 조리물의 가열 상태를 확인해주세요. 조리물의 냉장/냉동/해동 상태 및 중량 크기에 따라 가열되는 조리시간의 차이가 있습니다. 전자레인지 사용 가능한 용기에 물을 넣고 1분~2분정도 작동하여 물이 데워지는지 확인해주세요. 물이 뜨겁게 데워진다면 정상적으로 가열이 되고 있는 상태로 다른 조리물들의 작동시간을 연장하여 재작동해주세요. 설정한 출력을 확인합니다. [보온] 또는 [해동] 기능처럼 출력이 낮아질수록 가열이 약해집니다. 출력은 [P100] 또는 [강]으로 선택하여 작동해 주세요. 전자레인지에 적합한 용기인지 확인해주세요. 도자기나 내열유리처럼 고주파를 통과시킬 수 있는 사용 가능한 용기로 작동했는지 확인해주세요. 금속용기 통조림 캔 알루미늄 호일에 포장된 조리물등 적합하지 않은 용기 사용시 고주파를 반사하여 조리물을 전혀 가열시키지 못하며 금속과의 접촉시엔 스파크가 발생되어 위험하오니 작동 전 꼭 용기를 확인해주세요. 속이 깊은 사기그릇은 열의 순환을 막아 가열이 약할 수 있으니 넓은 접시 또는 평평한 그릇을 사용해주세요. 조리물의 종류를 확인해주세요. 전자레인지는 물분자의 진동 마찰열로 가열되는 원리로 조리물의 수분함량에 따라 더 뜨겁고 덜 뜨겁고 가열 부위가 차이가 있을 수 있습니다. 장기간 냉동 보관된 식품은 해동 및 가열시 시간이 오래 소요되며 내부까지 골고루 열이 전달이 안될 수 있으니 20분 이상 실온 해동 후 사용해주세요.,,없음
전자레인지,타는 냄새가 나요,제품이 정상인 경우에도 타는 냄새가 발생하는 원인은 여러가지이므로 증상을 확인해 주세요. 다음 내용을 확인해 주세요 새제품 사용 초기에 제품에서 타는 냄새가 나는 경우 확인해 주세요. 새제품 초기 사용시 내부 부품과 부품 표면에 기름 성분이 가열되면서 타는 냄새 및 연기가 발생할 수 있으며 이는 지속 사용시 자연적으로 없어지는 냄새입니다. 도파관덮개의 파손 및 이물질로 인해 타는 냄새가 날 수 있습니다. 도파관덮개가 파손 및 훼손되었다면 부품을 구매하여 교체해주셔야합니다. 도파관덮개에 묻은 음식물찌꺼기등 이물질은 청소를하여 제거해주세요. <도파관 덮개 이미지> 기존 사용하던 제품에서 타는 냄새가 나요 조리실 내부의 음식물 찌꺼기 기름때 등이 남아 작동시 내부의 열기로 가열되면서 냄새가 날 수 있으므로 사용 후 청소가 필요합니다. 오븐용기 또는 금선 은선이있는 용기를 전자레인지 기능에서 사용하거나 기능에 맞지 않는 용기를 사용하면 냄새 및 연기가 발생할 수 있습니다. 멀티콘센트 사용시 콘센트의 노후화로 타는 냄새가 발생할 수 있으니 멀티콘센트를 교체하여 확인해 주세요.,,https://static.service.skmagic.com/editor/faq/ckimg/6a284027dcf94187988983708bede83b.png
전자레인지,전자레인지에서 소음이 발생해요,전자레인지의 소비전력과 고주파란 다음과 같습니다. 소비전력 : 고주파 출력을 하기 위한 여러 부품이 소비되는 소비전력 입니다. 고주파 : 조리물을 가열하는 마이크로웨이브 입니다. <전자식 전자레인지> <기계식 전자레인지> 전자식 전자레인지에서 소음이 발생될 경우 확인해 주세요. 고주파출력을 맞추기 위해 웅 윙 징 작동소음이 발생됩니다. 고주파출력이 낮을 경우 출력을 맞추기 위해 딱딱 소음 또는 높낮이가 다른 웅~소음이 발생될 수 있습니다. 기계식 전자레인지 작동 중 딱딱 소리가 나거나 뭔가 걸리는 듯한 소리가 날경우 확인해 주세요. 빠른 시간 조리 시 강으로 작동한다면 딱딱 소음 또는 높낮이가 다른 웅~ 소음은 발생되지 않습니다. '중' '약'으로 작동 시 출력을 맞추기 위하여 작동 중 딱딱 소음 또는 높낮이가 다른 웅~ 소음이 발생될 수 있습니다. '중'으로 작동 시 출력을 맞추기 위해 10초 동안 켜지고 2초 동안 꺼지면서 딱딱 소음 또는 높낮이가 다른 웅~ 소음이 반복적으로 발생되며 '약'으로 작동 시 중으로 설정할때 보다 ON/OFF되는 시간이 잦아지게 됩니다. 기계식 전레인지 조리방법은 다음과 같습니다. 냉동밥 또는 빠른 시간 안에 조리물을 뜨겁게 데우고자 할 경우 '강'으로 조리하는 것이 좋으며 터지기 쉽거나 넘칠 우려가 있는 재료는 '중'으로 시간을 늘려 조리하는 것이 좋습니다. 강 : '강'으로 선택하여 빨리 조리할수록 수분이 증발되어 음식이 조리 후 더 딱딱해질 수 있습니다. 중 : 출력을 낮추어 조리하면 조리시간이 2배 정도 늘어날 수 있지만 음식의 상태는 더욱 좋습니다. 약 : 해동과 유사한 수준으로 버터를 부드럽게 녹이거나 냉동 빵을 데울 때 쓰면 좋습니다.,,https://static.service.skmagic.com/editor/faq/ckimg/fb957d7fbe844882979d8c22d110c249.png|https://static.service.skmagic.com/editor/faq/ckimg/c97d436660f44882ae48d8f3970c72d9.png
전자레인지,전자레인지 도어 도어손잡이가 파손됐어요,전자레인지 도어 도어유리 도어손잡이는 자가적으로 교체가 어려운부분으로 파손 및 교체요청시에는 서비스점검이 필요합니다.,,없음
전자레인지,내부 램프 불이 안들어와요,제품의 도어를 열때 또는 작동중일때 내부 램프의 점등 여부는 모델에 따라 상이합니다. 다음 내용을 체크해 주세요 전자식모델 - 타이머 무게등을 숫자로 확인할 수 있는 표시창이 있으며 버튼식+다이얼 조작방식과 터치식 조작방식의 제품이 있습니다. -전자식 모델은 작동중일때 도어를 열었을때 램프가 점등됩니다. 기계식모델 - 표시창이 없으며 출력과 시간설정을 다이얼을 돌려 작동하는 형태의 제품입니다. -기계식 모델은 작동중일때만 램프가 점등됩니다. 도어를 열었을때는 램프가 점등되지 않습니다. 타이머 다이얼을 돌려도 작동이 되지 않거나 표시창에 숫자가 나오지 않는다면 콘센트 및 전원공급을 확인해주세요. 제품 작동은 정상적이나 조리실 내부의 램프만 켜지지 않는다면 서비스점검이 필요합니다. 램프는 제품 구조상 자가적으로 교체가 불가능합니다.,,https://static.service.skmagic.com/editor/faq/ckimg/9546a9513518429cbe20b3ac57dccf0e.png|https://static.service.skmagic.com/editor/faq/ckimg/c6785e2eeebf4daf956b0f86d3667154.png
전자레인지,전자레인지 도어가 잘 안닫혀요,전자레인지 도어를 닫아도 다시 열리는 경우 도어가 끝까지 안닫히는 경우 도어를 닫아도 [DR] 표시가 발생되는 경우 등 도어가 정상적으로 닫히지 않거나 열리지 않는다면 서비스점검이 필요합니다.,,없음
전기오븐,오븐에서 전기가 느껴져요,비접지형 콘센트에 제품을 연결하였을때 제품에서 전기가 느껴질 수 있습니다. 접지형콘센트인지 확인이 필요합니다. 다음 내용을 체크해 주세요 전기가 흐르는 원인 및 조치 방법입니다. 1. 신체에 물기가 있는 상태로 제품을 접촉한다면 전기가 느껴질 수 있습니다. 2. 접지가 되어있는 콘센트에서 전기가 느껴질 경우 코드를 분리한 후 반대로 재 연결해 주세요. 3. 제품 이동이 가능한 경우 다른 위치의 콘센트에 연결하여 사용해보시고 동일하게 전기가 흐르는지 확인해 주세요. 동일한 콘센트로 오래 사용하다보면 전력이 높은 제품이다보니 콘센트 노후가 빠르게 일어날 수 있습니다. 4. 벽면 단독 콘센트로 사용중인지 확인해주세요. 비접지 벽면 콘센트는 전기가 흐를 수 있으며 이 경우 전기공사가 필요합니다. 5. 멀티탭 이용 시 벽면 콘센트와 멀티탭 모두 접지 단자를 확인해주세요. 6. 10년 이상 오래 된 건물은 접지단자가 있더라도 노후되어 전기가 흐를 수 있습니다. 접지란? 누설 전류나 이상 전류가 발생했을 때 인체와 제품 사이에 전기가 통하지 않도록 보호하는 역할을 합니다. 접지가 되어있지 않은 무접지콘센트에 연결 사용 시 제품에서 전기가 느껴질수 있습니다. 멀티탭(=멀티콘센트 연장선) 사용 시에도 접지단자가 있는지 확인이 필요합니다. 콘센트에 접지여부 확인 및 접지 콘센트 사용을 권장합니다. 콘센트에 접지가 없는 경우는 전기설비전문가에게 별도로 전기공사를 의뢰하셔야합니다. 멀티탭(연장선) 사양을 확인해주세요. 스위치가 있는 멀티탭 250V 16A 사용해도 전자레인지와 오븐 사용은 가능하나 250V 20A 고열량 멀티탭을 사용하시면 더 안전하게 사용하실 수 있습니다. 사용설명서 내용 확인 해주세요. 멀티 콘센트(220V 16A이상) 사용 시 여러 기기를 동시에 사용하지 마세요. 콘센트 이상 발열로 인한 화재의 위험이 있습니다. 차단기가 작동되어 전원이 꺼질 위험이 있습니다.,,https://static.service.skmagic.com/editor/faq/ckimg/c65ad1728d5c4c639d68c06521ecebdf.png|https://static.service.skmagic.com/editor/faq/ckimg/7cd2653cd68947cba79fae79c960510e.png
전자레인지,전원이 안들어와요,제품의 상태를 확인해 주세요. 대부분의 제품은 일정 시간동안 조작이 없는 경우 절전모드로 전환됩니다. 도어를 여닫아 보거나 조작부의 버튼을 눌러 확인해 주세요. 전기가 흐르는 코드선은 저절로 빠질 수 있습니다. 전원 코드선이 빠졌거나 헐거운 경우 단단하게 연결해 주세요. 전원코드선에 물기가 묻어있는 경우 물기를 닦은 후 콘센트에 연결해 주세요. 제품이 설치된 장소의 전원 공급상태를 확인해 주세요. 제품의 전기 차단/공급을 위해 설치된 모든 차단기의 전기공급 상태가 [ON]인지 확인해 주세요. 제품의 전원코드선 분리가 가능한 경우 전원코드선을 분리한 뒤 다른 가전(드라이기 충전기 등)을 해당 콘센트에 연결하여 전원이 들어오는지 확인해 주세요. 대기전력 차단 콘센트에 연결하여 사용하는 경우 일반 콘센트에 연결하거나 콘센트 상태를 [상시]로 변경 후 사용해 주세요. 제품이 멀티콘센트 연장선으로 연결된 경우 새 멀티콘센트 연장선(ON/OFF스위치가 없는 정격용량 250V 16A이상)으로 교체 후 확인해 주세요.,,https://static.service.skmagic.com/editor/faq/ckimg/767db3d5ef6648dea7e85f232f55ab1d.png
전자레인지,유리접시가 안돌아가요 회전축이 빠졌어요.,부속품(회전축 회전링 유리접시)의 조립이 잘못 되었거나 음식물찌꺼기등 이물질로 인해 유리접시가 정상적으로 회전이 되지 않을 수 있습니다. 다음 내용을 체크해 주세요 유리접시 회전링 회전축에 이물질이 묻어있는경우 유리접시의 회전이 원활하지 않을 수 있습니다. <청소방법> ①회전축을 잡아 당겨 분리해 주세요. ②회전축 안쪽 이물질을 제거해 주세요. ③회전축을 반달 모양에 맞춰 올바르게 장착해 주세요. 조리물이 담긴 용기를 확인해주세요. 유리접시보다 더 큰 용기를 사용하거나 조리물이 한쪽으로 치우쳐 있는 경우 유리접시의 정상적인 회전이 어려울 수 있습니다. 용기의 사이즈와 조리물을 확인 후 작동해주세요. 부속품의 조립상태를 확인해주세요. 부속품이 정상적으로 조립되어있지 않으면 회전시 멈추거나 회전이 되지 않을 수 있습니다. 회전축 회전링 유리접시가 한 방향으로 쏠리지 않게 홈에 맞게 잘 조립되어있는지 확인해주세요. 작동시 회전축이 회전이 되지 않는다면 서비스점검이 필요합니다. 유리접시가 간헐적으로 멈추고 다시 돌아가는 현상은 정상입니다.,,https://static.service.skmagic.com/editor/faq/ckimg/74423ea6e11f4921afde900b0ad59c78.png|https://static.service.skmagic.com/editor/faq/ckimg/7cf66029bcdf4d74879be432352a3227.png
전자레인지,유리접시가 파손됐어요 어떻게 구매하면 되나요,유리접시(유리트레이)가 파손된 경우 필히 교체하여 사용해 주세요. 손상된 유리접시(유리트레이)를 지속하여 사용시 더 큰 사고 발생의 우려가 있으니 반드시 교체하여 사용해 주세요.,,없음
전자레인지,제품이 저절로 작동돼요,버튼 조작없이 저절로 작동이 되는 경우 도어만 닫아도 작동 되는 경우 등 제품의 오작동은 서비스점검이 필요합니다.,,없음
전자레인지,버튼 조작시 P100 P80~ 표시가 떠요 어떤 기능인가요,전자레인지는 고주파를 이용하여 가열하는 원리이며 작동시 고주파 출력을 조절할 수 있습니다. 출력 조절시 화면표시창에는 P100 P80~ 으로 표시가 됩니다. 다음 내용을 체크해 주세요 [전자레인지] 버튼을 누르면 고주파 출력을 조절할 수 있습니다. 출력 조절시 화면표시창에는 P100 P80 P50 P30 P10으로 표시가 됩니다. 예시)제품의 고주파 출력이 700W인 경우 고주파출력을 P80으로 설정하면 최대 고주파 출력 700W의 80% 출력세기로 작동된다는 의미입니다. 조리물을 최고 출력으로 빠르게 데우는 기능으로 사용시에는 고주파출력 100%로 선택하시어 작동해 주시면 됩니다. 출력 조절 작동 방법입니다. ①[전자레인지] 버튼을 누르면 'P100' 이라고 표시가 됩니다. ②이때 [조그셔틀 다이얼]을 돌리면 'P100'  'P80'  'P50'  'P30'  'P10' 까지 출력을 조절할 수 있습니다. ③원하는 출력이 표시되면 [시작/+30초/확인] 버튼을 누른 후 다시 [조그셔틀 다이얼]을 돌려 작동 시간을 설정해 주세요. ④설정한 출력 및 시간으로 작동이 시작됩니다. 고주파출력은 제품에 따라 차이가 있습니다.,,https://static.service.skmagic.com/editor/faq/ckimg/1b545e66a6dd488b90c7eb20ab45114d.png
전자레인지,부저음 소리가 안나요,조작부 선택시 발생하는 버튼조작음 및 종료 후 발생하는 알림 부저음은 별도의 ON/OFF 기능 음량 조절 기능이 없습니다. 부저음이 발생되지 않거나 이전에 비해 부저음 소리가 많이 작아졌다면 서비스점검이 필요합니다.,,없음
전자레인지,화면표시창에 0:00 표시를 끄고 싶어요,전자식 전자레인지의 경우 작동 종료 후 화면표시창에는 [0:00] 표시가 항상 켜져있습니다. 다음 내용을 체크해 주세요 별도의 ON/OFF 설정방법은 없으며 화면표시창을 OFF하려면 전원콘센트를 분리해주셔야합니다. 대기전력 1W미만으로 표시창이 커져있어도 전력소모량은 크지 않습니다. 안심하고 사용해주세요.,,https://static.service.skmagic.com/editor/faq/ckimg/526cd909c90b4e75845ca3f78380f128.png
전자레인지,작동 중 내부에서 터지는 소리가 나고 조리물이 넘쳤어요,밀봉되어 있는 상태로 가열을 하면 내부의 수분이 수증기가 되면서 부피가 늘어나고 압력에 의해 조리물이 터지거나 폭발할 수 있습니다. 다음 내용을 체크해 주세요 제품 작동 전 확인해주세요. 껍질이 단단한 열매(밤 계란 호두 은행 등) 뚜껑이 닫힌 병 (쌍화탕 등) 밀봉된 인스턴트 식품(우유 젖병등)은 그대로 가열하지 마세요. -열매는 칼집을 내고 병은 뚜껑을 개봉하여 가열해주세요. 액체를 가열할 경우 갑자기 끓어넘치는 경우가 발생할 수 있으니 조심해주세요. 음식은 그릇의 1/2~2/3 정도만 채워주세요. -용기가 너무 작으면 넘칠 수 있고 용기가 크면 조리물이 과다하게 조리될 수 있습니다. 생선 등 껍질이 터질 수 있는 조리물은 미리 칼집을 내서 작동해주세요. -레인지 기능으로 계란을 삶는 경우 터질 수 있으니 가열하지 마세요. 뚜껑이 닫혀있는 밀폐된채로 작동시 폭발의 위험이 있으니 뚜껑을 살짝 열어서 사용해주세요.,,없음
전자레인지,설정시간이 줄어들지 않거나 시간이 지나도 멈추지 않아요,다음 내용을 체크해 주세요 제품 동작은 되나 타이머 작동에 이상이 있는 경우는 서비스점검이 필요합니다. 설정한 시간이 줄어들지 않거나 변함이 없는 경우 설정한 시간이 지나도 타이머 다이얼의 움직임이 없는 경우 타이머가 '0:00' 으로 종료되어도 멈추지 않고 계속 작동하는 경우,,없음
전자레인지,자동요리 사용방법이 궁금해요/A-1 A-2~ 표시가 떠요,[자동요리 메뉴] 코스는 메뉴와 중량에 따라 작동시간이 설정되어있는 프로그램이며 메뉴 종류에 따라 [A1~A8] 로 표시가 됩니다. 다음 내용을 확인해 주세요 MWOFM3A 모델의 자동요리 메뉴 프로그램 작동 방법입니다. ①[자동요리]버튼을 눌러 A F E L 중 원하는 대표 메뉴를 선택해주세요. ②대표메뉴가 선택된 상태에서 [ ∨ ] [ ∧ ] 버튼을 눌러 알파벳-숫자 를 선택 후 [시작/+30초]버튼을 눌러 시작해주세요. 자동요리 메뉴 프로그램 작동 방법입니다. ①[조그셔틀 다이얼]을 우측으로 돌려주세요. ②A1~A8 중 원하는 메뉴 표시가 나오면 나오면 [시작/+30초/확인] 버튼을 눌러주세요. ③다시 [조그셔틀 다이얼]을 우측으로 돌려 무게나 수량을 맞춰주세요. ④[시작/+30초/확인] 버튼을 눌러주시면 설정된 조리시간만큼 작동이 됩니다. 모델에 따라 자동요리 메뉴는 상이합니다. 설명서에 있는 메뉴를 참고하시어 작동해 주세요.,,https://static.service.skmagic.com/editor/faq/ckimg/acdacb4f7cad4f45bba1d5617f60c467.png|https://static.service.skmagic.com/editor/faq/ckimg/f18f690150e040ffacd0e2152dd0401b.png
전자레인지,조리실 내부의 코팅이 벗겨지고 녹이 슬었어요,다음 내용을 체크해 주세요 거친수세미나 철 수세미등 날카로운 물체로 문지르거나 청소시에 내부 코팅이 벗겨질 수 있습니다. 조리물의 염분성분 및 조리실 내부에 남아있는 수증기로 인해 녹이 생기고 부식이 발생할 수 있습니다. 작동 종료 후 내부 청소 및 환기를 주기적으로 해주시고 부드러운 스폰지 및 행주로 청소를 진행해주세요. 코팅이 벗겨지거나 부식 발생시 내부 케이스를 교체하셔야합니다.,,없음
전자레인지,표시창 숫자가 일부만 보이거나 깨져보여요,표시창에 숫자 또는 문구가 정상적으로 보이지 않고 일부만 표시되어 보이는 증상은 서비스점검이 필요합니다.,,없음
전자레인지,해동기능은 어떻게 설정하나요/dEF1 dEF2 표시가 떠요,해동기능은 조리물의 무게 또는 해동시간을 설정하여 작동할 수 있습니다. 다음 내용을 체크해 주세요 기계식 전자레인지 해동 설정 방법입니다. ①출력 조절 손잡이를 [해동]으로 맞춰주세요. ②시간 조절 손잡이를 무게에 맞춰 돌려주세요. 해동이 시작됩니다. 전자식 전자레인지 해동 설정 방법입니다. 조리물 무게 설정에 따라 해동을 할 수가 있습니다. ①[무게/시간/해동]버튼을 한번 누르면 표시창에 'dEF1' 이 표시됩니다. ②[조그셔틀 다이얼]을 우측으로 돌리면 '100g~2000g' 까지 중량이 표시됩니다. ③원하시는 중량에 맞추어 [시작/+30초/확인] 버튼을 누르면 해동이 시작됩니다. 시간 설정에 따라 해동을 할 수가 있습니다. ①[무게/시간/해동]버튼을 두번 누르면 표시창에 'dEF2' 가 표시됩니다. ②[조그셔틀 다이얼]을 우측으로 돌리면 '5분~95분' 까지 중량이 표시됩니다. 시간은 5분 단위로 설정됩니다. ③원하시는 시간에 맞추어 [시작/+30초/확인] 버튼을 누르면 해동이 시작됩니다. 식품의 냉동된 상태나 덩어리의 크기에 따라 조리결과가 달라질 수 있습니다.,,없음
전자레인지,전자레인지에서 전기가 느껴져요,비접지형 콘센트에 제품을 연결하였을때 제품에서 전기가 느껴질 수 있습니다. 접지형콘센트인지 확인이 필요합니다. 다음 내용을 체크해 주세요 전기가 흐르는 원인 및 조치 방법입니다. 1. 신체에 물기가 있는 상태로 제품을 접촉한다면 전기가 느껴질 수 있습니다. 2. 접지가 되어있는 콘센트에서 전기가 느껴질 경우 코드를 분리한 후 반대로 재 연결해 주세요. 3. 제품 이동이 가능한 경우 다른 위치의 콘센트에 연결하여 사용해보시고 동일하게 전기가 흐르는지 확인해 주세요. 동일한 콘센트로 오래 사용하다보면 전력이 높은 제품이다보니 콘센트 노후가 빠르게 일어날 수 있습니다. 4. 벽면 단독 콘센트로 사용중인지 확인해주세요. 비접지 벽면 콘센트는 전기가 흐를 수 있으며 이 경우 전기공사가 필요합니다. 5. 멀티탭 이용 시 벽면 콘센트와 멀티탭 모두 접지 단자를 확인해주세요. 6. 10년 이상 오래 된 건물은 접지단자가 있더라도 노후되어 전기가 흐를 수 있습니다. 접지란? 누설 전류나 이상 전류가 발생했을 때 인체와 제품 사이에 전기가 통하지 않도록 보호하는 역할을 합니다. 접지가 되어있지 않은 무접지콘센트에 연결 사용 시 제품에서 전기가 느껴질수 있습니다. 멀티탭(=멀티콘센트 연장선) 사용 시에도 접지단자가 있는지 확인이 필요합니다. 콘센트에 접지여부 확인 및 접지 콘센트 사용을 권장합니다. 콘센트에 접지가 없는 경우는 전기설비전문가에게 별도로 전기공사를 의뢰하셔야합니다. 멀티탭(연장선) 사양을 확인해주세요. 스위치가 있는 멀티탭 250V 16A 사용해도 전자레인지와 오븐 사용은 가능하나 250V 20A 고열량 멀티탭을 사용하시면 더 안전하게 사용하실 수 있습니다. 사용설명서 내용 확인해주세요. 멀티 콘센트(220V 16A이상) 사용 시 여러 기기를 동시에 사용하지 마세요. 콘센트 이상 발열로 인한 화재의 위험이 있습니다. 차단기가 작동되어 전원이 꺼질 위험이 있습니다.,,https://static.service.skmagic.com/editor/faq/ckimg/c65ad1728d5c4c639d68c06521ecebdf.png|https://static.service.skmagic.com/editor/faq/ckimg/7cd2653cd68947cba79fae79c960510e.png
전자레인지,작동시간 설정은 어떻게 해야하나요,[시작/+30초] 버튼으로 30초 단위로 시간설정을 간편하게 할 수 있으며 [조그셔틀 다이얼]을 이용하여 원하는 시간을 설정할 수도 있습니다. 다음 내용을 체크해 주세요 조리시간 설정 방법입니다. ①[조그셔틀 다이얼]을 '－' (왼쪽) 방향으로 돌려주세요. '+' (오른쪽) 방향으로 돌리면 자동요리 설정이므로 필히 왼쪽으로 돌려주셔야 합니다. ②왼쪽으로 돌릴수록 95:00~00:05까지 표시창에 표시되며 95분에서 5초까지 조리시간을 설정할 수 있습니다. ③원하는 조리시간이 표시되면 [시작/+30초/확인] 버튼을 눌러주세요. ④설정한 시간만큼 작동이 시작됩니다. [조그셔틀 다이얼]이 없는 버튼식 제품은 [+ -] 버튼 또는 [∧ ∨] 버튼으로 시간 설정을 하실 수 있습니다. 모델에 따라 설정할 수 있는 최대 설정 시간 및 설정 단위 시간은 차이가 있습니다.,,없음
전자레인지,전자레인지 청소는 어떻게 해야하나요,조리실 내부에 기름때 음식찌꺼기 등 찌든때가 눌어붙으면 제거가 어렵고 그로인해 냄새 및 얼룩이 발생할 수 있으니 주기적인 청소를 해주시는게 좋습니다. 다음 내용을 체크해 주세요 제품 외부 청소 방법 ①청소 전 제품의 전원콘센트를 분리해주세요. ②부드러운 헝겊이나 스폰지에 중성세제를 묻혀 외관을 닦은 후 마른행주로 남은세제 및 물기를 닦아주세요. 제품 내부 청소 방법 ①젖은 행주나 헝겊 스펀지에 베이킹소다 1작은술을 묻힌 후 오염된 부분에 묻혀 불려주세요. ②전자레인지 용기에 물을 담아 전자레인지 기능으로 약 5분~8분 작동해 주세요. ③작동이 끝나면 코드를 뽑고 제품을 식혀 주세요. ④제품이 식은 후 마른 행주 및 헝겊을 이용하여 남은 잔여물 및 물기를 닦아주세요. ⑤작동 종료 및 청소 후 수시로 문을 열어 조리실 내부를 환기 시켜 주세요. 청소시 주의사항 -작동 종료 직후에는 제품 내부 외부 부속품이 뜨거우니 열기가 식은 후 청소를 진행해주세요. -청소시 벤젠이나 신나등을 사용하지 마세요. -내부의 코팅이 벗겨질 수 있으니 거친수세미나 철 수세미등 날카로운 물체로 문지르거나 긁지 마세요. -제품 외관에 절대 물을 끼얹지 마세요.,,없음
전자레인지,내부 우측면에 은색 종이처럼 보이는 부분은 무엇인가요,도파관덮개라고하는 부품입니다. 작동시 고주파를 발생시키는 내부의 부품으로 이물질 유입을 막아주는 판넬 역할을 합니다. 다음 내용을 체크해 주세요 도파관덮개는 꼭 장착된 상태에서 사용해주셔야합니다. -제거 후 분실 되었거나 훼손된 경우는 도파관덮개 부속품만 별도로 구매하여 교체 후 사용해주세요. 도파관덮개 조립방법 -도파관덮개의 양쪽 고리를 제품 내부 벽면에 있는 홈에 맞춰 끼워주세요. 조립시 도파관덮개를 너무 구부리거나 힘을 강하게 주면 훼손될 수 있으니 조심해주세요.,,https://static.service.skmagic.com/editor/faq/ckimg/f9dc9fe6db79488081b9a04fe96315d4.png
전자레인지,제품 외관이 뜨거워요,전자레인지 작동시 내부의 온도가 올라가면서 제품 외관까지 뜨거워질 수 있습니다. 전자레인지가 작동중이거나 작동 후 외관이 뜨거운가요? 제품 내부 우측에 도파관덮개(마이카플레이트)가 장착된 상태로 사용해야하며 심하게 훼손되었거나 장착되어있지 않은 경우 구매하여 자가 설치가 가능합니다. 조리물을 가열하기 위해 발생하는 열기가 제품 외관까지 전달되어 매우 뜨거우니 주의해 주세요. 수분이 많이 발생하는 조리물일수록 수증기로 인하여 제품 주변의 온도까지 높아질 수 있습니다. 여름철 실내온도가 높은 상태에서 사용하거나 열기 순환이 잘 되지않는 장소에 설치하여 사용시 제품이 과열될 수 있습니다. 제품의 뒷면과 10cm 윗면과 30cm 좌우 20cm 이상 최소 여유 간격을 두고 설치가 되어있는지 확인해 주세요. 제품 겉면에 커버를 씌우지 않고 작동 후 도어를 열어 열기를 충분히 식혀주세요. 전자레인지를 작동하지 않았는데도 외관이 뜨거운가요? 전자식 모델의 경우 도어를 장시간 열어두면 내부의 램프가 계속 점등되어 이로 인해 제품에서 열기가 느껴질 수 있습니다.,,https://static.service.skmagic.com/editor/faq/ckimg/11d9fd99446143fe8f354173d5643529.png
전자레인지,작동 중 전원이 꺼져요/차단기가 내려가요,제품의 상태를 확인해 주세요. 전기가 흐르는 코드선은 저절로 빠질 수 있습니다. 전원 코드선이 빠졌거나 헐거운 경우 단단하게 연결해 주세요. 전원코드선에 물기가 묻어있는 경우 물기를 닦은 후 콘센트에 연결해 주세요. 제품이 설치된 장소의 전원 공급상태를 확인해 주세요. 제품의 전기 차단/공급을 위해 설치된 모든 차단기의 전기공급 상태가 [ON]인지 확인해 주세요. 대기전력 차단 콘센트에 연결하여 사용하는 경우 일반 콘센트에 연결하거나 콘센트 상태를 [상시]로 변경 후 사용해 주세요. 제품이 멀티콘센트 연장선으로 연결된 경우 새 멀티콘센트 연장선(ON/OFF스위치가 없는 정격용량 250V 16A이상)으로 교체 후 확인해 주세요. 제품의 설치 환경을 확인해 주세요. 제품을 밀폐된 곳에서 사용하는 경우 제품 과열로 인해 발생될 수 있으므로 뒷면과 좌우 20cm 윗면은 30cm이상 공간을 확보해 주세요. 동일 콘센트에 여러 제품을 연결하려 사용할 경우 전력 과부하로 인해 발생될 수 있으므로 해당 제품만 단독으로 연결하여 사용해 주세요.,,https://static.service.skmagic.com/editor/faq/ckimg/767db3d5ef6648dea7e85f232f55ab1d.png
전자레인지,전자레인지 스팀청소는 어떻게 하나요,[스팀청소] 설정 조작버튼은 별도로 없지만 전자레인지 기능을 이용하여 스팀청소를 하실 수 있습니다. 제품을 작동하여 물을 가열하고 이때 발생한 뜨거운 수증기를 이용하는 방법으로 내부의 찌든때를 불려 청소를 용이하게 할 수 있습니다. 다음 내용을 체크해 주세요 스팀청소 방법 ①젖은 행주나 헝겊 스펀지에 베이킹소다 1작은술을 묻힌 후 오염된 부분에 묻혀 불려주세요. ②전자레인지 용기에 물을 담아 전자레인지 기능으로 약 5분~8분 작동해 주세요. ③작동이 끝나면 코드를 뽑고 제품을 식혀 주세요. ④제품이 식은 후 마른 행주 및 헝겊을 이용하여 남은 잔여물 및 물기를 닦아주세요. ⑤작동 종료 및 청소 후 수시로 문을 열어 조리실 내부를 환기 시켜 주세요. 전자레인지 작동 종료 직후에는 내부가 뜨거울 수 있으니 조심해주세요.,,없음
전자레인지,전원코드선과 외관이 파손됐어요,전원코드 및 제품 외관의 파손은 서비스점검이 필요합니다. 제품 외관은 자가적으로 분리 및 조립이 불가합니다. 전원코드선도 제품 내부에 연결된 부품으로 별도로 판매되지 않으며 자가 교체가 어려운 부분으로 서비스접수가 필요합니다.,,없음
전자레인지,제품 설치시 주의사항은 무엇인가요,전자레인지 설치시 주의사항 및 설치가 적합한 환경인지 확인이 필요합니다. 다음 내용을 체크해 주세요 통풍이 잘되는 평평하고 안정된 장소에 설치해주세요. -원활한 열기 순환을 위해 뒷면과 좌우 10cm 윗면과 20cm 이상 최소 여유 간격을 두고 설치해주세요. 바닥이 단단하고 평평한곳에 설치해주세요. -바닥과 수평이 맞지 않으면 소음 발생의 원인이 됩니다. 물기가 많거나 열기가 있는곳은 피해서 설치해주세요. -전자레인지의 기능이 저하되거나 누전의 위험이 있습니다. 전자레인지 전원콘센트는 벽면콘센트에 단독으로 연결하여 설치해주세요. -다른 전력량이 큰 전기제품과 함께 연결하여 사용시 전기용량이 부족하여 차단기가 내려갈 수 있습니다. -멀티연장선 사용시 정격용량 250V 15A 이상되는 멀티콘센트를 이용하여 전자레인지 제품만 연결하여 사용해주셔야합니다. 다른 전자제품과 거리를 두고 설치해주세요. -TV 오디오 등과 가까이 놓으면 화면이 떨리거나 잡음이 발생할 수 있으므로 4m 이상 간격을 두고 설치해주세요. 접지콘센트인지 확인이 필요합니다. -접지가 되어있지 않은 무접지 콘센트에 연결시 제품에서 미세한 전기흐름을 느낄 수 있습니다. 멀티콘센트 연결시에도 접지가 있는 멀티콘센트를 사용해주셔야합니다. 단 무접지 콘센트의 경우 접지공사는 전기전문업체에 의뢰하셔야합니다.,,없음
전자레인지,작동시 전자파가 나오나요,전자레인지 작동시 아주 미세한 양의 전자파가 발생되지만 가열하는 조리물에는 영향을 미치지 않습니다. 전자파는 조리물에 남아있지 않으며 작동이 종료되면 사라집니다. 전자파는 거리가 조금만 멀어져도 흩어지는 특성이 있어 약해지므로 작동시 제품과 30cm정도 간격을 유지해주세요. 자사의 제품은 전자파 인증을 받은 제품으로 안심하고 사용하실 수 있습니다.,,없음
전자레인지,전자레인지에 사용 가능한 용기는 무엇인가요,적합하지 않은 용기 사용시 용기의 변형 제품 내부 스파크발생 및 안전사고의 위험이 있으므로 반드시 전자레인지에 사용 가능한 용기인지 확인 후 작동해주세요. 다음 내용을 체크해 주세요 전자레인지 사용 불가 용기입니다. 금속제 용기 제과제빵 용기 쿠킹호일 종이호일 금선/은선 무늬 그릇 나무그릇 칠기 - 금속용기 금선/은선 무늬 그릇 알루미늄 쿠킹호일은 불꽃이 발생할 수 있으니 절대 사용하지 마세요. 전자레인지 전용 종이호일이나 내열 가공 종이류는 사용이 가능하나 장시간 사용시 주의해주세요 플라스틱 또는 종이 용기 사용시 발화위험이 있으니 작동시 수시로 확인해주세요. 전자레인지 사용 가능 용기입니다. 도자기 및 내열 사기그릇 내열 유리그릇 120℃까지 견디는 내열 플라스틱 비닐 봉지 랩 뜨거운 그릇을 갑자기 냉각시키거나 찬물에 넣으면 깨지거나 모양이 변형될 수 있으므로 주의해주세요. 수분 증발을 막기 위해 랩 비닐등을 사용할때는 구멍을 뚫어 사용하세요. 기름이 있는 음식이나 장시간 조리에는 사용하지 마세요.,,https://static.service.skmagic.com/editor/faq/ckimg/fca4efa0bbfc41ebabf9584ad939c508.png|https://static.service.skmagic.com/editor/faq/ckimg/eaf6ef048b304c43bcb22b38409afbdc.png
전자레인지,문을 열면 내부에서 음식 냄새가 나요,조리완료 후 청소 및 환기를 하지 않고 지속적으로 사용하게되면 기름때 음식찌꺼기 습기 비린내 등으로 인해 음식냄새가 조리실 내부에 배이게 됩니다. 작동 후에는 냄새가 배이지 않도록 내부청소를 바로 해주시는게 좋습니다. 다음 내용을 체크해 주세요 내부 청소 방법입니다. ①젖은 행주나 헝겊 스펀지에 베이킹소다 1작은술을 묻힌 후 오염된 부분에 묻혀 불려주세요. ②전자레인지 용기에 물을 담아 전자레인지 기능으로 약 5분~8분 작동해 주세요. ③작동이 끝나면 코드를 뽑고 제품을 식혀 주세요. ④제품이 식은 후 마른 행주 및 헝겊을 이용하여 남은 잔여물 및 물기를 닦아주세요. ⑤작동 종료 및 청소 후 수시로 문을 열어 조리실 내부를 환기 시켜 주세요. 청소 후 배인 냄새가 제거되지 않을 경우 원두가루를 건조시켜 종이컵에 담아 하루정도 조리실 내부에 놔두면 습기 흡착 및 냄새 제거에 효과적입니다.,,없음
전자레인지,내부 청소시 도파관덮개에서 반짝이는 가루가 묻어나와요,다음 내용을 체크해 주세요 도파관덮개는 조암광물을 얇게 벗겨 만든 운모재질로 절기 절연체 소재입니다. 도파관 덮개를 문질러서 청소를 하게되면 소재 특성상 결정구조를 연결하는 결합부가 끊어지면서 반짝이는 가루가 묻어 나올 수 있습니다. 인체에 무해하며 이는 정상적인 부분으로 안심하고 사용해주세요. 교체를 원하신다면 도파관덮개 부품만 별도로 구매하시어 자가적으로 교체를 하실 수 있습니다.,,없음
전자레인지,전자레인지 작동 후 내부와 도어에 습기가 많이 생겨요,다음 내용을 체크해 주세요 전자레인지 작동시 조리물이 가열되면서 수분이 증발되어 조리실 내부 및 도어에 습기가 발생합니다. -조리물의 종류와 작동시간에 따라 습기의 발생정도는 차이가 있습니다. -작동 종료 후 조리물을 바로 꺼내지 않으면 도어 및 내부에 습기가 더 많이 생길 수 있으며 조리물을 꺼낸 후 도어를 열어서 환기를 해주세요. 또한 습기 및 열기가 원활히 순환될 수 있도록 통풍이 잘되고 좌/우/윗면/뒷면의 여유공간이 충분한곳에 설치가 되어있는지 확인해주세요. 습기가 외부로 원활히 배출되지 못한다면 표시창 안쪽으로 습기가 발생할 수 있으나 시간이 지나면 자연적으로 없어지는 정상적인 증상입니다. 표시창에 발생한 습기가 시간이 지나도 없어지지 않는다면 서비스점검이 필요합니다.,,없음
전자레인지,도어를 열고 닫을때 소리가 나요,도어를 열고 닫을때 '끼익~' 또는 이상소음 발생시 도어 연결부 이물질 또는 부식 여부를 확인 후 제거해 주세요.,,없음
전자레인지,제품에 유격이 있어요,제품의 조립과정에서 일정부분 유격이 발생할 수 있습니다. 도어를 닫아도 유격 및 단차가 발생된다면 도어 연결부위의 나사 조립 상태를 확인해 주세요.,,없음
전자레인지,수평이 맞지 않아 제품이 흔들려요,제품 밑면 고정발(고정레그)이 파손되었거나 분리된 경우 수평이 맞지 않을 수 있습니다. 제품 설치된 바닥면이 평평하지 않은 경우도 수평이 맞지 않을 수 있습니다. 다음 내용을 체크해 주세요 바닥면이 평평한곳으로 제품을 이동하여 수평을 확인해 주세요. 고정발(고정레그)은 제품 밑면 앞쪽 좌/우 2개로 조립되어있습니다. 고정발(고정레그)이 파손되었거나 분실되었을경우 별도로 구매하여 자가적으로 교체하실 수 있습니다.,,없음
전자레인지,전자레인지 보호필름 제거 방법이 궁금해요,제품에 스크래치가 있다면 보호필름 유무를 확인해 주세요. 투명색 보호필름이 부착되어 있나요? 새 제품의 스크래치 방지를 위해 얇고 투명한 보호필름이 부착되어 있습니다. 얇고 투명한 보호필름 제거가 어려운 경우 그대로 사용하셔도 무방하며 지속적인 사용으로 필름 일부가 뜯어질때 함께 제거하셔도 됩니다. 새제품에 보호필름이 없고 스크래치가 있나요? 육안으로 확인이 어려울 정도의 얇고 투명한 보호필름이 부착되어 있으므로 제품의 가장자리에서 확인해 주세요. 모델에 따라 내용에 차이가 있을 수 있습니다.,,https://static.service.skmagic.com/editor/faq/ckimg/01fe2bc174634ab8af5a1d2fe4441cbc.png|https://static.service.skmagic.com/editor/faq/ckimg/a61fbff48b8848f1bdf9feedeb34995d.png
전자레인지,제품 뒷면이 튀어나와있어요 내부 부품이 기울어져 있어요.,제품 뒷면이 울퉁 불퉁 튀어나왔어요. 제품 내부 부품과 일정 간격을 띄워 뒷면에 팬이 설치되어 있습니다. 공기순환 및 내부 열기를 배출하는 목적으로 설치된 것이며 안심하셔도 됩니다. <제품옆면> <제품뒷면> 내부 부품이 비뚤어져 있어요. 내부 부품과 상부 브라켓이 고정되는 구조로 비스듬하게 설치되며 이는 제품의 이상은 아닙니다. 전기오븐레인지 해당모델 : EONCP3A EONCS2A EONCS2BEONCS2C EONC200,,https://static.service.skmagic.com/editor/faq/ckimg/baeb0f10e4f3410aafdb86d447f7436b.png|https://static.service.skmagic.com/editor/faq/ckimg/35de44c330a34525a8d63016fd7cfd73.png
전자레인지,간편식품 사용방법이 궁금해요 (MWOHD3A1 MWOHD3A2 MWOAF3A1 MWOAF3A2),즉석밥 피자 등 간편 식품 조리가 필요한 경우 아래 내용을 확인해 주세요. 간편식품 조리메뉴를 확인해 주세요. 즉석밥 볶음밥 만두 피자 도시락 핫도그 치킨 죽이 있습니다. 간편 식품 사용방법 ① [간편식품/선택] 버튼을 연속으로 눌러 원하는 메뉴를 선택해 주세요. ② 메뉴를 선택한 후 + - 또는 ∧ ∨ 버튼을 눌러 조리물의 중량을 선택해 주세요. ③ [시작/+30초]버튼을 눌러 조리를 시작해 주세요. 간편 식품 사용시 참고해 주세요. 메뉴 및 중량 개수에 따라 자동으로 조리시간이 설정되어 있습니다. 간편식품의 보관상태 온도에 따라 조리결과의 차이가 있을 수 있습니다. 밀폐된 용기는 뚜껑을 열거나 구멍을 낸 후 조리하시고 알루미늄 포장재의 식품은 반드시 포장을 제거한 후 내열 용기에 옮겨 담아 조리하세요.,,https://static.service.skmagic.com/editor/faq/ckimg/b13a154fe1eb4178a32dedcde9763b71.png
전자레인지,도어 윗면 옆면이 벌어져 있어요,도어 옆면이나 윗면이 벌어진 경우 확인해 주세요. 도어를 열고 닫을 때 발생하는 간섭을 방지하기 위해 도어 옆면이나 윗면이 미세하게 벌어지도록 설계되어 있습니다. 겉면 케이스는 조립 형식으로 약간의 편차가 발생할 수 있습니다. 벌어짐이 더욱 심해지거나 내부가 보일정도의 벌어짐은 전문가의 점검이 필요합니다.,,https://static.service.skmagic.com/editor/faq/ckimg/166a7cfdf6e7492bbe36fbc7fc10ce4c.png
전자레인지,해외에서 전자레인지 사용이 가능한가요,국내전용 제품으로 해외에서는 사용이 불가합니다. 국내 220V 60HZ 전압과 주파수가 맞지 않을 경우 제품의 오작동이 발생할 수 있으며 고장 및 안전사고의 원인이 될수 있습니다. 해외에서 사용 중 제품의 문제 발생시 AS 및 처리가 불가합니다. 콘센트 변화기를 사용하는 경우 체결이 불안정해 누전 화재 등의 원인이 될 수 있습니다.,,없음
전자레인지,전자레인지 에너지소비효율등급은 어떻게 되나요,전자레인지는 에너지소비효율등급 제외 제품입니다.,,없음
전자레인지,제품 바닥에 나사가 튀어나와 있어요,제품 바닥에 나사가 보이나요? 제품을 마주보았을 때 우측 버튼 조작부 하단에 작은 나사가 노출되어 있습니다. 내부 부품인 고압콘센서를 고정하는 과정에서 보여지는 나사이며 제품 성능에는 문제가 없습니다.,,https://static.service.skmagic.com/editor/faq/ckimg/a9b1dc40010e48bbabdc43120c8575c7.png
