sub_category,title,text,table_markdown,images
정수기,여름철 정수기 사용 및 관리 방법이 궁금해요,▶ 휴가 출발 전/도착 후 정수기 조치 방법 ▶ 얼음이 나오지 않나요? ▶ 얼음이 녹거나 깨져서 나오나요? ▶ 냉수가 시원하지 않나요? ▶ 정수기 아래로 물이 새나요?(결로현상) ※ 정수기 많이하는 질문보기(클릭),,없음
정수기,이사를 하는데 이전설치는 어떻게 해야하나요,"정수기 분리 또는 설치시 부속품 손상 및 누수 발생 위험 요소가 있어 서비스 접수를 권장합니다. ▶서비스 요청시 분리 비용과 재설치 비용은 각각 발생됩니다. • [이용 요금안내] 에서 비용 확인이 가능합니다. • 구독제품을 일반구매제품으로 접수시 비용이 추가될 수 있습니다. ▶제품 이동서비스는 불가하므로, 분리된 제품은 부속품들을 빠짐없이 챙기신 후 설치하는 장소까지 옮겨주셔야 합니다. • 조리수밸브 설치 요청시 기존의 조리수밸브도 분리하여 가져오셔야 합니다. • 조리수밸브 교체 및 설치 요청시 추가 비용 발생됩니다. ☞제품 분리 및 재설치 서비스 접수는 [분리/설치 예약] 또는 [고객상담센터 ☎1600-1661]을 이용해 주세요.",,없음
정수기,"냉수 램프가 켜져있는데 냉수가 안 나와요.(직수형, 얼음정수기)",#냉수램프들어오나 출수안됨 #출수안됨 #냉수안나옴 ▶내부 온도 변화에 의한 일시적인 현상일 수 있음으로 아래와 같이 확인해 주세요. ①정수기의 냉수 기능을 'OFF'상태로 설정한 뒤 냉수 사용을 멈춰주세요. ②12시간 이상 경과 후 냉수 기능을 다시 'ON'상태로 설정해 주세요. ③냉수 선택 후 연속으로 총 3회 출수해 주세요. (1회당 약 1L~1.5L) ▶제품 모델별 [냉수] ON/OFF 설정 방법 ☞확인 후에도 동일 증상이라면 점검이 필요합니다. 서비스 접수는 [방문예약] 을 이용해주세요.,,https://static.service.skmagic.com/editor/faq/ckimg/1dea7e36ba7b4b0698366916596ecf05.png
정수기,정수기에서 물이 나오지 않아요,"정수기에서 모든 물이 출수되지 않는 경우 다음 내용을 확인해 주세요. ▶전원코드가 정상적으로 연결되어 있는지 확인해 주세요. • 전원코드선 연결상태 확인 및 콘센트 이상 여부를 확인해 주세요. • 역삼투압 정수기의 경우 전원이 꺼져있다면 승압펌프도 가동되지 않습니다. ▶취수량을 확인해 주세요. • 역삼투압 정수기와 탱크형 정수기는 연속취수량이 1L 이상정도가 되면, 저수조에 물이 채워지는 시간이 약 1-2시간이상 소요가 됩니다. • 물을 사용하지 않고 2시간 이후 출수되는지 확인해 주세요. ▶물 공급 상태를 확인해 주세요. • 정수기와 연결된 수도의 단수여부를 확인해 주세요. • 물이 지나는 호스가 꺾이거나 눌려있진 않은지 확인해 주세요. • 중간밸브나 볼밸브, 원수도밸브가 모두 열린 상태로 출수가 되는지 확인해 주세요. • 역삼투압 정수기와 탱크형 정수기는 밸브를 열고 두시간 이후 출수가 되는지 확인해 주세요. • 겨울철에는 한파로 인해 수도가 동파되거나 정수기 호스선이 결빙될 수 있으니 호스선 결빙시 뜨거운 물수건으로 호스를 감싸서 녹여주세요. ▶밸브 잠김상태와 열림상태를 확인해 주세요. • 밸브 손잡이의 날개 부분이 호스 방향과 일치하면 밸브는 열림 상태입니다. 모델에 따라 내용에 차이가 있을 수 있습니다. ☞서비스 접수는 [A/S방문예약] 상담 진행은 [상담예약] 또는 [고객상담센터 ☎1600-1661]을 이용해 주세요.",,https://static.service.skmagic.com/editor/faq/ckimg/ce3b6965a5414704aea59454321a01be.png|https://static.service.skmagic.com/editor/faq/ckimg/9cbbfc3c26674a36a9374a0ede071d58.png|https://static.service.skmagic.com/editor/faq/ckimg/e19e69baa1244cf9a9cd974618f5119f.png|https://static.service.skmagic.com/editor/faq/ckimg/7aa68e8f25fb4f2bb56055354d1916f6.png
정수기,WPUIAC403 원코크 얼음물 정수기 얼음이 안 나와요.,"▶[얼음] 버튼을 10초이상 길게 눌러 주세요. • 내부 보관통에 있던 얼음이 출빙되기 위해 아래에서 위로 올라오는 구조임으로, [얼음]버튼을 길게 눌러주세요. ※ 단, [얼음물]버튼은 짧게 눌러도 출수 가능합니다. ▶[얼음]램프가 켜져 있는지 확인해 주세요. • [얼음]버튼이 잠금 상태일 경우 버튼을 누르면 '띵띵'~소리와 함께 램프에 불이 들어오지 않습니다. • [얼음]잠금해제 : [잠금]버튼을 3초간 누른 뒤, [얼음]버튼을 누르면 약 7초 후 잠금이 해제됩니다. • [얼음]잠금해제 이후 얼음 보관통에 얼음이 없을 경우 바로 출빙되지 않습니다. ▶냉수 사용량을 확인해 주세요. • 냉수 사용량이 많을 경우 얼음 생성이 지연됩니다. • 냉수를 사용하지 않은 상태에서 1~2시간 이후 확인해 주세요. ▶온수 및 고온수가 정상적으로 출수되는지 확인해 주세요. • 배수호스 꺾임 여부에 대한 확인을 온수 또는 고온수 출수 여부로 대체하여 확인해 주세요. ▶얼음이 생성되는 시간을 확인해 주세요. • 얼음은 한번에 5개씩 생성됩니다. • 주위 온도에 따라 생성되는 속도와 시간이 다르며, 평균 약 15분~20분 정도 소요됩니다. ▶팬 필터를 청소해 주세요. ①제품 뒷면 하단 우측 먼지필터 손잡이를 앞으로 당겨 분리해 주세요. ②필터의 먼지는 흐르는 물에 깨끗이 세척 후 건조하여 다시 조립해 주세요. ☞상담 진행은 [상담예약] 또는 [고객상담센터 ☎1600-1661]을 이용해 주세요.",,https://static.service.skmagic.com/editor/faq/ckimg/d464812120b24474a2b89a3e6217f0b4.png|https://static.service.skmagic.com/editor/faq/ckimg/c739c2a715db433680b98689dbe0b304.png|https://static.service.skmagic.com/editor/faq/ckimg/8bb292feae5f4835abdab26dd46a7ede.png|https://static.service.skmagic.com/editor/faq/ckimg/1796c54db4514919901402feb5d241c3.png|https://static.service.skmagic.com/editor/faq/ckimg/44654bb1c9644b41b98c486352a390dd.png
정수기,냉수버튼과 온수버튼을 누르면 띵 소리만 나고 작동이 안돼요 (직수형정수기),"냉수 또는 온수 버튼을 누르면 '띵' 소리만 나고 버튼 선택이 되지 않는다면 해당 버튼이 잠겨있을 수 있습니다. ▶냉수와 온수버튼이 잠겨있지 않나요? • 자물쇠모양, 열쇠모양, 온수잠금, 냉수잠금 등 잠금 램프가 점등되어있는 경우 사용하려는 기능이 잠겨있을 수 있습니다. • 버튼이 잠겨있는 경우 버튼 선택이 되지 않습니다. 제품별 냉수와 온수 버튼 잠금 설정 및 해제방법을 확인해 주세요. • 설정변경 및 해제를 위해 버튼을 눌렀으나 작동하지 않을경우 전원코드선을 분리한 뒤 30초 후 재연결하여 작동해 주세요. ☞확인 후에도 동일 증상이라면 전문가의 점검이 필요합니다. 서비스 접수는 [방문예약] 또는 [고객상담센터 ☎1600-1661]을 이용해 주세요.",,https://static.service.skmagic.com/editor/faq/ckimg/8500286a634143f9aacc2578fc7ad66f.png
공통,"소모품, 부품 구매는 어떻게 하나요?","▶부품을 구매하려 하나요? • 필터, 호스, 소모품 등 구매가 가능하며 판매 품목은 제품마다 상이합니다. • [부품구매] 또는 [고객상담센터 ☎1600-1661]을 이용해 주세요. • 서비스센터 홈페이지에서 구매하시려는 경우 제품의 모델명 또는 카테고리 선택 후 부품 명칭을 검색하시면 더욱 빠르고 쉽게 구매하실 수 있습니다. • 고객상담센터에서 구매하시려는 경우 제품의 모델명 또는 부품 명칭을 말씀해주시면 더욱 빠르고 쉽게 구매하실 수 있습니다. • 일부 부품은 안전상의 이유로 판매가 불가할 수 있으며, 전문가의 점검 및 서비스가 필요할 수 있습니다.",,없음
정수기,얼음이 나오지 않아요/생성되지 않아요,"▶제빙 기능이 켜져 있나요? • 얼음ON/OFF 램프 또는 얼음 모양 램프가 켜져있어야 제빙이 되어 얼음을 출빙할 수 있으므로 램프 점등 상태를 확인해 주세요. • [얼음] 버튼 또는 [얼음]+[출빙]버튼을 5초이상 길게 누르면 제빙기능을 ON/OFF 할 수 있습니다. ▶전체 버튼 또는 얼음 출빙 버튼이 잠겨있지 않나요? • 얼음 잠금 또는 전체 잠금 램프가 켜져있는 경우 출빙이 불가하므로 버튼 잠금 상태를 확인해 주세요. • 잠금 상태가 아니라면 출빙버튼을 10초이상 길게 눌러 얼음이 출빙되는지 확인해 주세요. ▶냉수나 얼음 사용량이 많았나요? • 냉수 우선 적용 프로그램으로 냉수를 사용하는 동안은 얼음 생성이 지연됩니다. 냉수를 사용하지 않은 상태에서 약 1~2시간 이후 확인해 주세요. ▶정상적으로 물공급이 되고 있나요? • 연결된 정수기에서 물이 나오는지 확인해 주세요. • 정수기 물이 나오지 않는다면 중간밸브 및 수도밸브의 잠김 상태 또는 급수 호스의 꺾임, 눌림 등이 없는지 확인해 주세요. ▶위 내용대로 했으나 얼음이 나오지 않나요? • 제품의 전원코드선을 분리한 뒤 30초 후 재연결하여 얼음ON 버튼이 점등된 상태로 2시간 후 얼음을 사용해 주세요. ☞상담 진행은 [상담예약] 또는 [고객상담센터 ☎1600-1661]을 이용해 주세요.",,없음
정수기,냉수가 차갑지 않아요,"▶냉수 램프가 켜져있는지 확인해 주세요. • 냉수 램프가 꺼져있다면, 냉수 램프를 ON으로 변경해 주세요. • 냉수 램프가 이미 점등된 상태라면 전원 코드선을 분리한 뒤, 10초 후 재 연결하여 확인해 주세요. ※ 단, 탱크형 모델은 전원 코드선 재 연결 후 1시간 뒤 확인해 주세요. ▶종이컵을 이용하여 냉수 온도를 확인해 주세요. • 여름철에는 급수되는 원수(수도) 주변 환경에 따라 온도가 상승되어 냉수 온도가 미지근할 수 있습니다. • 머그컵, 유리컵 등 컵 재질 및 두께에 따라 첫잔 온도가 높을 수 있음으로, 종이컵으로 두 번째 잔을 출수하여 냉수 온도를 확인해 주세요. ▶한번에 많은 물을 사용한 경우에는 1시간 후 냉수 온도를 확인해 주세요. • 1L이상 한번에 많은 물을 사용했을 경우 냉각수가 차가워지는데 까지 시간이 소요가 됩니다. • 특히 여름철은 냉수 사용량이 많음으로 냉수가 미지근한 경우엔, 최소 1시간 이후 사용해 주세요. ▶제품 좌, 우, 후면이 벽면 또는 다른 가전으로 부터 최소 10cm이상의 여유 공간이 있는지 확인해 주세요. • 정수기에서 발생하는 열기가 밖으로 순환되지 못하면 내부가 과열되어 냉수가 미지근하게 나올 수 있음으로, 벽면 또는 다른 가전으로 부터 최소 10cm이상의 여유 공간이 필요합니다. ☞상담 진행은 [상담예약] 또는 [고객상담센터 ☎1600-1661]을 이용해 주세요.",,없음
정수기,"냉수와 온수 물이 출수가 안돼요 (WPUC500, WPUC520)",▶냉수가 차갑지 않은 경우 냉수 ON/OFF 램프가 켜져있는지 확인해 주세요. • 냉수 ON/OFF 버튼을 5초 이상 길게 눌러 냉수 기능을 ON/OFF 할 수 있습니다. ▶온수가 뜨겁지 않은경우 온수 ON/OFF 램프가 켜져있는지 확인해 주세요. • 온수 ON/OFF 버튼을 5초 이상 길게 눌러 온수 기능을 ON/OFF 할 수 있습니다. ▶물이 전혀 나오지 않는 경우 확인해 주세요. • 냉수ON/OFF 버튼과 냉수선택버튼이 점등된 상태에서 냉수 출수가 가능합니다. • 온수ON/OFF 버튼과 온수선택버튼이 점등된 상태에서 온수 출수가 가능합니다. ▶버튼을 눌러도 반응이 없는 경우 확인해 주세요. • 해당 버튼 하나만 누른게 맞는지 확인 후 5초 이상 반응이 있을 때까지 눌러 확인해 주세요. • 제품의 전원콘센트를 분리한 뒤 30초 후 재연결하여 확인해 주세요. ☞확인 후에도 동일 증상이라면 전문가의 점검이 필요합니다. 서비스 접수는 [방문예약] 또는 [고객상담센터 ☎1600-1661]을 이용해 주세요.,,https://static.service.skmagic.com/editor/faq/ckimg/ebc3f4227a724431b362966fb93e57b4.png
정수기,버튼을 눌러도 작동이 안돼요 (직수형정수기),"직수형 정수기의 모든 버튼이 작동되지 않는 경우 확인해 주세요. ▶버튼이 잠겨있지 않은지 확인해 주세요. • 자물쇠모양, 열쇠모양, 온수잠금, 냉수잠금 등 잠금 램프가 점등되어있는 경우 사용하려는 기능이 잠겨 있을 수 있습니다. • 버튼이 잠겨있는 경우 각 버튼 잠금 해제 방법을 통하여 버튼 잠금을 해제하거나 전원코드를 분리 후 10초 뒤 재연결하여 확인해 주세요. ▶잠금 해제 후에도 모든 버튼이 작동하지 않고 램프가 깜빡거리거나 부저음이 발생하는 경우 확인해 주세요. • 제품 내부에 누수가 발생 시 바닥 부분의 센서가 이를 감지하여 자동으로 누수 차단 장치를 작동시키며 발생하는 증상입니다. • 누수 차단 장치가 작동되면, 누수 사고 예방을 위해 급수 자체가 차단됩니다. • WPUA1000, WPUA1100, WPUIAC403, WPUJAC103, WPUJCC103 제품은 필터교체 후 약 10분간 자동필터 세척이 진행되어 버튼 사용이 불가하므로 시간이 지난 후 확인해 주세요. • WPUA1000, WPUA1100, WPUIAC403, WPUJAC103, WPUJCC103 제품은 직수관 안심케어 기능 작동중에는 버튼 사용이 불가하므로 작동완료 후 확인해 주세요. ▶누수차단 장치가 작동하여 버튼 작동이 안되는 경우 전문가의 안내가 필요합니다. ☞상담 진행은 [상담예약] 또는 [고객상담센터 ☎1600-1661]을 이용해 주세요.","[표1] | 적용모델 | | --- | | WPUA500, WPUA600, WPUA620, WPUA630, WPUA710, WPUA720 WPUA800 WPUA900, WPUA1000, WPUA1100, WPUI100 WPUI110,WPUI120, WPUI200, WPUI210 WPUI220, WPUI230, WPUIAC302, WPUIAC403, WPUJAC103, WPUJCC103 WPUGBC102, WPUGB112 |",없음
정수기,"스스로 직수정수기 '띵띵띵' 소리가 나고 물이 안 나와요 (WPUA1000, WPUA1100)","▶출수버튼을 누르면 '띵띵띵띵' 소리가 나고 물이 출수되지 않는 경우 필터 커버를 올바르게 조립한 후 확인해 주세요. ▶급수상태와 밸브 잠김 상태를 확인해 주세요. • 정수기로 물이 공급되는 호스가 눌려있거나 꺾인 부분은 없는지 확인해 주세요. • 정수기가 연결된 수도가 단수되지 않았는지 확인해 주세요. • 수도밸브와 중간밸브가 잠겨있다면 밸브를 열고 출수가 되는지 확인해 주세요. ▶필터와 연결된 볼밸브를 확인해 주세요. • 필터 교체 이후 물이 나오지 않는다면 필터와 연결된 볼밸브의 잠김상태를 확인해 주세요. (중간밸브와는 다름) • 중간밸브가 [열림]상태여도 필터와 연결된 볼밸브가 [잠김]상태라면 정수기로 물이 공급되지 않습니다. • 직수형 정수기는 본체 후면 또는 측면 필터 덮개를 분리하면 볼밸브 확인이 가능하며, 탱크형 정수기는 필터가 장착되어있는 전면 하부 또는 상부의 판넬을 분리하면 확인이 가능합니다. ☞상담 진행은 [상담예약] 또는 [고객상담센터 ☎1600-1661]을 이용해 주세요.",,https://static.service.skmagic.com/editor/faq/ckimg/1c9378a9a4b04f1b9a0f2e351743ff03.png|https://static.service.skmagic.com/editor/faq/ckimg/4e6c4bb740294f8a9432822579db149d.png|https://static.service.skmagic.com/editor/faq/ckimg/f599d12d84664b979dbde1c6aa2c6dc2.png
공통,"품질보증기간, 부품보유기간이 궁금해요","▶제품의 사용설명서, 간단설명서 뒷 부분에서 제품 보증서에서 품질보증기간, 부품보증기간을 확인해 주세요. • 상업용 제품아닌 일반 제품을 상업용으로 사용하는 경우 품질보증기간이 단축됩니다. • 품질보증기간내라도 안전점검을 요청하는경우 전문가의 점검 비용이 발생됩니다. ☞상담 진행은 [상담예약] 또는 [고객상담센터 ☎1600-1661]을 이용해 주세요.",,https://static.service.skmagic.com/editor/faq/ckimg/079ca8eb2a424a4e9372d6c16f56336b.png
정수기,정수기 설치 시 주의사항은 무엇인가요,"▶정수기를 설치할 장소의 환경에 따른 주의사항을 확인해 주세요. • 정수기는 바닥으로부터 높이 3M 이하, 수전과의 거리 20M 이하에서 설치가 가능합니다. • 수전이 외부에 있거나 정수기를 실외에 설치하는 등 결빙 및 동파가 예상되는 장소의 설치가 불가합니다. • 카운트형 정수기의 경우 물받이를 장착한 상태의 제품 길이보다 설치할 공간의 깊이가 짧은 경우 설치가 불가합니다. ※수전이 벽에 묻힌 경우 설치가 불가합니다. ▶정수기를 설치할 장소의 수질에 따른 주의사항을 확인해 주세요. • 폐수 하천, 축산 등 주변에 오염이 심한 장소 또는 염분이 많은 장소에 설치가 불가합니다. • 상수도 지역에는 모든 정수 방식의 정수기 설치가 가능하나 중공사막 방식 또는 나노테크 방식의 정수기 설치를 권장합니다. • 지하수 및 간이상수도 지역에는 역삼투압 방식의 정수기 설치가 가능합니다. ☞모델에 따라 내용에 차이가 있을 수 있습니다. ☞상담 진행은 [상담예약] 또는 [고객상담센터 ☎1600-1661]을 이용해 주세요.",,https://static.service.skmagic.com/editor/faq/ckimg/0be60d5c44854be190525157413c7859.png
정수기,정수기에서 여러가지 소리가 나요,"▶정수기 동작시 나타나는 소리를 확인해 주세요. • 웅~, 윙~ 소리는 콤프레셔와 팬이 내부의 열 순환을 위해 작동하며 발생하는 정상 소음입니다. • 물이 흐르는 소리는 원수가 공급되거나 배수되며 발생하는 정상 소음입니다. • 덜덜덜 떨림 소리는 제품의 수평이 맞지 않거나 제품위에 물건을 올려두었을 경우 발생하는 진동 소음입니다. • 커피포트 물 끓는 소리는 온수 사용시 순간가열이 진행되며 발생하는 정상 소음입니다. • 물 공급 호스가 떨리는 소리는 수압이 강한 경우 발생할 수 있습니다. 원수도 밸브 또는 중간밸브를 조금만 잠그고 사용해 주세요. • 얼음정수기에서 달그락, 툭, 탁 소리가 나는 경우 제빙된 얼음이 아이스룸으로 떨어지며 발생하는 정상 소음입니다. • 얼음정수기에서 바람이 빠지는 소리가 나는 경우 제빙된 얼음을 떨어트리기 위해 냉매가 순환되며 발생하는 정상 소음입니다. ▶정수기 동작시 나타나는 정상 소리가 아닌 다른 소리가 지속적으로 발생하나요? • 제품에 연결된 호스선이 당겨지는 범위내에서 정수기의 위치를 조금만 움직여 소음이 줄어든다면 정수기의 수평상태 확인 및 위치를 소폭 이동해 주세요. • 제품의 전원콘센트를 분리한 후 30초 후 연결하여 확인하여도 동일한 경우 서비스점검이 필요합니다. ☞확인 후에도 동일 증상이라면 전문가의 점검이 필요합니다. 서비스 접수는 [방문예약] 또는 [고객상담센터 ☎1600-1661]을 이용해 주세요.",,없음
정수기,얼음정수기에서 소음이 나요 (올인원직수얼음정수기),"▶웅~, 윙~ 하는 소음 • 정수기는 냉수의 적정 온도를 유지하기 위해 콤프레샤와 팬이 작동하면서 소음이 발생합니다. • 정수기 측면과 뒷면이 벽면과의 거리가 10cm이상 여유 공간이 있는지 확인해 주세요. • 방열판 덮개에 먼지가 많이 쌓여있다면 소음이 커지므로 청소를 해주세요. ▶탁~, 툭~ 드르륵 소음 • 생성된 얼음이 아이스룸(얼음보관통)으로 떨어지는 소음이 발생됩니다. • 아이스룸(얼음보관통)이 비어있는 상태에서는 더 크게 소리가 들릴수 있습니다. ▶물 흐르는 소음 • 아이스룸에 보관되어 있던 얼음이 녹거나, 얼음 생성 후 남은 물이 배수 되면서 물 흐르는 소음이 발생합니다. • 생성된 얼음을 아이스룸(얼음보관통)으로 떨어뜨리기 위해 냉매가 순환하는 소음이 발생됩니다. 위 내용과 같은 증상이라면 제품의 고장이 아닌 정상 작동 소음입니다. 그 외 이상 소음이 지속적으로 발생하면 서비스 접수가 필요합니다. ☞서비스 접수는 [A/S방문예약] 또는 [고객상담센터 ☎1600-1661]을 이용해 주세요.",,없음
정수기,온수가 안나와요 (직수형 정수기),"정수와 냉수는 정상적으로 출수되지만, 온수만 출수가 되지 않는 경우 아래 내용을 확인해 주세요. ▶온수 버튼의 잠김 상태를 확인합니다. •온수 버튼이 잠긴 상태에서는 온수 버튼 선택이 되지 않아 출수할 수 없습니다. 온수 잠금 램프에 불이 들어와있는 경우 잠금 해제 후 사용해 주세요. <제품별 온수 잠금 램프 위치> ▶제품별 온수 버튼 잠금 설정 및 해제방법을 확인해 주세요. ☞확인 후에도 동일 증상이라면 전문가의 점검이 필요합니다. 서비스 접수는 [방문예약] 또는 [고객상담센터 ☎1600-1661]을 이용해 주세요.",[표1] | 적용모델 | 냉수잠금 | 온수잠금 | 전체잠금 | | --- | --- | --- | --- | | WPUIAC403 WPUIAC302 WPUJAC103 WPUJCC103 | https://static.service.skmagic.com/editor/faq/ckimg/0e12b4cdb61c4c9ea46841d2404f2a36.png | https://static.service.skmagic.com/editor/faq/ckimg/c9e079806e414ba385f91814fc8acb45.png | ▶전체잠금 설정 및 해제 불가 | | WPUI230 WPUI130 WPUI220 WPUI120 WPUI210 WPUI110 WPUI200 WPUI100 | https://static.service.skmagic.com/editor/faq/ckimg/1d1c3995cc8d49ed8edfe68e728ca115.png | https://static.service.skmagic.com/editor/faq/ckimg/571c1f8c575446f084ec5003d349b0b9.png | https://static.service.skmagic.com/editor/faq/ckimg/2dcd3d06ef324c29b4ee696c1018c86a.png | | WPUA1000 WPUA1100 WPUA720 WPUA710 WPUA700 WPUA630 WPUA620 WPUA600 WPUA701 WPUA601 WPUA500 | https://static.service.skmagic.com/editor/faq/ckimg/14389bdab6ce4fd5a159554f6e74cf37.png | https://static.service.skmagic.com/editor/faq/ckimg/df9c0aabbe8f409dbf7c40c94eebb0c2.png | https://static.service.skmagic.com/editor/faq/ckimg/d4b6ce8e010f4349abd626a6e4a26d77.png | | WPUA900 WPUA800 | https://static.service.skmagic.com/editor/faq/ckimg/cfb493238f4d428882ddf4c50e031369.png | https://static.service.skmagic.com/editor/faq/ckimg/7f6b3be473b340bc89790a6be6a84423.png | ▶전체잠금 설정 및 해제 불가 | | WPUA220 WPUA120 | https://static.service.skmagic.com/editor/faq/ckimg/42f1978806fa410c9f9b4dde4669e945.png | https://static.service.skmagic.com/editor/faq/ckimg/768743fa5ffe4315ac8584923bdb5d1c.png | https://static.service.skmagic.com/editor/faq/ckimg/76daa0c75e8a4e79a15562cd9573fb2c.png | | WPUA210 WPUA110 WPUA200 WPUA100 | https://static.service.skmagic.com/editor/faq/ckimg/028c79cb95dd44e286c559c92b739b07.png | https://static.service.skmagic.com/editor/faq/ckimg/c6bb15c097834b77b7efb6a2dd2fbd58.png | https://static.service.skmagic.com/editor/faq/ckimg/7434636121ed438fa3b8b0f2ea26d1ce.png |,https://static.service.skmagic.com/editor/faq/ckimg/499167d65103460daa47e5ce4b06876a.png|https://static.service.skmagic.com/editor/faq/ckimg/0e12b4cdb61c4c9ea46841d2404f2a36.png|https://static.service.skmagic.com/editor/faq/ckimg/c9e079806e414ba385f91814fc8acb45.png|https://static.service.skmagic.com/editor/faq/ckimg/1d1c3995cc8d49ed8edfe68e728ca115.png|https://static.service.skmagic.com/editor/faq/ckimg/571c1f8c575446f084ec5003d349b0b9.png|https://static.service.skmagic.com/editor/faq/ckimg/2dcd3d06ef324c29b4ee696c1018c86a.png|https://static.service.skmagic.com/editor/faq/ckimg/14389bdab6ce4fd5a159554f6e74cf37.png|https://static.service.skmagic.com/editor/faq/ckimg/df9c0aabbe8f409dbf7c40c94eebb0c2.png|https://static.service.skmagic.com/editor/faq/ckimg/d4b6ce8e010f4349abd626a6e4a26d77.png|https://static.service.skmagic.com/editor/faq/ckimg/cfb493238f4d428882ddf4c50e031369.png|https://static.service.skmagic.com/editor/faq/ckimg/7f6b3be473b340bc89790a6be6a84423.png|https://static.service.skmagic.com/editor/faq/ckimg/42f1978806fa410c9f9b4dde4669e945.png|https://static.service.skmagic.com/editor/faq/ckimg/768743fa5ffe4315ac8584923bdb5d1c.png|https://static.service.skmagic.com/editor/faq/ckimg/76daa0c75e8a4e79a15562cd9573fb2c.png|https://static.service.skmagic.com/editor/faq/ckimg/028c79cb95dd44e286c559c92b739b07.png|https://static.service.skmagic.com/editor/faq/ckimg/c6bb15c097834b77b7efb6a2dd2fbd58.png|https://static.service.skmagic.com/editor/faq/ckimg/7434636121ed438fa3b8b0f2ea26d1ce.png
정수기,정수기 본체에서 물이 새요,"▶본체 아래에서 물고임이 발견되었나요? • 제품 내, 외부의 온도 편차로 인해 냉각기 표면에 맺힌 물방울이 본체 밑으로 떨어질 수 있습니다. • 냉수 기능을 꺼둔 뒤 물기를 닦아내고 1시간 후 냉수 기능을 켜 사용해 주세요. 지속적인 물고임 발생시 서비스 점검이 필요합니다. ▶본체 아래에서 지속적으로 물고임이 발생하나요? • 물기를 닦아내고 냉수 기능을 꺼둔 상태에서도 추가로 물이 새어나온다면 누수일 수 있습니다. • 전원코드선를 분리한 후 중간밸브를 잠가둔 상태로 서비스 접수를 진행해 주세요. • 설치환경에 따라 수전의 위치, 밸브의 모양은 상이할 수 있습니다. ☞ 서비스 접수는 [방문예약] 또는 [고객상담센터 ☎1600-1661]을 이용해 주세요.",,https://static.service.skmagic.com/editor/faq/ckimg/c23549c197de45e5aaada35e9f40c590.png
정수기,"스스로 정수기 필터 교체 방법이 궁금해요(WPUA1000C,WPUA1100C, WPUJAC103,WPUJCC103)","필터를 이용자가 직접 교체할 수 있는 모델인지 확인해 주세요. ▶직접 필터 교체가 가능한 모델에 한하여 확인해 주세요. • 필터 교체 후 커버 조립이 완료되면 5초 후 [자동 필터 세척] 기능이 약 10분정도 작동됩니다. • [자동 필터 세척] 작동중에는 전면 LED가 순차적으로 점멸하며, 물을 출수할 수가 없습니다. 필터 세척 종료 후 제품을 사용해 주세요. 적용모델 WPUA1000, WPUA1100, WPUJAC103, WPUJCC103 직접 필터 교체가 불가능한 모델인 경우 서비스 접수가 필요합니다. ☞상담 진행과 서비스접수는 [상담예약] , [A/S방문예약] 또는 [고객상담센터 ☎1600-1661]을 이용해 주세요.",,https://static.service.skmagic.com/editor/faq/ckimg/1cc837200a1b428cb826ffbe0528ccb5.png
정수기,"정수 필터 폐기방법이 궁금해요 (스스로직수정수기, 에코미니정수기)",▶정수필터란? • 물속의 이물질을 걸러내어 물을 이용하기 적합한 상태로 만들어주는 장치입니다. ▶정수 필터 폐기는 어떻게 해야 하나요? • 사용이 끝난 폐필터는 일반종량제 봉투에 넣어서 폐기하시면 됩니다.,,없음
정수기,"스스로 직수정수기에서 물이 나오지 않아요 (WPUA1000, WPUA1100)","스스로 직수정수기는 자동 필터 세척, 직수관 안심케어 기능 작동시 정수기에서 물이 나오지 않습니다. ▶제품 상단 또는 전면의 램프가 깜빡거리고 버튼 작동 되지 않는 경우 • 상단 또는 전면 램프가 깜빡이고 버튼 작동이 안되는 경우 [자동필터세척], [직수관 안심케어]기능이 작동중임으로 절대 전원을 끄지 마세요. • [자동필터세척], [직수관 안심케어] 기능은 약10~15분 동안 작동하며, 작동하는 동안 물 출수가 불가합니다. • [자동필터세척] 기능은 필터를 교체하거나, 필터 커버를 3초이상 열었다 닫을 경우 자동으로 약10분 동안 작동됩니다. • [직수관 안심케어] 기능은 120시간(5일)마다 자동으로 약 15분 동안 작동되며, 수동으로 작동하고 싶은 경우 직수관 안심케어 버튼을 5초 이상 누르면 가능합니다. ▶출수버튼을 누르면 '띵띵띵띵' 소리가 나고 물이 출수되지 않는 경우 • 필터 커버를 올바르게 조립한 후 확인해 주세요. ▶급수상태와 밸브 잠김 상태를 확인해 주세요. • 정수기로 물이 공급되는 호스가 눌려있거나 꺾인 부분은 없는지 확인해 주세요. • 정수기가 연결된 수도가 단수되지 않았는지 확인해 주세요. • 수도밸브와 중간밸브가 잠겨있다면 밸브를 열고 출수가 되는지 확인해 주세요. ▶필터와 연결된 볼밸브를 확인해 주세요. • 필터 교체 이후 물이 나오지 않는다면 필터와 연결된 볼밸브의 잠김상태를 확인해 주세요. (중간밸브와는 다름) • 중간밸브가 [열림]상태여도 필터와 연결된 볼밸브가 [잠김]상태라면 정수기로 물이 공급되지 않습니다. • 직수형 정수기는 본체 후면 또는 측면 필터 덮개를 분리하면 볼밸브 확인이 가능하며, • 탱크형 정수기는 필터가 장착되어있는 전면 하부 또는 상부의 판넬을 분리하면 확인이 가능합니다. ☞상담 진행은 [상담예약] 또는 [고객상담센터 ☎1600-1661]을 이용해 주세요.",,https://static.service.skmagic.com/editor/faq/ckimg/7ef60d7690974fb0a7e15fa4d99bf316.png|https://static.service.skmagic.com/editor/faq/ckimg/1c9378a9a4b04f1b9a0f2e351743ff03.png|https://static.service.skmagic.com/editor/faq/ckimg/4e6c4bb740294f8a9432822579db149d.png|https://static.service.skmagic.com/editor/faq/ckimg/f599d12d84664b979dbde1c6aa2c6dc2.png
정수기,정수기 위치를 변경하고 싶어요,"▶제품 설치시 연결된 급수 또는 배수호스등의 분리없이 제품만 위치 변경이 필요한가요? • 제품과 연결된 설치 부품의 분리, 재설치가 불필요한 경우 바로 옆으로만 이동이 가능합니다. • 자가에서 직접 이동이 가능한 정도로 제품을 눕히거나 뒤집지 않고 가볍게 밀어 옮겨주시면 됩니다. • 제품이 이동하는 과정에서 연결된 호스와 전기선등이 꺾이거나 눌리진 않았는지 확인해 주세요. ▶제품 설치시 연결된 급수 또는 배수호스등의 분리, 재설치가 필요한 위치로 변경이 필요한가요? • 바로 옆으로 이동하는게 아닌 연결된 부품의 분리 및 재설치가 필요한 경우에는 서비스 접수가 필요하며 별도의 비용이 발생 됩니다. • 직접 위치 변경 시 누수 발생 위험이 있으므로 서비스 접수를 권장합니다. ☞서비스 접수는 [방문예약] 또는 [고객상담센터 ☎1600-1661]을 이용해 주세요.",,없음
정수기,"겨울철 한파로 인한 제품 결빙, 동파 예방 및 조치 방법","▶겨울철 결빙, 동파 예방 방법을 확인해 주세요. • 제품이 설치된 장소의 온도가 영하로 내려가지 않도록 관리해 주세요. • 영하의 온도에 노출될 수 있는 제품이나 제품의 물통, 호스선, 수도관등은 내부의 물을 최대한 비워준 후 반드시 옷감이나 보온재로 감싸 주세요. ▶겨울철 결빙, 동파 발생시 조치 방법을 확인해 주세요. • 제품에 결빙이 발생된 경우 해당 부위를 따뜻한 물에 적신 수건으로 감싸거나 드라이기를 이용하여 녹여주세요. • 결빙된 부위를 직접적인 열에 노출시킬 경우 뜨거운 열기로 인해 손상될 수 있으니 주의해 주세요. • 겨울철 피해로 부품이나 제품에 손상이 발생된 경우 서비스 점검이 필요합니다. ☞서비스 접수는 [방문예약] 또는 [고객상담센터 ☎1600-1661]을 이용해 주세요.",,https://static.service.skmagic.com/editor/faq/ckimg/b445c9cd6d094e058a22f3bc99f688bf.png|https://static.service.skmagic.com/editor/faq/ckimg/fc02e4f01a61413a99a5236efbbaa166.png
정수기,IOT 연결이 안돼요,"[SK매직 서비스센터] 어플(APP)을 정상적으로 설치한 뒤 IOT 사용이 되지 않는 경우 아래 내용을 확인해 주세요. ▶IOT 연결 오류시 다음 내용을 확인해 주세요. • 가전제품의 와이파이 램프가 켜져있는지 확인해 주세요. ※램프가 꺼져 있다면 가전의 와이파이 버튼을 5초 이상 길게 눌러 램프에 불이 들어오는지 확인해 주세요. ※램프가 켜져 있다면 가전의 와이파이 램프 OFF방법으로 램프를 끈 후 다시 와이파이 버튼을 5초 이상 눌러 점등되는지 확인해 주세요. • 연결할 와이파이가 인터넷에 연결되어있고, 비밀번호가 설정되어 있는지 확인해 주세요. • 연결하려는 와이파이의 신호(강도)가 안정적인지 확인해 주세요. • 연결할때에는 가전제품과 와이파이와 스마트폰이 10m이내여야 연결 가능합니다. • 다른 스마트폰으로 확인해 주세요. 스마트폰에 따라 일부 기능을 지원하지 않을 수 있습니다. ▶IOT 사용이 불가한 경우를 확인해 주세요. • 5G 환경에서는 연결 상태가 불안정 하여 사용이 불가합니다. 2.4G로 연결하여 사용해 주세요. • 하나의 공유기에 많은 수의 무선공유기가 연결되어 있을 경우 제품과 스마트기기 간의 연결이 불가할 수 있습니다. • 인터넷이 공유기이더라도 UPD 검색 기능을 막는 경우, 가전 등록이 불가능합니다. • 인터넷 공유기 설정에서 공유기에 연결되는 와이파이 지원기기의 IP를 지정하여 할당할 경우 가전등록이 불가능합니다. • 네트워크 이름(SSID)을 숨길 경우 와이파이 연결이 안될 수 있습니다. ▶제품별 IOT 사용 방법이 궁금한 경우 확인해 주세요. • [제품 사용설명서] 에서 제품과 모델명을 조회하시어, IOT 사용가이드(설명서)를 참고해 주세요.",,없음
정수기,"정수기에서 웅~, 윙~ 소음이 나요","▶냉수 기능을 켜둔 상태에서 윙~, 웅~ 소리가 발생하나요? • 제품 내부 냉각기 온도 유지를 위해 열기가 순환될 수 있도록 콤프레셔와 팬이 작동하며 이때 소리가 발생합니다. • 주변 온도가 높을수록 콤프레셔와 팬의 회전 속도는 빨라지고 회전 시간이 길어지며 소리에 차이가 있을 수 있습니다. • 설치환경(열기순환이 어려운 구조 등)과 주변환경(주변이 조용한 시간대, 장소)에 따라 더욱 크게 들릴수도 있습니다. • WPU1100, WPU1200, WPU1300, WPU1400 모델의 경우 콤프레샤가 없는 열전소자방식으로 냉수모드가 켜진 상태라면 끊임없이 팬이 작동됩니다. ▶정수기 주변 환경을 확인하여 주세요. • 정수기 측면과 뒷면이 벽면과의 거리가 10CM이상이 되도록 여유공간을 확보하여 내부 열기가 원활히 통풍될 수 있도록 해주세요. • 방열판 덮개에 먼지가 많이 쌓여있다면 소리가 커지므로 청소해 주세요.(단, 방열판 자가 청소 가능 모델에 한함) ▶그 외에 정수기 동작시 발생하는 소리를 확인해 주세요. • 물이 흐르는 소리는 원수가 공급되거나 배수되며 발생하는 정상 소리입니다. • 달그락, 툭, 탁 소리는 제빙된 얼음이 아이스룸으로 떨어지며 발생하는 정상 소리입니다. • 바람이 빠지는 소리는 제빙된 얼음을 떨어트리기 위해 냉매가 순환되며 발생하는 정상 소리입니다. • 덜덜덜 떨림 소리는 제품의 수평이 맞지 않거나 제품위에 물건을 올려두었을 경우 발생하는 진동소리입니다. • 커피포트 물끓는소리는 온수 사용시 순간가열이 진행되며 발생하는 정상 소리입니다. ☞확인 후에도 동일 증상이라면 전문가의 점검이 필요합니다. 서비스 접수는 [방문예약] 또는 [고객상담센터 ☎1600-1661]을 이용해 주세요.",,없음
정수기,물줄기가 약하고 정량만큼 나오지 않아요,"▶물줄기가 갑자기 약해진 경우 정수기로 물 공급이 정상적으로 되고 있는지 확인해 주세요. • 호스가 눌리거나 꺾여 물이 정상적으로 공급되지 않을 수 있으므로 호스상태를 확인해 주세요. • 중간밸브 및 수도밸브, 볼밸브가 열림 방향으로 완전히 개방되어있는지 확인해 주세요. ▶직수형 정수기인 경우 확인해 주세요. • 온수는 순간 가열 방식으로 순간적으로 물을 끓여서 내보내기 위해 유량을 조절하여, 정수나 냉수에 비해서 물줄기가 가늘고 약하게 나오는게 증상은 정상입니다. • 제품에 따라 출수 용량 선택은 가능하나, 설치 환경의 변동 수압에 의해 설정된 용량과 출수되는 용량의 편차가 생길 수 있습니다. • 직수형 제품의 경우 저장된 물이 아닌 배관에서 직수 형태로 바로 출수되므로 동일한 수전에 세탁기, 화장실 수도등이 설치되어 동시 사용하는 경우 수압에 영향을 받습니다. ▶WPUGBC102 모델인 경우 출수 다이얼이 끝까지 돌아가 있는지 확인해 주세요. • 다이얼의 열림 정도에 따라 출수량과 출수 속도에 차이가 있습니다. 최대로 열린 상태에서 확인해 주세요. ☞상담 진행은 [상담예약] 또는 [고객상담센터 ☎1600-1661]을 이용해 주세요.",,https://static.service.skmagic.com/editor/faq/ckimg/04d97f3298bc4e75af50f525734ae863.png|https://static.service.skmagic.com/editor/faq/ckimg/e9176e78885b45a6b5dfbf7359645050.png
정수기,얼음 기능 버튼 작동이 안돼요 (올인원직수얼음정수기),"▶얼음 출빙 버튼이 작동하지 않는 경우 확인해 주세요. • 얼음 잠금 램프가 점등되어있는 상태에서는 얼음 출빙이 불가하며 부저음만 발생되므로 얼음잠금버튼을 5초 이상 길게 눌러 잠금을 해제해 주세요. ▶얼음 ON/OFF 버튼이 작동하지 않는 경우 확인해 주세요. • 얼음 ON/OFF 램프가 점등되어있어야 얼음 생성이 시작되며, 램프가 OFF되어있다면 얼음이 만들어지지 않습니다. • 얼음 ON/OFF 버튼을 5초이상 길게 누르면 얼음 생성 기능ON/OFF 설정을 할 수 있습니다. ▶얼음 잠금 버튼이 작동하지 않는 경우 확인해 주세요. • 얼음 잠금 버튼 적용 모델 : WPUI100, WPUI110, WPUI200, WPUI210 • 얼음 잠금 램프가 점등되어있다면 출빙 기능이 잠긴 상태로 출빙이 불가하며 부저음이 발생합니다. • 얼음 잠금 버튼을 5초 이상 길게 누르면 얼음 및 출빙 잠금 상태를 변경할 수 있습니다. ▶위 방법으로도 버튼 설정이 되지 않는 경우 전원 코드선을 분리한 뒤 30초 후 다시 연결하여 확인해 주세요. • 확인 후에도 동일 증상이라면 전문가의 점검이 필요합니다. 서비스 접수는 [방문예약] 또는 [고객상담센터 ☎1600-1661]을 이용해 주세요.",,https://static.service.skmagic.com/editor/faq/ckimg/d8874f0f915247dba64b39cb5fbac2a4.png|https://static.service.skmagic.com/editor/faq/ckimg/b29e6a06d99a4655a72388e20f6f905f.png
정수기,부저음/버튼음/음소거기능 ON/OFF방법이 궁금해요(직수형정수기),#정수기 #버튼음 #음소거기능 #부저음설정방법 #정수기부저음설정방법 #버튼소리가안나요 부저음부저음부저음부저음부저음부저음부저음부저음,"[표1] | 적용모델 | 부저음 설정방법 | 이미지 | | --- | --- | --- | | ( 원코크 )WPUIAC403 ( 올인원플러스 )WPUIAC302 ( 스스로플러스 )WPUJAC103/JCC103 ( 스스로 )WPUA1000/A1100 | [ 용량 ] 버튼 을 5 초이상 누를 때마다 음소거 기능을 ON/OFF 할 수 있습니다 . | https://static.service.skmagic.com/editor/faq/ckimg/428af2218c27421c9ff69649e93b5b0d.png | | ( 얼음직수 ) WPUIC110,WPUIC100 WPUI230/I130/I220/I120/I210/I110/I200/I100 | [ 연속 ] 버튼 을 5 초이상 누를 때마다 음소거 기능을 ON/OFF 할 수 있습니다 . | https://static.service.skmagic.com/editor/faq/ckimg/d9ca8b9a9fc342e5984d70daa3798d44.png | | ( 올인원직수 ) WPUA720/A710/A700 WPUA630/A620/A600 WPUA701/A601/A500 | [ 연속 ] 버튼 을 5 초이상 누를 때마다 음소거 기능을 ON/OFF 할 수 있습니다 . | https://static.service.skmagic.com/editor/faq/ckimg/b7280a3f7ab94349b61348e648c44171.png | | ( 슈퍼미니 ) WPU2100/2200 | [ 연속 ] 버튼 을 5 초이상 누를 때마다 음소거 기능을 ON/OFF 할 수 있습니다 . | https://static.service.skmagic.com/editor/faq/ckimg/309435b815ae49efa4f3f3ff455441b0.png |",https://static.service.skmagic.com/editor/faq/ckimg/428af2218c27421c9ff69649e93b5b0d.png|https://static.service.skmagic.com/editor/faq/ckimg/d9ca8b9a9fc342e5984d70daa3798d44.png|https://static.service.skmagic.com/editor/faq/ckimg/b7280a3f7ab94349b61348e648c44171.png|https://static.service.skmagic.com/editor/faq/ckimg/309435b815ae49efa4f3f3ff455441b0.png
정수기,냉수는 물이 나오는데 온수만 물이 끊기고 안나와요 (탱크형정수기),"탱크형정수기에서 냉수출수는 정상이나 온수만 출수가 불가할 경우 확인해 주세요. ▶탱크형 정수기의 냉,온수 탱크 원리를 확인해 주세요. • 냉수탱크의 물을 먼저 채운 다음 온수탱크로 물이 공급됩니다. • 물 공급이 끊기면 냉수는 출수가 되어도 온수만 출수되지 않는 증상이 나타나며, 냉수탱크에 고여있던 물도 다 사용하게되면 냉수도 출수 되지 않습니다. ▶ 급수상태와 밸브 잠김 상태를 확인해 주세요. • 정수기가 연결된 수도가 단수되지 않았는지 확인해 주세요. 단수가 되었다면 수돗물이 정상적으로 공급될 때까지 기다린 후 사용해 주세요. • 수도밸브와 중간밸브가 잠겨있다면 밸브를 열어둔 뒤 1시간 후 정상적으로 온수가 출수되는지 확인해 주세요. • 중간밸브는 설치 환경에 따라 위치가 상이합니다. ▶필터와 연결된 볼밸브의 잠김 상태를 확인합니다. • 필터 교체 이후 물이 나오지 않는다면 정수기 필터와 연결된 볼밸브의 잠김상태를 확인해 주세요. (중간밸브와는 다름) • 중간밸브가 [열림]상태여도 필터와 연결된 볼밸브가 [잠김]상태라면 정수기로 물이 공급되지 않습니다. • 탱크형 정수기는 필터가 장착되어있는 전면 하부 또는 상부의 판넬을 분리하면 확인이 가능합니다. ▶정수기 호스 상태를 확인합니다. • 정수기로 물이 공급되는 호스가 눌려있거나 꺾인 부분은 없는지 확인해 주세요. • 겨울철에 급수 호스가 동파된 경우라면 따뜻한 물을 호스선을 따라 부어 녹인 뒤 사용해 주세요. ☞상담 진행은 [상담예약] 또는 [고객상담센터 ☎1600-1661]을 이용해 주세요.",,https://static.service.skmagic.com/editor/faq/ckimg/5aec6f59f0d84b9ca346f38dae56357b.png|https://static.service.skmagic.com/editor/faq/ckimg/d1b227cf695945fdae0630430714f89b.png|https://static.service.skmagic.com/editor/faq/ckimg/b78ae49d97214b1cb5a8a9cde932b68a.png
정수기,온수 출수시 '띠리링~' 소리가 나면서 온수가 미지근해요 (직수형정수기),"▶온수 초기화란? • 입수량, 온도 등을 확인하기 위해 일정량의 물을 흘려보내는 과정을 뜻합니다. • 온수를 출수하였을 때 '띠리링~' 소리가 나면서 온수가 미지근하게 나온다면, 온수 초기화가 필요합니다. ▶온수 온도 상태를 확인해 주세요. • 온수 온도는 70~80℃ 가 정상이며, ±5정도 오차는 발생할 수 있습니다. • 온수 온도가 뜨겁지 않거나, '띠리링~' 기계음이 발생하는 경우 온수 초기화를 진행해 주세요. • 정전 또는 제품의 전원 코드 분리 후 다시 연결하게 될 경우에도 필히 온수 초기화를 진행해 주세요. • 모델에 따라 온수 초기화 진행이 필요합니다. ▶WPUA200, WPUA210, WPUA400, WPUA410, WPU1300 온수초기화 방법 ①전원코드를 분리한 뒤 10초 후 다시 연결해 주세요. ②[온수]를 [연속]으로 선택하여 물을 출수해 주세요. 이때, '띠리링~' 소리가 발생될 수 있으며 이는 정상적인 작동 알림 입니다. ※물은 저절로 정지되니 절대 중간에 정지하지 마세요. ③첫 잔은 버리고, 다시 [온수]를 [한컵]으로 선택하여 두 번째 잔을 출수해 주세요. ④두 번째 잔에 출수 된 물의 온수 온도를 확인해 주세요. ▶그외 직수형 모델 온수초기화 방법 • 온수 초기화 미적용 모델이더라도 갑작스러운 정전 또는 전압 상태가 불안정 할 경우 일시적으로 자동 온수 초기화가 진행됩니다. ①'띠리링~ 띠리링' 부저음이 계속 될 경우 중단하지 마시고, 자동으로 부저음이 멈출 때까지 기다려 주세요. ②부저음이 자동적으로 멈추면, 온수를 다시 출수하여 온도를 확인해 주세요. ☞상담 진행은 [상담예약] 또는 [고객상담센터 ☎1600-1661]을 이용해 주세요.",,없음
정수기,필터 교체 주기가 궁금해요,"▶적용모델 : WPUGBC102 • 총 2개의 필터가 사용되며 프리 블록카본 필터 4개월, 복합 나노PAC 필터 12개월로 권장해 드립니다. ▶적용모델 : WPU1000, WPU1100 • 총 2개의 필터가 사용되며 세디 블록카본 복합필터 4개월, Nanoceram PAC 멤브레인 필터 16개월로 권장해 드립니다. ▶적용모델 : WPU8201, WPU8202 • 총 3개의 필터가 사용되며 세디+프리 블록카본 복합필터 4개월, 포스트 복합카본 12개월, UF멤브레인 필터 20개월로 권장해 드립니다. ▶적용모델 : WPUIAC302 • 총 3개의 필터가 사용되며 세디먼트 필터 4개월, 복합블록 카본필터 4개월, 나노테크팩 필터 필터 12개월로 권장해 드립니다.",,없음
정수기,전원이 안들어와요/작동 중 전원이 꺼져요/차단기가 내려가요,"▶제품의 전원코드선이 연결된 콘센트를 확인해주세요. • 제품의 전원코드선이 콘센트에 정상적으로 잘 연결되어 있는지 확인해 주세요. • 전원코드선에 물기가 묻어있는 경우 물기를 닦은 후 콘센트에 연결하여 주세요. • 제품의 전원코드선이 콘센트에 연결되어 있다면 해당 콘센트에 드라이기 등 소형 전기제품를 연결하여 콘센트의 전원공급 상태가 정상인지 확인해 주세요. • 콘센트에 여러 제품을 연결하여 사용시 전력 과부하로 인해 누전차단기가 내려가거나 작동 중 전원이 꺼질 수 있으므로 제품을 단독으로 연결하여 사용해 주세요. • 대기전력 차단 콘센트에 연결하여 사용하는 경우 콘센트 상태를 [상시]로 설정하시거나 일반적인 콘센트에 연결하여 사용해 주세요. ▶설치된 장소에 누전차단기를 확인해주세요. • 제품이 설치된 장소에 누전차단기(두꺼비집)가 내려가 있는건 아닌지 확인해 주세요. 누전차단기가 내려가 있다면 다시 원상복구하여 사용해 주세요. ▶멀티콘센트로 연결하여 사용하는 경우 멀티콘센트를 확인해주세요. • 멀티콘센트의 노후화로 작동이 안될 수 있으니 멀티콘센트를 교체한 후 확인해 주세요. • ON/OFF스위치가 없는 정격용량 250V, 16A 이상의 멀티콘센트를 사용해 주세요. • 벽면콘센트와 멀티콘센트에 여러 제품을 연결하여 사용시 전력 과부하로 인해 누전차단기가 내려가거나 작동 중 전원이 꺼질 수 있으므로 제품을 단독으로 연결하여 사용해 주세요. ☞확인 후에도 동일 증상이라면 전문가의 점검이 필요합니다. 서비스 접수는 [방문예약] 또는 [고객상담센터 ☎1600-1661]을 이용해 주세요.",,https://static.service.skmagic.com/editor/faq/ckimg/43ef292173b648a99e10f027e5f0d4a4.png|https://static.service.skmagic.com/editor/faq/ckimg/efac5526c713497e9f767873b1ad4a17.png
정수기,온수가 나오다 끊겨요/퍽 퍽 물이 튀면서 나와요 (직수형정수기),"▶온수 취수시 스팀이 발생하거나, 취수 중 물이 끊긴 경우 확인해 주세요. • 전압 상승 또는 저수압으로 급격한 변화가 발생하였거나 물 공급이 적은 경우 과열방지기능이 작동하여 취수가 중단됩니다. • 수돗물과 정수기를 동시에 사용하면 정수기로 유입되는 수압이 약해져 증상이 발생할 수 있습니다. 다른 곳에서의 수돗물 사용이 끝나면 정수기를 사용해 주세요. ▶온수 취수시 퍽퍽 소리가 나고 물이 튀는 경우 확인해 주세요. • 순간가열 온수 방식으로 물이 끓는 과정에서 공기가 발생하고 물과 섞여 출수되며 발생하는 증상입니다. • 증상이 지속적으로 발생하는 경우 온수초기화 작업을 진행해 주세요. ▶지속적인 증상 발생시 온수 초기화를 진행해 주세요. • 적용모델 : WPUA200, WPUA210, WPUA400, WPUA410, WPU1300 ①전원코드선을 분리한 후 10초 뒤 다시 연결해 주세요. ②온수로 연속을 선택하여 출수하고 물이 자동으로 멈출때까지 절대 멈추지 말아 주세요. ③물이 멈추면 받아둔 물을 버리고, 다시 온수로 한컵을 선택하여 2번째 출수를 진행해 주세요. ④한컵을 선택하여 받은 2번째잔으로 온수 온도와 출수 상태를 확인해 주세요. ※온수초기화 과정에서 '띠리링~'멜로디가 발생할 수 있으며 이는 정상적인 부분으로, 중간에 초기화 작업을 멈추지 마세요. ☞서비스 접수는 [방문예약] 상담 진행은 [상담예약] 또는 [고객상담센터 ☎1600-1661]을 이용해 주세요.",,없음
정수기,겨울철 한파로 정수기에서 물이 안나와요,"▶정수기 주변 설치 환경을 점검해 주세요. • 정수기 뒷편 회색 또는 흰색 얇은 호스 선을 따라 이동 시 호스 끝의 급수밸브와 연결수도를 확인해주세요. • 사업장 마감 후 난방이 꺼지거나 정수기 호스가 유리벽 등 낮은 온도에 노출 시 연결수도나 호스가 얼수 있습니다. • 가정집이라도 급수호수가 창가에 노출되거나 난방이 가동되지않는 사용 환경이라면 동파가 발생될 수 있습니다. • 수도계량기 또는 수도 동파 시 수도물이 적게나오거나 안나올 수 있습니다. 정수기 문제가 아님으로 동파 조치 이후 정수기 출수 여부를 확인해주세요. ▶겨울철 결빙, 동파 발생 시 조치 방법을 확인해 주세요. ①수돗물 출수 여부를 먼저 확인하여 수도계량기 또는 수도배관에 문제가 발생한 경우 우선 조치 후 다음 제품 정상 여부를 확인해 주세요. ②호스가 결빙되었을 경우, 따뜻한 물에 수건을 젹셔 호스에 감싸 녹여주거나 드라이어 등으로 호스를 녹이고 보온재 등으로 감싸주세요. ※결빙이 발생된 부위에 드라이어로 직접적인 열에 노출시킬 경우 열 가열로 인해 호스가 손상될 수 있으므로 주의해 주세요. ③연결수도 확인이 어려운 경우 날씨가 따뜻해지거나 얼어붙었던 호스가 녹으면 다시 취수가 가능해집니다. ☞상담 진행은 [상담예약] 또는 [고객상담센터 ☎1600-1661]을 이용해 주세요.",,https://static.service.skmagic.com/editor/faq/ckimg/0f255b57ef2142828983a06f9207b7ea.png|https://static.service.skmagic.com/editor/faq/ckimg/3fcc7bbd54d14d9a813fd6576a5e39d4.png
정수기,IOT케어 또는 와이파이 램프가 깜박거려요 (램프 OFF 방법),"모델에 따라 와이파이 ON/OFF 방법이 상이합니다. ▶와이파이 램프가 깜박거리는 경우 확인 • IOT 연결이 끊긴 상태 (IOT 재연결이 필요할때) • IOT 연결을 안한 상태에서 제품의 와이파이 버튼을 눌러 활성화 시킨 상태 ▶WPUI100, WPUI110, WPUI200, WPUI210, WPUI220, WPUI230 모델의 와이파이 ON/OFF 방법을 확인해 주세요. •IOT케어버튼과 UV안심케어 버튼을 동시에 5초 이상 길게 눌러주세요. ▶WPUA300, WPUA400, 모델의 와이파이 ON/OFF 방법을 확인해 주세요. • 와이파이와 잠금버튼을 동시에 5초이상 길게 눌러주세요. ▶WPUA500, WPUA600, WPUA610, WPUA601, WPUA700, WPUA710, WPUA701 모델의 와이파이 ON/OFF 방법을 확인해 주세요. • 와이파이와 잠금버튼을 동시에 5초이상 길게 눌러주세요. ▶WPU2200 모델의 와이파이 ON/OFF 방법을 확인해 주세요. • 와이파이와 잠금버튼을 동시에 5초이상 길게 눌러주세요.",,https://static.service.skmagic.com/editor/faq/ckimg/019f7d1164424df5b61d844e23271f21.png|https://static.service.skmagic.com/editor/faq/ckimg/9b5a94ffbd854597ac86cb4dbbda7211.png|https://static.service.skmagic.com/editor/faq/ckimg/84330eea2c6546c096781dd76152cc11.png|https://static.service.skmagic.com/editor/faq/ckimg/723b1972f2f44aaca22fa658aeb4e2df.png
정수기,정수기 제품 중 IOT 연결이 가능한 모델은 무엇인가요?,"IOT 기능이란 제품을 휴대폰과 연동하여 휴대폰에서 제품의 상태 확인 및 일부 설정을 컨트롤 할 수 있는 기능입니다. ▶IOT 사용이 가능한 제품을 확인해 주세요. • 슈퍼미니 레트로 정수기 : WPU2200 • 슈퍼S정수기 : WPUA300, WPUA400 • 올인원 직수 정수기 - WPUA500, WPUA600, WPUA610, WPUA601, WPUA700, WPUA710, WPUA701 • 올인원 얼음 직수 정수기 - WPUI110, WPUI200, WPUI210, WPUI220, WPUI230 ▶제품에 IOT 연결 버튼이 있는지 확인해 주세요. • 제품에 [IOT케어] 또는 [WiFi] 버튼이 있다면 IOT연결이 가능한 모델입니다. ☞상담 진행은 [상담예약] 또는 [고객상담센터 ☎1600-1661]을 이용해 주세요.",,https://static.service.skmagic.com/editor/faq/ckimg/febfeb2c5e6848f5a9097ae946e090ce.png
정수기,한컵을 설정했는데 연속으로 물이 나와요,"▶설정한 용량에서 멈추지 않고 물이 나오나요? • 한컵, 500ml 으로 번갈아 선택하여 정상적으로 출수되는지 확인해 주세요. • 전원코드선을 분리한 후 30초 뒤 연결하여 확인해 주세요. ☞확인 후에도 동일 증상이라면 전문가의 점검이 필요합니다. 서비스 접수는 [방문예약] 또는 [고객상담센터 ☎1600-1661]을 이용해 주세요.",,없음
정수기,얼음정수기 배수호스에서 물이 나와요,"▶얼음 정수기 배수호스에서 물이 수시로 배출되나요? • 적용모델 : (얼음정수기) WPUI100, WPUI110, WPUI200, WPUI210, WPUI120, WPUI220 • 얼음 기능이 활성화된 상태라면 지속하여 새로운 물이 공급되고, 얼음을 만든 후 남는 물과 얼음 보관중 얼음이 녹아 발생한 물이 배수호스를 통해 수시로 배출 됩니다. • 얼음 정수기는 작동중 배출되는 물을 배수하기 위해 필히 배수호스가 설치됩니다. • 수도를 틀어 놓은 것 처럼 지속하여 물이 배출되는 경우 전문가의 점검이 필요합니다. ▶얼음 정수기 배수호스에서 나오는 물을 활용할 수 있나요? • 배수호스를 통해 나오는 물은 식수 또는 조리용을 제외한 청소, 세탁 및 빨래 등 기타 허드렛물로 사용하실 수 있습니다. ☞서비스 접수는 [방문예약] 또는 [고객상담센터 ☎1600-1661]을 이용해 주세요.",,https://static.service.skmagic.com/editor/faq/ckimg/751d49cd08a845c0b8265df2d7bd872f.png
정수기,탱크형 정수기 냉수/온수가 미지근 한가요?,"▶냉수나 온수가 미지근한 경우 아래 내용을 확인해 주세요. • 물 사용량이 많은 경우, 1~2시간 후 사용해 주세요. • 정수기와 벽 또는 주변 사물과의 거리를 10cm이상 확보해 주세요. • 첫잔은 미지근 할 수 있으니 두 번째 잔으로 온도를 확인해 주세요. • 냉수 또는 온수 스위치가 ON으로 되어 있는지 확인해 주세요. ※냉수 또는 온수 스위치가 OFF상태일 경우, ON으로 변경한 뒤 1시간 후 냉수 또는 온수를 사용해 주세요. ▶제품별 냉수, 온수 ON/OFF 방법을 확인해 주세요. • WPUB100 제품 뒷면에 냉,온수 스위치 버튼을 확인해 주세요. • WPUB200, WPU7100, WPU7110 제품 앞면에 냉,온수 터치 버튼을 확인해 주세요. • WPUC500, WPUC520 제품 앞면에 냉,온수ON/OFF 스위치 버튼을 확인해 주세요. • WPUIC100, WPUIC110 냉수 5초간 누르면 ON/OFF 설정 가능하며, 온수 버튼을 5초간 누르면 온수 설정 변경 가능합니다. ※변경순서는 강→약→온수OFF→강→약→온수OFF • 그 외 제품은 뒷면에 냉,온수 스위치 버튼을 확인해 주세요. ☞상담 진행은 [상담예약] 또는 [고객상담센터 ☎1600-1661]을 이용해 주세요.",,없음
정수기,"물이 고여요, 물이 맺혀요(결로)","제품 내부와 외부의 온도편차에 의한 물맺힘 현상으로, 물맺힘 현상이 심할 경우 제품 하단으로 물이 흘러내리는 일시적인 현상입니다. 여름철 또는 설치 환경의 온도에 따라 결로 현상이 발생될 수 있습니다. ▶자가조치 방법을 확인해주세요. • 냉수기능 OFF시에는 냉각 기능이 정지됨으로 외,내부 온도 편차가 발생되지 않아 결로 현상이 발생되지 않습니다. • 냉각기능 OFF상태에서 물을 닦아 낸 뒤 1~2시간 후 다시 물고임이 발생되는지 확인해주세요. • 냉수기능 OFF 했으나 물이 흘러나오는 현상이 지속 발생된다면 서비스 접수가 필요합니다. ▶결로 현상이 아닐경우, 정수기로 유입되는 물공급 차단을 위해 중간밸브를 잠궈주세요. • 정수기로 연결된 호스선을 따라가 보면 수도배관에 연결된 중간밸브를 확인할 수 있습니다. • 누수 피해를 예방하기 위해, 서비스매니저가 방문할 때까지 중간밸브 잠김 상태를 꼭 확인해 주셔야 합니다. • 중간밸브의 위치 확인이 어렵거나, 중간밸브에서 누수가 된다면 수도배관 밸브를 잠궈주세요. ☞ 모델에 따라 내용에 차이가 있을 수 있으며, 확인 후에도 동일 증상이 지속될 경우 서비스 접수가 필요합니다. 서비스 접수는 [방문예약] 또는 [고객상담센터 ☎1600-1661]을 이용해 주세요.",,https://static.service.skmagic.com/editor/faq/ckimg/bd1f1557a562451886eec5f748df3769.png|https://static.service.skmagic.com/editor/faq/ckimg/d1b227cf695945fdae0630430714f89b.png
정수기,버튼 램프와 코크 램프 밝기는 어떻게 조절하나요,"버튼 램프 및 코크 LED 밝기는 밝음-중간-꺼짐 3단계로 조절이 가능합니다. ▣다음 내용을 확인해 주세요▣ ▶제품별 LED 램프 밝기 조절 방법입니다. ※ 적용모델 : WPUA100, WPUA110, WPUA120, WPUA200, WPUA210, WPUA220 ①[550ml] 버튼을 5초 이상 누르면 취수부의 램프가 점멸됩니다. ②취수부의 램프가 점멸하는 동안 취수다이얼을 돌려 취수부 램프의 밝기를 선택해주세요. ③[550ml] 버튼을 1초정도 누르거나, 5초 동안 조작이 없는 경우 자동으로 설정이 완료됩니다. ※ 적용모델 : WPUA300/A310/A320/A400/A410/A420 ①[550ml] 버튼을 5초 이상 누르면 취수부의 램프가 점멸됩니다. ②취수부의 램프가 점멸하는 동안 취수버튼을 눌러 취수부 램프의 밝기를 선택해주세요. ③[550ml] 버튼을 1초정도 누르거나, 5초 동안 조작이 없는 경우 자동으로 설정이 완료됩니다. ※ 적용모델 : WPUA500/A600/A601/A610/A620/A630/A700/A701/A710/A720 ①[550ml] 버튼을 5초 이상 누르면 취수부의 램프가 점멸됩니다. ②취수부의 램프가 점멸하는 동안 취수버튼을 눌러 취수부 램프의 밝기를 선택해주세요. ③[550ml] 버튼을 1초정도 누르거나, 5초 동안 조작이 없는 경우 자동으로 설정이 완료됩니다. ※ 적용모델 : WPUI100/I110/I200/I210/I120/I130/I220/I230 ①[550ml] 버튼을 5초 이상 누르면 취수부의 램프가 점멸됩니다. ②취수부의 램프가 점멸하는 동안 취수버튼을 눌러 취수부 램프의 밝기를 선택해주세요. ③[550ml] 버튼을 1초정도 누르거나, 5초 동안 조작이 없는 경우 자동으로 설정이 완료됩니다. ※ 적용모델 : WPUA800, WPUA900, WPUA1000, WPUA1100 ①[정수] 버튼을 5초 이상 누르면 연속버튼 램프가 점멸되며 취수부에 녹색 램프가 점등됩니다. ②정수버튼 램프가 점멸하는 동안 취수버튼을 눌러 취수부 램프의 밝기를 선택해주세요. ③[정수] 버튼을 1초정도 누르거나, 5초 동안 조작이 없는 경우 자동으로 설정이 완료됩니다. *WPU2200 모델은 [정수]버튼이 아닌 [한컵]버튼을 눌러주세요 ※ 적용모델 : WPU2100 •램프 밝기 조절은 되지 않으며, [잠금]버튼을 5초 이상 길게 누르면 잠금램프를 제외한 모든 램프가 OFF됩니다. ※ 적용모델 : WPU1100/WPU1200/WPU1300/WPU1400 •별도의 램프 밝기 조절이 되지 않습니다. ▶램프 설정이 되지 않는 경우 전원코드선을 분리한 뒤 30초 후 재연결하여 확인해 주세요.",,없음
정수기,급수호스 또는 필터에서 물이 새요,"▶전원 콘센트를 분리해 주세요/정수기 중간밸브를 잠궈주세요. •정수기로 연결된 급수호스선을 따라가보면 수도배관에 연결된 중간밸브를 확인할수 있습니다. •누수 피해를 예방하기 위해, 서비스매니저 방문시까지 중간밸브 잠김 상태를 꼭 확인해 주셔야 합니다. ▶필터 조립 상태를 확인해 주세요. • 필터 교체 후 필터 연결부에서 누수가 발생된다면, 피팅이나 호스가 헐겁지 않고 정상적으로 잘 조립이 되어있는지 확인해 주세요. ☞서비스 접수는 [방문예약] 상담 진행은 [상담예약] 또는 [고객상담센터 ☎1600-1661]을 이용해 주세요.",,https://static.service.skmagic.com/editor/faq/ckimg/375b72e3075c436693cc41086c29580a.png|https://static.service.skmagic.com/editor/faq/ckimg/2705539a96cf421d9913dd4f864e6be2.png
정수기,제품 관리 서비스를 더 자주 받고 싶어요.,"▶더 자주 관리 서비스를 받기 원하실 경우, 월 관리 비용을 추가하여 기존보다 단축된 관리 서비스를 받아보실 수있습니다. •단, 정수기, 제빙기, 비데, 공기청정기 일부 모델에 한해 신청 가능합니다. •관리 서비스 주기변경을 원하실 경우 [고객상담센터 ☎1600-1661] 또는 [서비스센터 홈페이지-상담예약] 을 통해 문해주시기 바랍니다.",,없음
정수기,"조작부 기능별(냉수,온수,전체) 잠금 설정/해제 방법이 궁금해요 (직수형 정수기)",,[표1] | 적용모델 | 냉수잠금 | 온수잠금 | 전체잠금 | | --- | --- | --- | --- | | WPUIAC403 WPUIAC302 WPUJAC103 WPUJCC103 | https://static.service.skmagic.com/editor/faq/ckimg/0e12b4cdb61c4c9ea46841d2404f2a36.png | https://static.service.skmagic.com/editor/faq/ckimg/c9e079806e414ba385f91814fc8acb45.png | ▶전체잠금 설정 및 해제 불가 | | WPUI230 WPUI130 WPUI220 WPUI120 WPUI210 WPUI110 WPUI200 WPUI100 | https://static.service.skmagic.com/editor/faq/ckimg/1d1c3995cc8d49ed8edfe68e728ca115.png | https://static.service.skmagic.com/editor/faq/ckimg/571c1f8c575446f084ec5003d349b0b9.png | https://static.service.skmagic.com/editor/faq/ckimg/2dcd3d06ef324c29b4ee696c1018c86a.png | | WPUA1000 WPUA1100 WPUA720 WPUA710 WPUA700 WPUA630 WPUA620 WPUA600 WPUA701 WPUA601 WPUA500 | https://static.service.skmagic.com/editor/faq/ckimg/14389bdab6ce4fd5a159554f6e74cf37.png | https://static.service.skmagic.com/editor/faq/ckimg/df9c0aabbe8f409dbf7c40c94eebb0c2.png | https://static.service.skmagic.com/editor/faq/ckimg/d4b6ce8e010f4349abd626a6e4a26d77.png | | WPUA900 WPUA800 | https://static.service.skmagic.com/editor/faq/ckimg/cfb493238f4d428882ddf4c50e031369.png | https://static.service.skmagic.com/editor/faq/ckimg/7f6b3be473b340bc89790a6be6a84423.png | ▶전체잠금 설정 및 해제 불가 | | WPUA220 WPUA120 | https://static.service.skmagic.com/editor/faq/ckimg/42f1978806fa410c9f9b4dde4669e945.png | https://static.service.skmagic.com/editor/faq/ckimg/768743fa5ffe4315ac8584923bdb5d1c.png | https://static.service.skmagic.com/editor/faq/ckimg/76daa0c75e8a4e79a15562cd9573fb2c.png | | WPUA210 WPUA110 WPUA200 WPUA100 | https://static.service.skmagic.com/editor/faq/ckimg/028c79cb95dd44e286c559c92b739b07.png | https://static.service.skmagic.com/editor/faq/ckimg/c6bb15c097834b77b7efb6a2dd2fbd58.png | https://static.service.skmagic.com/editor/faq/ckimg/7434636121ed438fa3b8b0f2ea26d1ce.png |,https://static.service.skmagic.com/editor/faq/ckimg/0e12b4cdb61c4c9ea46841d2404f2a36.png|https://static.service.skmagic.com/editor/faq/ckimg/c9e079806e414ba385f91814fc8acb45.png|https://static.service.skmagic.com/editor/faq/ckimg/1d1c3995cc8d49ed8edfe68e728ca115.png|https://static.service.skmagic.com/editor/faq/ckimg/571c1f8c575446f084ec5003d349b0b9.png|https://static.service.skmagic.com/editor/faq/ckimg/2dcd3d06ef324c29b4ee696c1018c86a.png|https://static.service.skmagic.com/editor/faq/ckimg/14389bdab6ce4fd5a159554f6e74cf37.png|https://static.service.skmagic.com/editor/faq/ckimg/df9c0aabbe8f409dbf7c40c94eebb0c2.png|https://static.service.skmagic.com/editor/faq/ckimg/d4b6ce8e010f4349abd626a6e4a26d77.png|https://static.service.skmagic.com/editor/faq/ckimg/cfb493238f4d428882ddf4c50e031369.png|https://static.service.skmagic.com/editor/faq/ckimg/7f6b3be473b340bc89790a6be6a84423.png|https://static.service.skmagic.com/editor/faq/ckimg/42f1978806fa410c9f9b4dde4669e945.png|https://static.service.skmagic.com/editor/faq/ckimg/768743fa5ffe4315ac8584923bdb5d1c.png|https://static.service.skmagic.com/editor/faq/ckimg/76daa0c75e8a4e79a15562cd9573fb2c.png|https://static.service.skmagic.com/editor/faq/ckimg/028c79cb95dd44e286c559c92b739b07.png|https://static.service.skmagic.com/editor/faq/ckimg/c6bb15c097834b77b7efb6a2dd2fbd58.png|https://static.service.skmagic.com/editor/faq/ckimg/7434636121ed438fa3b8b0f2ea26d1ce.png
정수기,단수된 후 정수기는 어떻게 사용해야 하나요,"• 수도 단수시에는 정수기 중간밸브를 잠그고 제품의 전원 코드를 분리해 주세요. • 단수 이후 물 공급시, 싱크대 수도에서 깨끗한 물이 나올 때 까지 물을 흘러 보낸 이후 정수기 중간밸브를 열고 정수기를 사용해 주세요. • 탱크형 정수기의 경우 온수 코크에서 물이 나오는지 확인 후 전원 코드 선을 제거한 뒤 다시 연결하여 온수 스위치를 켜주세요. • 물탱크에 물이 없는 상태로 온수 전원을 켜면 과열로 인한 안전장치 작동으로 제품 점검을 받으셔야 합니다.",,없음
정수기,"얼음 정수기에서 얼음이 녹거나 깨져서 나와요, 출빙량이 적어요.","■ 평소와 다르게 녹은 얼음이 많이 나오거나 출빙량 적어졌다면 아래 내용을 확인해 주세요. ✔방열팬 먼지필터에 먼지가 많진 않은지 ✔ 벽과의 이격거리가 없어 통풍이 원할하지 않은지 ✔ 얼음을 장시간 사용하지 않아 얼음 보관시간이 길진 않았는지 ✔ 냉수 사용량이 많아지거나 주위 온도 / 입수 온도가 높아지진 않았는지 ■ 이런 경우 녹은 얼음이 나올수 있어요. ①얼음 보관통에 얼음이 서로 엉켜붙는 현상을 방지 하기 위해 "" 상온으로 보관 "" 하여 장시간 얼음을 사용하지 않으면 녹거나 깨진 얼음이 출빙될 수 있어요 . Ex. 회사 , 다중 이용시설 ( 아침 사용 , 주말 지난 아침 사용시 ), 퇴근후 출빙시 ②만들어진 얼음이 얼음 보관통으로 떨어지면서 깨질수도 있어 출빙시 깨진 얼음이 나올수 있어요 . ③ 주위 온도가 높을 수록 녹고 , ​ 깨진 얼음이 많이 나올 수 있어요 ( 먼지필터 청소 , 통풍 공간을 확인해 주세요 ) ④ 특히 겨울철에는 얼음 사용량이 적어 얼음 보관시간이 길어 지면 녹고 , 깨진 얼음이 더 발생될 수 있어요 . ⑤ 먼저 만들어진 얼음이 나오고 새로 만들어진 얼음이 나중에 나오기 때문에 깨진 , 녹은 얼음이 출빙될 수 있어요 . Tip.얼음을 출빙하지 않는 시간이 길었다면 처음 나오는 얼음은 깨지거나 녹은 얼음이 나올 수 있으니 1 컵 ~2 컵 뺀 후 얼음을 받아 사용해 주세요 . ■ 출빙량이 적어졌다면 이렇게 해주세요. ✔냉수 사용량이 많거나 주위 온도가 높으면 얼음 ​ 이 생성되기까지 시간이 길어져요. ①먼지 필터에 먼지가 많은지 확인하시고 청소를 해주세요 . ②제품의 열기가 잘 빠질 수 있도록 벽과 10 ㎠이상 거리를 두어 통풍이 잘 되도록 해주세요 . ⭐정상 얼음 생성여부 확인방법 • 얼음 버튼을 눌러 보관통에 있는 얼음을 모두 출빙 후 1 시간이후 새로 만들어진 얼음을 확인해 주세요 . ☞서비스 접수는 [방문예약] 상담 진행은 [상담예약] 또는 [고객상담센터 ☎1600-1661]을 이용해 주세요.",,없음
정수기,물맛이 이상해요,"▶장기간 물을 사용하지 않았거나, 필터 교체 후 물맛이 이상한가요? • 물을 3L이상 취수하여 버린 뒤 1시간 후 사용해 주세요. ▶물에서 비린맛 또는 비린 냄새가 나나요? • 비린맛은 환경적인 영향이 크기 때문에 첫 잔은 버린 후 2번째 잔부터 종이컵으로 확인해 주세요. • 쇠컵을 사용할 경우 물에서 쇠냄새가 나고, 플라스틱컵을 사용하면 플라스틱 냄새를 느끼는 것처럼 설거지 후 컵이 건조되는 과정에서 컵자체에 비린내가 배인 상태로 발생할 가능성이 있습니다. ▶물에서 쓴맛, 짠맛이 나나요? • 원수의 미네랄성분으로 인해 물에서 쓴맛이나 짠맛이 느껴지기도 합니다. 미네랄 성분은 인체에 필요한 무해한 성분으로 안심하고 드셔도 됩니다. • 원수의 미네랄성분 중 칼륨과 나트륨 성분이 많을 경우는 약간의 짠맛을 유발하며, 마그네슘이나 황신이온은 쓴 맛, 철은 비릿한 금속맛으로 느껴질 수 있습니다. ※물맛은 개인적으로 느끼는 차이가 다를 수 있습니다. ☞상담 진행은 [상담예약] 또는 [고객상담센터 ☎1600-1661]을 이용해 주세요.",,없음
정수기,"스스로 직수정수기 직수관 안심케어는 무엇인가요 (WPUA1000, WPUA1100)","직수관 안심케어란, 전해수를 직수관 내부로 흘려보내어 직수관을 살균시켜주는 기능입니다. ▣다음 내용을 체크해 주세요▣ ▶자동 직수관 안심케어 기능입니다 . •버튼 조작 설정없이 자동으로 직수관 안심케어가 동작합니다. •초기 설치 및 전원코드 분리 후 재연결 시점으로 5일 12시간(132시간) 후 첫 직수관 안심케어가 동작되며, 그 후로는 5일(120시간)기준으로 자동으로 직수관 안심케어가 진행됩니다. •자동 직수관 안심케어는 약 12분간 동작합니다. ▶수동 직수관 안심케어 기능입니다. •[직수관 안심케어] 버튼을 5초동안 누르면 수동 직수관 안심케어가 동작합니다. 직수관 안심케어는 주기적으로 자동 동작되지만, 원하실때 버튼을 눌러 추가적으로 동작할 수 있습니다. •수동 직수관 안심케어는 약 12분간 동작합니다. ▶직수관 안심케어 잠금 및 해제방법 입니다. •[직수관 안심케어]+[잠금] 버튼을 동시에 5초간 누르면 직수관 안심케어가 잠금/해제가 됩니다. 잠금상태에서는 직수관 안심케어 LED가 OFF되고, 버튼을 누르면 `띵띵띵` 부저음이 발생합니다. 잠금상태에서는 자동 직수관 안심케어도 동작하지 않습니다. ▶직수관 안심케어 작동시 CHECK!! •직수관 안심케어 작동 후 냉수는 미지근해집니다. 1시간 이후 냉수를 사용해 주세요. •직수관 안심케어 LED는 직수관 안심케어 잠금상태를 제외하고 상시 점등이 되어있습니다. •직수관 안심케어 동작시에는 상부의 버튼 램프 LED가 순차적으로 점멸하며, 물을 출수할 수 없습니다. 해당 기능 작동 종료 후 물을 출수해 주세요. (단, 종료 후 바로 취수하는 냉수는 미지근합니다.) •직수관 안심케어 동작 중 취소를 원하실 경우 [직수관 안심케어] 버튼을 5초간 눌러주세요. 도중에 취소할 경우 약 4분 후에 제품을 사용하실 수 있습니다. (단, 종료 후 바로 취수하는 냉수는 미지근합니다.) •직수관 안심케어 동작 중 배수출수 및 배수정지 사이클이 약 40회 정도 반복됩니다. •직수관 안심케어 동작 시 약 12L 물이 배수됩니다. ▣추가 문의가 있으신가요?▣ ☞ 서비스 홈페이지 접속 → 상담예약 → [온라인상담/상담예약] 메뉴를 이용해 보세요. 서비스 접수 요청시 고객상담센터(☎1600-1661) 또는 서비스 홈페이지 → [방문예약] 메뉴를 통해 신청해 주세요.",,없음
정수기,조리수밸브를 분리 또는 설치하고 싶어요,"▶제품 분리 또는 설치시 부속품 손상 및 누수 발생 위험 요소가 있어 서비스 접수를 권장합니다. • 제품 이동서비스는 불가하므로, 분리된 제품과 부속품들을 빠짐없이 챙기신 후 설치하는 장소까지 옮겨주셔야 합니다. • 분리 비용과 재설치 비용은 각각 발생됩니다. [이용요금 안내] ☞분리와 설치 접수가 필요한 경우 [분리/설치 예약] 또는 [고객상담센터 ☎1600-1661]을 이용해 주세요.",,https://static.service.skmagic.com/editor/faq/ckimg/ffb853b90b6b43d9bafdb878579bde2b.png
정수기,정수기에서 떨리는 진동 소리가 나요,"▶정수기에 연결된 호스가 떨리며 소리가 발생할 수 있습니다. • 정수기에 연결된 호스가 미세하게 떨리며 벽면 또는 본체에 닿아있다면 위치를 가볍게 이동해 주세요. • 수도의 수압이 강한 경우에도 호스 떨림 소음이 발생할 수 있습니다. 원수도밸브 또는 중간밸브를 조금만 잠그고 수압을 조절해서 사용해 보세요. ▶정수기 주변 환경을 확인해 주세요. • 정수기 위 또는 좌, 우측에 밀착된 물건 놓여 있다면 제품 작동시 미세한 진동이 전달되어 덜덜 진동음이 발생할 수 있으므로 물건을 치워주세요. • 정수기 한쪽을 눌렀을 때 덜컹이며 바닥과 수평이 맞지 않는 경우 진동음이 발생할 수 있으니 수평이 맞는지 확인해 주세요. ☞상담 진행은 [상담예약] 또는 [고객상담센터 ☎1600-1661]을 이용해 주세요.",,없음
정수기,"필터 교체 후 버튼 작동이 안돼요 (WPUA1000C, WPUA1100C)","▶자가필터교체 후 약 10분 동안 모든 버튼 조작이 불가한가요? • 필터교체 후 필터 커버를 닫으면 자동으로 약 10분간 자동필터세척(필터플러싱)을 진행하며 전면의 램프가 순차적으로 점멸됩니다. • 자동필터세척중에는 제품 사용이 불가하고, 모든 버튼 작동시 띵띵띵 부저음이 발생하며 작동되지 않습니다. ▶자동필터세척(필터플러싱)이란? • 교체된 새 필터에 물을 연속으로 통과시켜 자동으로 필터를 세척하고 물을 배출시키는 기능입니다. • 자동필터세척(필터플러싱)시 배수호스로 약 15L의 물이 배수됩니다. ☞상담 진행은 [상담예약] 또는 [고객상담센터 ☎1600-1661]을 이용해 주세요.",,없음
정수기,냉수와 온수 램프에 불이 들어오지 않아요 (탱크형정수기),"▶제품 뒷면의 냉수와 온수 버튼을 확인합니다. • 정수기 뒷면의 냉수와 온수 버튼을 켜고 전면의 램프가 점등되었는지 확인해 주세요. • 냉수와 온수는 버튼 설정 후 1시간 이후 물을 출수하여 온도를 확인해 주세요. ▶제품 전면의 냉수와 온수 버튼을 확인합니다. • 적용 모델 : WPUB200, WPU7100, WPU7110 • 정수기 전면에 냉수/온수 설정 버튼이 있는 모델은 해당 버튼을 5초 이상 램프에 불이 들어올때까지 길게 눌러주세요. • 램프가 점등된 이후 다시 한번 더 냉수/온수 버튼을 짧게 터치시 강, 약 조절을 할 수 있습니다. ▶제품의 전원코드를 확인합니다. • 냉수와 온수 램프 모두 점등이 되지 않는다면 제품의 전원코드가 정상적으로 잘 연결되어있는지 확인해 주세요. • 정수기 전원코드 분리 후 다른 전기제품을 연결하여 작동 여부를 확인해 주세요. (콘센트 이상 유무 확인) ☞상담 진행은 [상담예약] 또는 [고객상담센터 ☎1600-1661]을 이용해 주세요.",,https://static.service.skmagic.com/editor/faq/ckimg/cce73ef929dc416c9bbb86972ae8cc2b.png|https://static.service.skmagic.com/editor/faq/ckimg/2a7246c0be4e4d2fb87b6c95fa70a8ff.png|https://static.service.skmagic.com/editor/faq/ckimg/c70dbd51c7fb490881b8c084ec1d4278.png
정수기,얼음 토출구 분리 및 청소방법이 궁금해요 (올인원직수얼음정수기),▶얼음을 출빙할 경우 주의사항을 확인해 주세요. • 컵에 음료가 든 상태로 얼음을 출빙하는 경우 얼음이 낙하하며 음료가 튀어 토출구 안쪽까지 오염될 수 있어 가능한 얼음 출빙 후 음료를 담아주세요. • 커피나 음료가 토출구 안쪽과 내부에 튀는 경우 바로 오염부위를 청소해 주세요. ▶얼음 토출구 청소 방법을 확인해 주세요. ☞상담 진행은 [상담예약] 또는 [고객상담센터 ☎1600-1661]을 이용해 주세요.,,https://static.service.skmagic.com/editor/faq/ckimg/3d2d97716b6047deb5974ae3c04a6b46.png
정수기,"스스로 직수정수기 필터 교체 후 물이 나오지 않아요 (WPUA1000, WPUA1100)","▶필터 교체 후 물이 출수되지않는 경우 확인해 주세요. • 필터가 잘못 된 위치에 조립되어있는 경우 물이 필터를 통과하지 못하여 출수되지 않습니다. ▶필터 커버가 잘 조립되어 있나요? • 필터 커버가 들떠있는 경우 정상적으로 필터플러싱 이 진행되지 않습니다. ▶ 필터플러싱(자동필터세척) 이란? • 정수기 전면의 램프가 깜빡이면서 배수 호스로 물이 빠지고 약 10분 간 취수 버튼을 눌러도 물이 나오지 않습니다. ※자동필터세척 도중 전원 코드를 분리하면 안됩니다. ▶필터와 필터커버 재조립 후에도 물이나오지 않는 경우 확인해 주세요. • 버튼을 눌러도 '띵띵'소리가 나면서 버튼 동작이 안된다면 '누수감지센서' 동작 중일 수 있습니다. • 필터 교체 시 필터 아래 구멍으로 물이 튀는 경우 누수감지센서가 작동 될 수 있습니다. ▶누수감지센서 동작 시 아래 내용을 확인해 주세요. ①제품을 옆면으로 45도 각도로 기울인 상태로 30초 이상 유지해 주세요. ※소량의 물이 제품 내부로 튀었을 경우 제품의 바닥으로 물이 나오지 않을 수 있으며, 물이 흘러 나온다면 나오지 않을 때까지 기울여 모두 제거해 주세요. ②필터 세척을 위하여 필터 커버를 열었다 다시 닫고 필터플러싱(약 10분) 후 취수 버튼을 눌러 물이 정상적으로 출수되는지 확인해 주세요. ※ 환경에 따라 수압이 센 경우 필터분리(교체) 시 수압에 의해 물이 튀거나 잘 끼워지지 않을 수 있습니다. 수압이 센 경우 본체 뒷면 파란색 '볼밸브'를 열십자 모양(十)으로 잠근 뒤 취수 버튼을 눌러 남아있는 공기압을 제거 후 필터교체 → 볼밸브 개방(一) → 필터플러싱 순서대로 사용 확인해 주세요. ☞상담 진행은 [상담예약] 또는 [고객상담센터 ☎1600-1661]을 이용해 주세요.",,https://static.service.skmagic.com/editor/faq/ckimg/89911ccd67f340f6ac2109f0be3366be.png|https://static.service.skmagic.com/editor/faq/ckimg/e93ff7bebf354157b329c1cbcb53e549.png|https://static.service.skmagic.com/editor/faq/ckimg/171ea62204be42f2b4bd3258d3903254.png
정수기,얼음부족램프에 계속 불이 들어와 있어요 (올인원직수얼음정수기),"제품 내부 아이스룸(얼음보관통)에 보관된 얼음이 센서에 감지됨에 따라 얼음가득 또는 얼음부족 램프가 점등됩니다. ▶[얼음가득] 또는 [얼음부족] 램프가 켜져있나요? • 아이스룸(얼음보관통) 상, 하에 감지 센서가 있어 상부센서에 얼음이 감지되면 [얼음가득] 하부센서에 얼음이 감지되지 않으면 [얼음부족] 램프가 점등됩니다. • 얼음이 한쪽으로 쌓여있거나 소량 남아있는 경우 센서에 정상 감지가 되지 않을 수 있습니다. • 소량의 얼음이 남아있을 수 있으니 출빙버튼을 10초~15초 이상 길게 눌러서 확인해 주세요. ▶얼음 사용량이 많은가요? • [얼음부족]램프가 점등되면서 얼음이 전혀 나오지 않는 경우 얼음 사용량이 많은것으로 약 1~2시간 이후 얼음을 사용해 주세요. • 냉수 우선 적용 프로그램으로 냉수를 사용하는 동안은 얼음 생성이 지연되므로 냉수미사용시 얼음을 더욱 빨리 만들 수 있습니다. ☞상담 진행은 [상담예약] 또는 [고객상담센터 ☎1600-1661]을 이용해 주세요.",,https://static.service.skmagic.com/editor/faq/ckimg/03a35d2a924b4510b5361aa9dbd436ba.png
정수기,"스스로 직수정수기 램프가 깜빡거리고 버튼 작동이 안돼요 (WPUA1000, WPUA1100)","스스로 직수정수기는 자동 필터 세척, 직수관 안심케어 기능 작동시 정수기에서 물이 나오지 않습니다. ▶제품 상단 또는 전면의 램프가 깜빡거리고 버튼 작동 되지 않는 경우 확인해 주세요. • 상단 또는 전면 램프가 깜빡이고 버튼 작동이 안되는 경우 [자동필터세척], [직수관 안심케어]기능이 작동중임으로 절대 전원을 끄지 마세요. • [자동필터세척], [직수관 안심케어] 기능은 약10~15분 동안 작동하며, 작동하는 동안 물 출수가 불가합니다. • [자동필터세척] 기능은 필터를 교체하거나, 필터 커버를 3초이상 열었다 닫을 경우 자동으로 약10분 동안 작동됩니다. • [직수관 안심케어] 기능은 120시간(5일)마다 자동으로 약 15분 동안 작동되며, 수동으로 작동하고 싶은 경우 직수관 안심케어 버튼을 5초 이상 누르면 가능합니다. ☞상담 진행은 [상담예약] 또는 [고객상담센터 ☎1600-1661]을 이용해 주세요.",,https://static.service.skmagic.com/editor/faq/ckimg/7ef60d7690974fb0a7e15fa4d99bf316.png
정수기,유아수 온도는 어떻게 조절하나요,"▶유아수는 3단계 45℃, 50℃, 55℃ 설정이 가능합니다. • 유아수의 기본 설정 온도는 50 ℃ 입니다. ▶유아수 온도 조절 방법 ①[유아수] 버튼을 5초 이상 눌러주세요. [유아수]버튼이 없고 온수, 차, 미온/유아수로 구분되어 있는 모델은 [온수]버튼을 5초이상 눌러 미온/유아수 램프에 불이 들어오는지 확인해 주세요. ②취수 버튼을 눌러 원하는 온도를 선택해 주세요. ③[유아수]버튼이 있는 모델은 [유아수]버튼을, [유아수]버튼이 없는 모델은 [온수]버튼을 짧게 누르면 설정이 완료됩니다. ※[유아수], [온수]버튼을 누르지 않아도 5초동안 아무런 조작이 없으면 자동으로 설정이 완료됩니다. ※모델에 따라 내용에 차이가 있을 수 있습니다. ☞상담 진행은 [상담예약] 또는 [고객상담센터 ☎1600-1661]을 이용해 주세요.",,https://static.service.skmagic.com/editor/faq/ckimg/a4f216180d4445ab8bcc97cde33e3709.png
정수기,초소형 직수정수기 LED 밝기 조절 방법,"▶LED 밝기 조절은 아래 사진처럼 코크부 LED 밝기만 조절 가능하며, 출수버튼은 OFF되지 않습니다. • 제품 미사용(대기) 상태 기준으로 LCD표시창은 1분 후 OFF되며, 출수버튼의 LED는 OFF되지 않습니다. ▶LED밝기 조절 방법 ①[정수] 버튼을 3초이상 눌러 LED 밝기를 조절합니다. ②[정수] 버튼을 3초이상 누를 때마다 표준 → 약 으로 변경됩니다. ③LED 밝기 OFF는 앱을 통해서만 가능합니다. ※앱을 통해 취침모드, LED OFF 기능을 사용할 경우 LED라이팅만 OFF됩니다. (출수버튼은 OFF되지 않습니다.) ☞상담 진행은 [상담예약] 또는 [고객상담센터 ☎1600-1661]을 이용해 주세요.",,https://static.service.skmagic.com/editor/faq/ckimg/4cf4fc73c2f740d6aedf1b6052628f6f.png|https://static.service.skmagic.com/editor/faq/ckimg/c6093385bf5c482bb225f511cca1e485.png
정수기,조리수밸브에서 물이 새요/조리수밸브에서 물이 떨어져요,"▶조리수 밸브 잠금 상태를 확인해 주세요. • 조리수 밸브를 완벽히 잠가둔 상태에서도 물이 새는지 확인해 주세요. ▶조리수를 잠근 후에도 조리수에서 물이 새는 경우 정수기 중간밸브를 잠궈주세요. • 정수기 뒷면에 연결된 급수 호스선을 따라가보면 수도배관에 연결된 중간밸브를 확인할 수 있습니다. • 누수 피해를 예방하기 위해, 중간밸브를 잠근 뒤 서비스 접수를 신청해 주세요. ☞중간밸브 잠김과 열림 상태 ☞서비스 접수는 [A/S방문예약] 상담 진행은 [상담예약] 또는 [고객상담센터 ☎1600-1661]을 이용해 주세요.",,https://static.service.skmagic.com/editor/faq/ckimg/a61aa845392b46d296395a2e84d86612.png
정수기,정수기 물이 나오다가 끊겨요,"▶물공급 상태를 확인해 주세요. • 설치된 수전이 단수가 되었다면 수돗물이 정상적으로 공급될 때까지 기다려 주세요. • 급수호스가 눌리거나 꺾여있지는 않은지 확인해 주세요. • 겨울철 영하의 날씨로 급수호스가 결빙되었다면, 호스 선을 따뜻한 물수건으로 감싸서 녹여 주세요. • 수도밸브와 중간밸브가 잠겨있다면 밸브를 열어주세요. ▶다른 수도의 물과 동시에 사용하는 경우 확인해 주세요. (직수형정수기) • 세탁기 사용이나 샤워 등 동시에 물 사용이 있을 경우 변동 수압으로 인해 정수기 사용시 물줄기가 약해지며, 물이 끊겼다 나올 수 있습니다. • 온수 기능은 동시에 물사용이 있을 경우 변동수압 또는 저수압이 발생하여 온수 온도과열방지 기능이 작동하여 취수가 중단되며 물이 끊기거나 스팀만 나올 수 있습니다. • 동일 수전에 연결된 다른 제품의 수도 사용을 중지하거나 호스가 꺾여있진않은지 확인 후 사용해 주세요. ☞확인 후에도 동일 증상이라면 전문가의 점검이 필요합니다. 서비스 접수는 [방문예약] 또는 [고객상담센터 ☎1600-1661]을 이용해 주세요.",,https://static.service.skmagic.com/editor/faq/ckimg/5a387fa760b44bbcaa35d0dcc39d46d6.png
정수기,"스스로 직수정수기의 필터는 몇개인가요? (WPUA1000C, WPUA1100C)","▶스스로 직수정수기 필터 개수를 확인해 주세요. • 스스로 직수정수기에는 고밀도 활성탄으로 작은 부유물 및 잔류염소등을 제거하는 필터와 물 속 미세입자, 미생물등을 제거하는 필터 2개가 장착됩니다. • 보통의 직수정수기에는 4cm 필터 3개가 장착되며, 스스로 직수정수기의 필터는 더욱 큰 6cm 필터 2개로 동일한 정수 효과를 발휘합니다.",,https://static.service.skmagic.com/editor/faq/ckimg/d6fd23b092f243df86c419a11aa548ff.png
정수기,정수기 UV 살균기능은 무엇인가요,"▶UV 살균 기능이란? • UV(자외선) 램프를 이용해 잔류성 물질 없이 99%이상 세균을 제거하는 기능입니다. • 정수기에 적용된 UV살균 기능은 코크, 출수, 아이스룸, 워터룸 UV살균이 있습니다. 1. 코크 UV살균 기능 • 외부와 직접 접촉되는 코크까지 완벽하게 UV케어 진행 • 코크 살균은 무출수(출수를 하지 않은 시점) 2시간 기준 10분씩 진행 (제품에 따라 살균시간은 차이가 있음) • 코크 살균은 자동과 수동으로 설정이 가능 2. 출수 UV살균 기능 •출수 즉시 흐르는 물까지 UV케어 진행 •출수 UV기능은 출수시 자동으로 진행되며, 수동으로 ON/OFF 설정 불가 3. 아이스룸 UV살균 기능 • 얼음이 담겨져있는 아이스룸까지 UV케어 진행 • 하루 2번 3시간씩 UV살균 진행 4. 워터룸 UV살균 기능 • 내부 스테인레스 저수조를 UV케어 진행 • 하루 2번 7분씩 UV살균 진행 ☞상담 진행은 [상담예약] 또는 [고객상담센터 ☎1600-1661]을 이용해 주세요.",,https://static.service.skmagic.com/editor/faq/ckimg/79ace1f2fe844da0a261a3fe2e74724f.png|https://static.service.skmagic.com/editor/faq/ckimg/2663c9cb660a40cfa28e457d1d481160.png|https://static.service.skmagic.com/editor/faq/ckimg/337446c2dc8a43a7a25598cc0143d300.png
정수기,"출수 버튼이 뻑뻑해요(WPUA100, WPUA200, WPUA110, WPUA210, WPUA120, WPUA220)","출수 버튼이 뻑뻑하고 잘 눌러지지 않을 때 버튼부 청소가 필요합니다. ▶다이얼 방식의 출수 버튼이 뻑뻑하고 잘 눌리지 않는 경우 청소 방법을 확인해 주세요. • 적용모델 WPUA100, WPUA200, WPUA110, WPUA210, WPUA120, WPUA220 ①전원콘센트를 분리합니다. ②출수버튼을 눌러줍니다. ③출수버튼이 눌려있는 상태에서 면봉이나 물티슈로 내부 홈을 돌아가면서 깨끗하게 닦아줍니다. ▶터치식 버튼이 간헐적으로 눌리지 않을 경우 확인해 주세요. • 손가락의 지문 부위로 정확한 터치 버튼을 눌러 확인해 주세요. • 버튼 조작부에 이물질이 묻어 있는 경우 청소 후 사용해 주세요. ☞상담 진행은 [상담예약] 또는 [고객상담센터 ☎1600-1661]을 이용해 주세요.",,https://static.service.skmagic.com/editor/faq/ckimg/85420209a7a446af82b19e244f75c9ba.png
정수기,온수 출수가 늦어요 (직수형정수기),"▶순간온수방식은 탱크에 물을 저장하지 않고, 온수 취수버튼을 누르는 순간부터 물을 가열하기 시작하고 일정온도 이상이 되면 출수가 진행되기 때문에 취수시까지 약 4~6초정도 시간차가 발생할수 있습니다. ▣추가 문의가 있으신가요?▣ ☞ 서비스 홈페이지 접속 → 상담예약 → [온라인상담/상담예약] 메뉴를 이용해 보세요. 서비스 접수 요청시 고객상담센터(☎1600-1661) 또는 서비스 홈페이지 → [방문예약] 메뉴를 통해 신청해 주세요.",,없음
정수기,WPUIAC403 원코크 얼음물 정수기 얼음 생성 갯수와 소요시간,"▶1회 생성되는 얼음 갯수는 5개이며, 생성되는 시간은 평균 13~15분 소요됩니다. •단, 냉수 사용량이 많거나 주변 온도에 따라 얼음이 생성되는 시간은 달라질 수 있습니다. ▶초기설치 직후와 같이 아이스룸에 얼음이 없는 상태일 경우 •만빙(얼음가득)상태까지 외부 온도 20℃ 기준 약 4시간 가량 소요되며, 주변 온도에 따라 시간은 달라질 수 있습니다. •만빙(얼음가득) 시 최대 약 940g의 얼음이 보관됩니다. ☞상담 진행은 [상담예약] 또는 [고객상담센터 ☎1600-1661]을 이용해 주세요.",,https://static.service.skmagic.com/editor/faq/ckimg/6f150cb5f9a647be9b5ee7dc63b7a42e.png|https://static.service.skmagic.com/editor/faq/ckimg/f4c83e1aa4ad480e87984ef3a4667783.png
정수기,물에서 벌레가 나왔어요,"▶정수기 외관의 틈으로 벌레는 들어갈 수 있으나, 이는 설치장소의 주변환경 관리상태에 따라 발생하는 현상이며, 정수기 구조적 특성상 물탱크나 유로관 내부로는 벌레가 들어갈 수 없습니다. 단, 외부환경에 노출되는 취수구를 통해 취수구 안쪽에 벌레가 붙어있다가 출수시 떨어져 물과 섞여 나올수는 있습니다. ※취수구를 주기적으로 청소를 하면 청결하게 정수기를 사용할 수 있습니다. ※물탱크 청소 후 커버의 체결상태가 불량하면 틈이 생겨 벌레가 유입될 수 있으니 필히 정상적인 조립상태 확인이 필요합니다. ▣추가 문의가 있으신가요?▣ ☞ 서비스 홈페이지 접속 → 상담예약 → [온라인상담/상담예약] 메뉴를 이용해 보세요. 서비스 접수 요청시 고객상담센터(☎1600-1661) 또는 서비스 홈페이지 → [방문예약] 메뉴를 통해 신청해 주세요.",,없음
정수기,정수기 사용 중 전원이 반복적으로 꺼졌다 켜졌다 해요,"▶벽면콘센트에 정수기 전원코드선이 헐겁지 않게 정상적으로 잘 꽂혀있는지 확인해 주세요. • 정수기 전원코드를 다른 연결 콘센트에 연결하여 작동 후 동일증상이 발생되는지 확인해 주세요. • 멀티콘센트 사용시 멀티콘센트의 노후화로 작동이 안될수 있으니 멀티콘센트를 교체해 주세요. • 멀티콘센트 사용시 스위치가 없는 정격용량 250V, 16A 이상의 멀티콘센트를 사용해 주세요. • 멀티콘센트는 벽면콘센트에 연결하여 사용해 주세요. ☞서비스 접수는 [방문예약] 상담 진행은 [상담예약] 또는 [고객상담센터 ☎1600-1661]을 이용해 주세요.",,없음
정수기,"스스로 직수정수기 호스에서 물이 나와요 (WPUA1000, WPUA1100)","스스로 직수정수기는 배수호스가 연결되어있으며, 상황에 따라 배수호스로 물이 배출됩니다. ▶배수호스로 물이 배출되는 경우는 다음과 같습니다. • 유로 순환 케어기능 작동시 배수호스로 물이 배출되고, 3시간동안 취수가 없을 경우 직수관 물을 스스로 배출시킵니다. • [자동 필터 세척] 기능 작동시 배수호스로 물이 배출되고, 필터를 플러싱한 물이 약 15L 배출됩니다. • [직수관 안심케어] 기능 작동시 배수호스로 물이 배출되고, 직수관 살균 동작 중 살균수인 전해수가 약 12L 배출됩니다. ※배수호스로 물이 배출되는 증상은 정상적인 현상으로 안심하고 사용해 주세요. ☞상담 진행은 [상담예약] 또는 [고객상담센터 ☎1600-1661]을 이용해 주세요.",,없음
정수기,코크(취수구)에서 물이 떨어져요,▶직수형정수기 코크에서 물이 새어 나오나요? • 중간밸브를 잠근 뒤 콘센트를 분리한 상태로 서비스 접수를 진행해 주세요. ▶탱크형정수기 코크에서 물이 새어 나오나요? • 중간밸브를 잠근 뒤 콘센트를 분리한 상태로 서비스 접수를 진행해 주세요. • 누수가 심한 경우 물이 나오지 않을 때까지 직접 출수하여 내부 물통의 물을 비워주세요. ▶중간밸브 잠김과 열림 상태를 확인해 주세요. ☞확인 후에도 동일 증상이라면 전문가의 점검이 필요합니다. 서비스 접수는 [방문예약] 또는 [고객상담센터 ☎1600-1661]을 이용해 주세요.,,없음
정수기,UV 살균 안심케어는 언제 작동하나요? (올인원직수얼음정수기),"▶물이 출수되는 코크 UV살균 안심케어 작동 시간을 확인해 주세요. • 취수가 끝난 시점부터 2시간 뒤 30분 동작하며, 이후 무출수시 2시간에 10분씩 반복되어 작동합니다. • 살균 진행 중 물을 취수할 경우, 살균이 중단되고 취수가 끝난 시점부터 2시간 뒤 UV살균안심케어가 작동합니다. ▶얼음을 보관하는 아이스룸 UV살균 안심케어 작동 시간을 확인해 주세요. • 출빙이 끝난 시점부터 5시간 뒤 3시간 동작하며 이후 무출빙시 9시간에 3시간씩 반복되어 작동합니다. • 살균 진행 중 얼음을 출빙하여도 살균 기능은 유지되며 진행중이던 살균이 끝나고 이어서 살균이 작동합니다. ▶수동 살균을 진행하고 싶은 경우 확인해 주세요. ①UV살균 안심케어 버튼을 짧게 1회 터치해 주세요. ②출빙버튼과 출수버튼이 동시에 깜빡일 때 아이스룸 케어를 원하는 경우 출빙버튼을, 코크 케어를 원하는 경우 출수버튼을 눌러주세요. ③UV살균 안심케어 작동이 시작되면 제품 가운데 램프가 5분간 점등됩니다. ▶UV살균 안심케어가 작동하면 스노우폴(세로 램프)이 점등됩니다. • 램프는 UV살균 안심케어 시작과 동시에 점등된 후 5분 뒤 소등되고 케어 동작은 유지됩니다. ☞모델에 따라 내용에 차이가 있을 수 있습니다. ☞서비스 접수는 [방문예약] 상담 진행은 [상담예약] 또는 [고객상담센터 ☎1600-1661]을 이용해 주세요.",,https://static.service.skmagic.com/editor/faq/ckimg/696377905fcc43859dfc73fc4b119bf8.png|https://static.service.skmagic.com/editor/faq/ckimg/660be8c4619249aea16cad63005af520.png
정수기,"스스로 직수정수기 자동 필터 세척 기능은 무엇인가요 (WPUA1000, WPUA1100)","▶자동 필터 세척이란? • 교체한 새필터에 물을 통과시켜 배출하는 플러싱 작업을 자동으로 해주는 기능입니다. • 필터교체는 반드시 중간밸브가 개방된 상태로 전원이 정상적으로 켜진 상태에서 필터교체를 진행하여 주세요. ▶자동 필터 세척 기능은 필터 커버 분리 후 다시 조립할 경우 동작합니다. • 새필터로 교체 후 필터 커버를 조립할 경우 약 5초가 지나면 자동 필터 세척 기능이 진행됩니다. • 필터 교체가 아니더라도 필터 커버 분리 후 3초, 필터 커버 조립 후 약 5초가 지나면 자동 필터 세척 기능이 진행됩니다. ▶ 자동 필터 세척 기능은 약 10분정도 동작합니다. • 해당 기능 동작시에는 전면 버튼 램프 LED가 순차적으로 점멸됩니다. • 자동 필터 세척 동작 중 [출수]버튼을 5초간 눌러 세척 기능을 취소할 수 있습니다. ※자동 필터 세척 동작 중에는 물을 출수할 수 없습니다. 작동 종료 후 정수기를 사용해 주세요. ※자동 필터 세척 중에는 배수호스를 통해 배수가 진행됩니다. 정상적인 현상으로 안심하고 사용해 주세요. ☞상담 진행은 [상담예약] 또는 [고객상담센터 ☎1600-1661]을 이용해 주세요.",,https://static.service.skmagic.com/editor/faq/ckimg/60733256c2594e3784a71c94eb61874d.png
정수기,정수기 중간밸브에서 물이 새요,"▶중간밸브를 잠궈도 물이 계속 누수되는 경우 중간밸브가 연결된 수도배관 밸브를 잠궈주세요. • 누수 피해를 예방하기 위해, 서비스매니저 방문시까지 수도배관 밸브의 잠김 상태를 꼭 확인해 주세요. ※수도배관 밸브는 수전 위치에 따라 상이합니다. ☞서비스 접수는 [방문예약] 상담 진행은 [상담예약] 또는 [고객상담센터 ☎1600-1661]을 이용해 주세요.",,https://static.service.skmagic.com/editor/faq/ckimg/4d46a3338aeb48ac9135d31a95cb566a.png
정수기,온수 사용시 갑자기 전원이 꺼져요 (직수형정수기),"▶순간 온수 가열 방식이란? • 온수 기능 사용시 일반 상온의 물을 출수와 동시에 순간적으로 가열하여 온수를 만드는 방식입니다. ※순간 온수 가열시 일시적으로 수압 또는 전압에 변동이 발생할 수 있습니다. ▶온수 사용시 전원이 꺼지거나 전등이 깜빡거리나요? • 순간 온수 가열 시 전력이 최대치로 소비됩니다. 이때, 설치된 장소의 전력량이 부족할 경우 발생할 수 있습니다. ▶순간 온수 가열 정수기 설치 환경을 확인해 주세요. • 순간 온수 가열 방식의 직수형 정수기는 벽면 콘센트에 해당 제품만 연결하여 사용해 주세요. • 멀티콘센트를 사용할 경우 정격용량이 250V, 16A 이상이어야하며, 정수기만 연결된 멀티콘센트를 벽면콘센트에 단독으로 연결하여 사용해 주세요. ☞상담 진행은 [상담예약] 또는 [고객상담센터 ☎1600-1661]을 이용해 주세요.",,https://static.service.skmagic.com/editor/faq/ckimg/1597df7b8e514f7886d9068509af902f.png
정수기,조리수밸브에서 이물질이 나와요,"▶출수한 물에서 이물질이 발견되었나요? • 조리수밸브는 정수기 필터를 거쳐 나온 물이 출수되며, 정수기 필터의 기공은 크기가 매우 작아 눈에 보이는 이물질은 외부 환경에서 발생하는 증상일 수 있습니다. • 주기적인 청소가 필요하므로 면봉을 이용하여 취수구 안쪽을 이물이 묻어나오지 않을 때까지 청소해 주세요. ▶출수한 물에서 노란색 이물질이 발견되었나요? • 취수구 안쪽에 물이 맺히며 발생한 물때가 출수시 섞여나오는 증상으로 주기적인 조리수밸브 청소가 필요합니다. • 면봉을 이용하여 취수구 안쪽을 이물이 묻어나오지 않을 때까지 청소해 주세요. ▶출수한 물에서 하얀색 이물질이 발견되었나요? • 정수된 물에는 미네랄(칼륨, 마그네슘)성분이 함유되어 있으며 물이 가열되었다 식거나 얼었다 녹는경우 흰색 결정체가 되어 보여질 수 있습니다. • 미네랄이 함유된 물에서 발생하는 자연적인 현상이며, 인체에 무해하고 시중에 판매되는 미네랄 함유 생수에도 이와 같은 문구를 기입하고 있습니다. ▶출수한 물에서 검은색 이물질이 발견되었나요? • 물을 정수하는 필터중에는 숯성분을 사용하는 카본필터가 포함되어있으며 필터 교체 후 물을 충분히 흘려버리지 않았을 때 숯가루가 함께 출수되며 발생합니다. • 일시적으로 발생하는 증상으로 2-3리터를 출수하여 버린 뒤에도 동일 증상이라면 전문가의 점검이 필요합니다. ▶출수한 물에서 벌레가 발견되었나요? • 자사 제품은 벌레가 투입될 수 없는 구조로, 외부로 노출되어있는 코크(취수구) 안쪽에 숨어있던 벌레가 물출수 시 함께 나올 수 있습니다. • 면봉을 이용하여 취수구 안쪽을 이물이 묻어나오지 않을 때까지 청소해 주세요. ☞확인 후에도 동일 증상이라면 전문가의 점검이 필요합니다. 서비스 접수는 [방문예약] 또는 [고객상담센터 ☎1600-1661]을 이용해 주세요.",,https://static.service.skmagic.com/editor/faq/ckimg/8145182d316a42baa72a6557c51d7287.png|https://static.service.skmagic.com/editor/faq/ckimg/e90fcc8607b24a8093878ec0b606975f.png|https://static.service.skmagic.com/editor/faq/ckimg/932b4e48bf0e454fb5e5d6e0d7646e54.png
정수기,장기간 미사용시 제품 관리방법이 궁금해요,▶제품을 분리 후 장기간 보관하는 경우 확인해 주세요. • 분리된 제품은 내부 물기로 인해 손상될 수 있으므로 꼭 세워서 이동 또는 보관해 주세요. • 겨울철 제품이 얼지 않도록 실내에 보관해 주세요. ▶제품이 연결된 상태로 장기간 미사용하는 경우 확인해 주세요. • 제품의 중간밸브를 잠근 뒤 수조(물탱크) 및 직수관의 물을 제거하기 위해 물이 끊길때까지 출수해 주세요. ※얼음정수기의 경우 얼음을 모두 출빙해 주세요. ☞상담 진행은 [상담예약] 또는 [고객상담센터 ☎1600-1661]을 이용해 주세요.,,없음
정수기,사용설명서가 없어요 어떻게 확인해야하나요,"제품 구매시 공용으로 제공되는 간단설명서가 포함되어있습니다. 그외, 제품 모델별 상세사용설명서는 제품에 부착된 QR코드 접속 및 서비스 홈페이지를 통해 확인이 가능합니다. ▶서비스센터 홈페이지에서 사용설명서 확인이 가능합니다. • 서비스센터 홈페이지 접속(web/mobile) > 쉬운해결 > 제품 사용설명서 ▶제품의 QR코드를 확인해 주세요. • 모델코드가 기재되어있는 QR코드가 부착되어있어야만 QR코드 이용이 가능합니다. (제품 생산년도에 따라 차이가 있습니다.) • QR코드로 접속하여 제품 사용설명서, IOT 사용설명서, 요리가이드를 확인해보실 수 있습니다. • 모델에 따라 내용에 차이가 있을 수 있습니다. ▶QR코드로 접속하여 확인해 주세요. ①스마트폰에서 카메라를 켜고 QR코드를 비추면 상단에 알림이 표시됩니다. ②해당 알림을 클릭하여 접속해 주세요. ③사용설명서 카테고리를 선택 후 확인해주세요. ☞상담 진행은 [상담예약] 또는 [고객상담센터 ☎1600-1661]을 이용해 주세요.",,https://static.service.skmagic.com/editor/faq/ckimg/281a1cc8ae4346888c55fc976756a9ae.png|https://static.service.skmagic.com/editor/faq/ckimg/2c9afbf5c8ea4ff98110899691206fc9.png|https://static.service.skmagic.com/editor/faq/ckimg/94ac0d5ba1d040ae997348f06050f340.png
정수기,여름 휴가철 장기간 미사용 전/후 제품 관리방법,"▶ 여름철 휴가 떠나기 전 장기간 미사용 시 제품 관리 방법 입니다. ①누수 방지를 위해 중간밸브와 볼밸브를 잠궈 차단시켜 주세요. ②중간밸브와 볼밸브를 잠근 상태에서 직수정수기는 '물' 선택하여 출수한 뒤 전원 코드선을 분리해 주세요. 얼음 정수기는 '물', '얼음' 모두 선택하여 출수, 출빙한 뒤(얼음이 안나올 때 까지) 전원 코드선을 분리해 주세요. ▶ 여름철 휴가 다녀온 후 제품을 다시 사용할 시 관리 방법 입니다.(장기 미사용 후) ①중간밸브와 볼밸브를 열림 상태로 변경한 뒤 제품의 전원 코드를 연결해 주세요. ②제품 사용 전 2L이상 물을 충분히 배출한 뒤 사용해 주세요. • 자동 플러싱 가능 모델 : WPUA1100, WPUA1000, WPUJAC103, WPUJCC103, WPUIAC403 • 자동 플러싱 가능 모델의 경우, 제품 사용 전 전면 커버를 열었다 5초 후 닫아 주세요. ③직수정수기 냉수의 경우, 적정 온도에 도달하기 까지 1~2시간 가량 소요됩니다. ④직수 얼음 정수기의 얼음 생성 여부를 확인해 주세요. • 얼음 램프가 켜져있는지 확인해 주세요. • 냉수 사용량이 많을 경우 얼음 생성이 지연될 수 있습니다. 냉수 사용을 하지 않은 상태에서 2~3시간 후 얼음이 나오는지 확인해 주세요. ☞상담 진행은 [상담예약] 또는 [고객상담센터 ☎1600-1661]을 이용해 주세요.",,https://static.service.skmagic.com/editor/faq/ckimg/6326c47c2ec24752a548e30cd8e150f2.png|https://static.service.skmagic.com/editor/faq/ckimg/a1019828ba1244f8abb2fad0be7c84a2.png|https://static.service.skmagic.com/editor/faq/ckimg/8f2e9dd1ff044abc87dd36ca5e3de2c6.png|https://static.service.skmagic.com/editor/faq/ckimg/beef8958b890468b8e4c82264b1a0fb1.png|https://static.service.skmagic.com/editor/faq/ckimg/5ef26a7f7d6c4cb6813df5f47ecda0f9.png
정수기,정수기 내부에서 물 흐르는 소리가 나요,"▶냉수기능이 있는 정수기에서 물 흐르는 소리가 발생하나요? • 정수기는 냉각 상태를 만들기 위해 냉매가 들어가 있고, 냉매가 액체↔기체로 변화되는 과정에서 물 흐르는 소리가 발생합니다. • 물 흐르는 소리는 간헐적으로 발생되며, 냉수 기능을 꺼둔 상태에서는 발생하지 않습니다. ▶냉수기능이 없는 정수기에서 물 흐르는 소리가 발생하나요? • 얼음 기능이 있는 정수기는 얼음 생성을 위해 물이 유입되거나 보관중인 얼음이 녹아 발생한 물을 배수시키는 소리가 발생합니다. ※모델에 따라 내용에 차이가 있을 수 있습니다. ☞상담 진행은 [상담예약] 또는 [고객상담센터 ☎1600-1661]을 이용해 주세요.",,없음
정수기,물에서 소독약 맛 또는 냄새가 나요,"▶물에서 약품 냄새가 나는 경우 • 2-3L의 물을 코크쪽으로 충분히 출수한 후 그 다음 출수한 물에서 동일한 냄새가 나는지 확인해 주세요. ▶물에서 비린내가 나는 경우 • 비린맛은 환경적인 영향이 큽니다. 유리컵이나 도자기류컵을 사용하셨다면 종이컵을 이용하여 2번째 출수한 물로 확인해 주세요. • 쇠컵을 사용할 경우 물에서 쇠냄새를 느끼며, 플라스틱컵을 사용하면 물에서 플라스틱 냄새를 느낄 수 있습니다. 종이컵 2번째 출수 후 확인해 주세요. ▶필터 교체주기 확인합니다. • 장기간 보관 후 사용을 하거나 필터의 수명이 지난 경우 물에서 냄새가 날 수 있으므로 필터 교체를 진행해 주세요. ☞상담 진행은 [상담예약] 또는 [고객상담센터 ☎1600-1661]을 이용해 주세요.",,없음
정수기,코크 UV살균 램프를 끄고 싶어요/켜고 싶어요,"코크 UV살균 진행을 알리는 코크 부위 램프는 ON/OFF 설정이 가능합니다. ▣다음 내용을 확인해 주세요▣ ▶코크 UV살균 램프란? •UV살균시 현재 살균중이라는 표시를 나타내기 위한 알림으로 코크 LED에 백색불이 밝아졌다 어두워졌다를 반복합니다. ▶코크 UV살균 램프 ON/OFF 설정이 가능합니다. ①[살균] 또는 [UV안심케어] 버튼을 5초 이상 눌러주세요. -해당버튼이 깜박이면서 취수부에 살균 알림 LED가 켜집니다. ②취수버튼을 눌러 살균 알림 LED를 ON 또는 OFF 해주세요. -취수버튼을 누를때 마다 살균 알림 LED가 ON/OFF 됩니다. ③[살균] 또는 [UV안심케어] 버튼을 짧게 한번 눌러 설정을 완료해 주세요. -선택 후 5초 동안 다른 입력이 없으면 설정이 자동으로 완료됩니다. ☞적용모델 - 직수형정수기 (WPUA800, WPUA900, WPUA1000, WPUA1100 제외)",,https://static.service.skmagic.com/editor/faq/ckimg/bd0afda9b4af455fabeb9d91d016719e.png
정수기,"조리수밸브가 부식, 파손 됐어요",▶조리수 밸브 교체시 누수 발생 위험이 있어 자가적으로 분리 및 조립이 어렵습니다. • 안전한 조리수밸브 교체를 위해 서비스 접수를 신청해 주세요. ☞상담 진행은 [상담예약] 또는 [고객상담센터 ☎1600-1661]을 이용해 주세요.,,없음
정수기,퇴수호스가 무엇인가요/설치 방법이 궁금해요,"일부 모델은 물받이를 비우지 않고 퇴수호스를 연결하여 호스를 통해 물이 버려지도록 사용이 가능합니다. ▶퇴수호스란? • 정수기 물받이에 구멍을 뚫고 본체에 퇴수호스를 연결하여 물받이로 버려지는 물이 고이지 않고 퇴수통 또는 하수구로 버려지도록하는 부품입니다. • 퇴수호스를 설치하는 경우 호스의 길이 1.5M 내 물을 처리할 수 있는 하수구 또는 10L 이상의 일반 물을 담을 수 있는 퇴수통을 이용 하셔야 합니다. • 퇴수호스의 길이는 약 1.5M정도이며 호스 길이 연장은 불가합니다. ▶모든 정수기에 퇴수호스 설치가 가능한가요? • 스텐드형 제품에 한하여 설치 가능합니다. (단, 컴팩트형 중 WPUC400모델 가능) • 스텐드형 제품 중에서 WPUIC100, WPUIC110, WPUB600, WPUB610, WPUC500, WPUC520, WPUA800F, WPUA900F 모델에 한하여 자가 설치가 가능하며, 그 외 모델은 전문가의 방문서비스가 필요합니다. ▶퇴수호스 자가 설치 방법을 확인해 주세요. • 적용모델 : WPUIC100, WPUIC110, WPUB600, WPUB610, WPUC500, WPUC520, WPUA800F, WPUA900F ▶자가 설치가 불가한 제품의 퇴수호스 설치 신청 방법을 확인해 주세요. • 전문가의 방문 서비스가 필요하므로 [방문예약] 또는 [고객상담센터 ☎1600-1661]을 이용해 주세요. • 퇴수호스 설치 요청시 비용이 발생됩니다. ▶퇴수통 또는 퇴수호스 구매가 필요한 경우 확인해 주세요. • [부품구매] 또는 [고객상담센터 ☎1600-1661]에서 구매가 가능합니다. ☞모델에 따라 내용에 차이가 있을 수 있습니다.",,https://static.service.skmagic.com/editor/faq/ckimg/29d13648e6b645d1b8b405eeffb0dfd2.png|https://static.service.skmagic.com/editor/faq/ckimg/36c42d7a9e2b4624b9d2f000df4124f0.png
정수기,초소형 직수정수기 IOT앱 맞춤 출수 설정,"▶맞춤 출수 설정은 기본 출수온도와 용량을 변경할 수 있습니다. ①기본 온도 설정은 정수, 냉수 중 선택 가능합니다. ②기본 출수량은 최소 120ml~1L 까지 설정 가능합니다. ③기본 출수량의 숫자를 선택하면 용량2 설정 화면이 표시됩니다. 이때, 용량2 설정 화면에서 10ml단위로 용량 선택 가능합니다. ④맞춤 출수 설정을 하면 다른 기능 출수 후 일정 시간 조작이 없을 경우, 맞춤 출수 설정한 온도와 용량으로 돌아옵니다. (온도는 온수 사용후에만 맞춤설정한 온도로 자동 변경됩니다.) ▶IOT앱 맞춤 출수 설정 화면 ☞상담 진행은 [상담예약] 또는 [고객상담센터 ☎1600-1661]을 이용해 주세요.",,https://static.service.skmagic.com/editor/faq/ckimg/c3b0cdc250db42b1bfe70a87313c5b65.png
정수기,"직수관 안심케어 동작 시간을 바꾸고 싶어요 (WPUA1000C, WPUA1100C)",▶직수관안심케어란? • 일정시간 마다 전해수로 유로관을 살균해주는 기능입니다. ▶직수관 안심케어 동작시간을 확인해 주세요. • 전원코드를 분리한 뒤 다시 코드를 연결하면 ON상태가 되는 시점으로 132시간(5일+12시간)뒤 동작됩니다. ▶직수관 안심케어는 사용 빈도가 적은 시간대에 작동해 주세요. • 직수관 안심케어가 동작중일 경우 8~12분간 물을 취수할 수 없습니다. ☞상담 진행은 [상담예약] 또는 [고객상담센터 ☎1600-1661]을 이용해 주세요.,,없음
정수기,직수형정수기는 지하수에 설치가 가능한가요,"지하수 지역에는 직수형 정수기 설치 및 사용이 불가하므로 아래 내용을 확인해 주세요. ▶지하수 지역에서 정수기를 사용해야하나요? • 지하수에는 석회질 등 음용수로 사용시 걸러야하는 물질이 있어 RO필터가 장착된 역삼투압 정수기를 설치하여 사용 가능합니다. • 역삼투압 정수기는 모두 탱크형으로 이루어져 있어 지하수 지역에서 직수형 정수기 사용은 불가합니다. • 역삼투압 정수기는 원수 대비 30%만 정수되어 저수 물량이 적은편으로 조리수 밸브 추가 설치는 불가합니다. ▶SK매직 역삼투압 정수기 제품을 확인해 주세요. • SK매직 역삼투압 정수기는 WPU1ROC, WPU6510, WPU6530, WPU6540, WPU6570, WPUB400, WPUB410, WPUC520, WPUB610가 있습니다. • 역삼투압 정수기는 지하수, 상수도 지역 모두 설치하여 사용 가능합니다. ☞상담 진행은 [상담예약] 또는 [고객상담센터 ☎1600-1661]을 이용해 주세요.",,없음
정수기,초소형 직수정수기 출수 용량이 달라요.,"▶자사 직수정수기 모두 출수 용량 ±10~15% 이내 적용 되고 있습니다. • 출수량은 설치 환경 (전압/수압)에 따라 편차가 발생할 수 있습니다. ▶환경적 요인을 확인해 주세요. • 수압이 낮은 환경에서 사용할 경우 용량보다 적게 나올 수 있습니다. • 동시 수도 사용시(싱크대, 화장실, 세탁기, 식기세척기 등) 용량보다 적게 나올 수 있습니다. • 전압 환경(벽 콘센트 사용 유무, 220V전압)을 확인해 주세요. ☞상담 진행은 [상담예약] 또는 [고객상담센터 ☎1600-1661]을 이용해 주세요.","[표1] | WPUJAC104, WPUJCC104 출수량 편차 예시 |  | | --- | --- | | 한컵(120ml) | 102ml~138ml | | 250ml | 212ml~288ml | | 550ml | 468ml~633ml | | 1L | 850ml~1150ml |",없음
정수기,WPUJAC103 온수가 안 나와요.,"▶온수 잠금 상태일 경우, 상단 [잠금]에 불이 들어오고 전면 [온수]가 선택이 안되며 '띵띵' 소리가 납니다. ▶온수 잠금 해제 방법 ①상단 [잠금] 버튼을 3초간 길게 눌러주세요. ②전면 [온수] 버튼을 선택해 주세요. ③상단 [잠금] 버튼을 한번 더 선택하거나, 7초간 기다리면 잠금 해제됩니다. ※전원코드 분리 후 10초 뒤 다시 전원을 켤 경우에도 잠금은 해제됩니다. ☞상담 진행은 [상담예약] 또는 [고객상담센터 ☎1600-1661]을 이용해 주세요.",,https://static.service.skmagic.com/editor/faq/ckimg/eafc0c51a4df44b7a6ec952093853440.png
정수기,"얼음 가득 램프에 불이 안들어와요 (WPUIC100F, WPUIC110F)","▶아이스룸은 상온 상태로 먼저 만들어진 얼음은 녹아서 물로 배출됩니다. • 녹은 얼음이 물로 배출되면서, [가득]램프 센서에 얼음이 닿지 않아 점등되지 않을 수 있습니다. • 얼음이 지속 출빙 된다면 제품은 정상입니다. ☞상담 진행은 [상담예약] 또는 [고객상담센터 ☎1600-1661]을 이용해 주세요.",,없음
정수기,WPUIAC403 원코크 얼음물 정수기 출수량이 달라요.,"▶표시되어 있는 용량과 출수량이 달라요. • SK매직의 모든 직수정수기는 출수 용량이 ±10% 이내 적용되고 있습니다. • 출수량은 설치 환경(전압/수압)에 따라 편차가 발생할 수있습니다. ▶환경적 요인을 확인해 주세요. • 수압이 낮은 환경에서 사용할 경우 용량보다 적게 나올 수 있습니다. • 동시 수도 사용 시(싱크대, 화장실, 세탁기, 식기세척기 등) 용량보다 적게 나올 수 있습니다. • 전압 환경(벽 콘센트 사용유/무, 220V전압)을 확인해 주세요. ☞상담 진행은 [상담예약] 또는 [고객상담센터 ☎1600-1661]을 이용해 주세요.",,https://static.service.skmagic.com/editor/faq/ckimg/20c47b5c1667468db9a4fb77c962c28a.png
제빙기,얼음 또는 내부에서 이물질이 나와요,"깨끗한 얼음생성을 위해서는 주기적인 필터교체 및 제품 내부 청소가 필요합니다. ▶ 정수기 또는 제빙기 전용필터의 교체주기에 맞춰 필터를 교체해 주세요. ( 구독 로 사용시 교체주기에 맞춰 방문드리고 있습니다.) • 내부 부속품 또는 얼음보관통을 주기적으로 청소해 주세요. • [ 셀프클린] 또는 [WASH] 모드를 이용하여 내부의 얼음생성부를 청소해주세요. ※제빙기 청소방법이 알고 싶다면? [소형 제빙기 청소는 어떻게 해야하나요 (CIM010, CIM012, CIM015, CIM020)] ← 바로가기 클릭 [제빙기 청소는 어떻게 해야하나요 (SIM015, CIM035, CIM050, CIM100)] ← 바로가기 클릭 [제빙기 청소는 어떻게 해야하나요 (CIM200, CIM300)] ← 바로가기 클릭 ☞상담 진행은 [상담예약] 또는 [고객상담센터 ☎1600-1661]을 이용해 주세요.",,없음
정수기,코크에 이물질이 있어요/코크 청소 방법이 궁금해요,"▶코크가 오염되는 이유를 확인해 주세요. • 커피나 차종류, 컵라면 등 물을 출수하면서 낙차에 의해 음식물이 튀면서 코크가 오염됩니다. • 출수 후 코크에 물이 소량 맺혀있는 상태로 공기중의 먼지가 붙어 오염됩니다. ▶코크 청소 방법을 확인해 주세요. • 적용모델 : WPUGBC102 ①코크를 왼쪽으로 돌려 분리해 주세요. ②코크와 코크 내부의 부품을 분리하여 흐르는 물에 청소해 주세요. ③건조된 코크와 내부의 부품을 잘 맞춰 조립한 뒤 정수기에 장착 후 약 30초 이상 물을 출수하여 버리고 사용해 주세요. • 적용모델 : WPUIAC302 ①코크를 왼쪽으로 돌려 분리해 주세요. ②코크를 흐르는 물에 청소해 주세요. • 적용모델 : 그외 모델 ①부드러운 천으로 코크 외관을 닦아주시고, 면봉 또는 브러쉬를 이용하여 코크 안쪽까지 깨끗하게 청소를 진행해 주세요. ②청소 이후 약 30초 이상 물을 출수하여 버리고 사용해 주세요. ☞상담 진행은 [상담예약] 또는 [고객상담센터 ☎1600-1661]을 이용해 주세요.",,https://static.service.skmagic.com/editor/faq/ckimg/e1051e467ba348cf838d3d82a0e85c29.png
정수기,UV안심케어 알림 램프 ON/OFF 설정 방법이 궁금해요,"▶UY안심케어 램프란? • UV안심케어 진행을 알리는 LED 램프입니다. • UV안심케어가 진행될 때는 백색으로 점등되며 제품에 따라 점등 위치가 상이합니다. ▶UV안심케어 알림 LED ON/OFF 방법을 확인해 주세요. • 적용모델 : WPUI100, WPUI110, WPUI120, WPUI130, WPUI200, WPUI210, WPUI220, WPUI230 ①[550ml]버튼과 [UV안심케어]버튼을 동시에 5초 이상 누르면 두개 버튼의 램프가 점멸하며 스노우폴 LED가 점등됩니다. ②[출수]버튼을 누를 때마다 껴짐→꺼짐순으로 밝기가 변경됩니다. ③원하는 설정으로 고정한 뒤 [550ml]+[UV안심케어] 버튼을 동시에 5초 이상 누르거나 7초간 조작이 없는 경우 자동으로 설정이 완료됩니다. • 적용모델 : WPUA500,WPUA600, WPUA601, WPUA610, WPUA700, WPUA701, WPUA710 ①[UV안심케어] 버튼을 5초이상 길게 누르면 [UV안심케어]버튼 램프가 점멸하고 라이팅 바 LED가 점등됩니다. ②[출수]버튼을 누를 때마다 껴짐→꺼짐순으로 밝기가 변경됩니다. ③원하는 밝기로 고정한 뒤 [UV안심케어]버튼을 1회 누르거나 5초간 조작이 없는 경우 설정이 완료됩니다. ☞모델에 따라 내용에 차이가 있을 수 있습니다. ☞상담 진행은 [상담예약] 또는 [고객상담센터 ☎1600-1661]을 이용해 주세요.",,https://static.service.skmagic.com/editor/faq/ckimg/1792e37ca6bd40de81a8b753b8065f15.png
정수기,조리수밸브 분리 후 싱크대에 뚫려있는 구멍은 어떻게 막아야 하나요?,조리수 밸브는 싱크대에 구멍을 뚫고 호스를 연결하여 설치합니다. ▶조리수밸브 분리 후 싱크대에 구멍이 뚫려있나요? • 싱크홀 커버를 별도로 구매하여 싱크대의 구멍을 막아 사용해 주세요. ☞부품 구매는 [부품구매] 또는 [고객상담센터 ☎1600-1661]을 이용해 주세요.,,https://static.service.skmagic.com/editor/faq/ckimg/4480622014f5457a8906b827db340069.png
정수기,초소형 직수정수기 직수관케어 주기 및 작동 방법,"▶직수관케어 작동 주기 • 전원 코드 연결 후 5일+12시간(132시간)→ 4분 동작 → 5일(120시간) → 4분 동작 ▶직수관케어 작동 방법 ①직수관케어는 초기설치 또는 전원 코드를 연결한 시점부터 5일+12시간(132시간) 작동되며, 이후 5일마다 주기적으로 5일(120시간)마다 작동됩니다. ②직수관케어중에는 모든 기능이 작동되지 않으므로, 케어가 완료된 후 정수기를 사용해 주세요. (단, 냉수는 1-2시간 후 사용해 주세요.) ③직수관케어케어는 약 4분정도 진행되며, 배수량은 2000ml 정도 됩니다. ④[직수관케어]버튼을 3초이상 누르면 수동으로 진행됩니다. ☞상담 진행은 [상담예약] 또는 [고객상담센터 ☎1600-1661]을 이용해 주세요.",,https://static.service.skmagic.com/editor/faq/ckimg/701041bf2e694e959af2b93a16959b5a.png|https://static.service.skmagic.com/editor/faq/ckimg/404c27cc4902400ab6d64d40275aedf4.png
정수기,본체 일체형 볼밸브 위치 및 열림상태인지 궁금해요,"필터 교체 직후 물이 안 나오거나 졸졸 나오는 경우 반드시 볼밸브 열림 상태인지 확인해 주세요. ▶적용모델 WPUGBC102, WPUGBC112 • 볼밸브 위치 : 우측 커버 분리 ▶적용모델 WPUB300, WPUB400 • 볼밸브 위치 : 후면 ▶적용모델 WPU2100, WPU2200 • 볼밸브 위치 : 후면 ☞상담 진행은 [상담예약] 또는 [고객상담센터 ☎1600-1661]을 이용해 주세요.",,https://static.service.skmagic.com/editor/faq/ckimg/6d362511616b40548afc03da6c4cca30.png|https://static.service.skmagic.com/editor/faq/ckimg/ed4645632f73413cbb09281ca75946d6.png|https://static.service.skmagic.com/editor/faq/ckimg/0a3cf955b0fd4eab9d22d64ae08e6b2e.png
정수기,"원코크 얼음물 정수기 모델별 차이점 비교(WPUIAC403, WPUIAC414)","▶원코크 얼음물 정수기 모델별 차이점 비교(사양, 스펙) ☞상담 진행은 [상담예약] 또는 [고객상담센터 ☎1600-1661]을 이용해 주세요.",[표1] | 구분 | WPUIAC403(원코크 얼음물 정수기) | WPUIAC414(원코크 얼음물 정수기) | | --- | --- | --- | | 외관 이미지 | https://static.service.skmagic.com/editor/faq/ckimg/c225c06870aa4e099cbb630ffb38f420.png | https://static.service.skmagic.com/editor/faq/ckimg/7c9b23f2d0964a1bb2d5b4667949c7eb.png | | 전면부 | https://static.service.skmagic.com/editor/faq/ckimg/77c862ed5fef470e8b7a10fbc01b0cb8.png | https://static.service.skmagic.com/editor/faq/ckimg/0c2f773b55984beaa505bfd522f60569.png | | 연장코크 | https://static.service.skmagic.com/editor/faq/ckimg/9ebde0cd0d2a408d9c3c09b4f62c768b.png | https://static.service.skmagic.com/editor/faq/ckimg/be5e996eb5aa4c688bd32ce3eac772c9.png |,https://static.service.skmagic.com/editor/faq/ckimg/c225c06870aa4e099cbb630ffb38f420.png|https://static.service.skmagic.com/editor/faq/ckimg/7c9b23f2d0964a1bb2d5b4667949c7eb.png|https://static.service.skmagic.com/editor/faq/ckimg/77c862ed5fef470e8b7a10fbc01b0cb8.png|https://static.service.skmagic.com/editor/faq/ckimg/0c2f773b55984beaa505bfd522f60569.png|https://static.service.skmagic.com/editor/faq/ckimg/9ebde0cd0d2a408d9c3c09b4f62c768b.png|https://static.service.skmagic.com/editor/faq/ckimg/be5e996eb5aa4c688bd32ce3eac772c9.png
정수기,"정수 물줄기와 냉,온수 물줄기가 달라요 (WPUIC100F, WPUIC110F)","해당 제품은 정수와 냉,온수의 출수 방식이 상이하여 물줄기가 다를 수 있습니다. ▶정수와 냉, 온수 물줄기가 다른가요? • 냉수와 온수는 탱크형으로 설치 환경, 수압에 영향이 없지만 정수는 직수형으로 설치 환경, 수압에 따라 물줄기가 다를 수 있습니다. • 정수는 직수형으로 설치환경, 수압에 영향을 받아 약하게 나올 수 있습니다. ☞상담 진행은 [상담예약] 또는 [고객상담센터 ☎1600-1661]을 이용해 주세요.",,없음
정수기,IoT 연결 가능한 조건이 있나요,"▶원활한 IOT 사용을 위해 아래 내용을 확인해 주세요. • 구독이용자의 경우 설치한 다음날부터 IoT연결이 가능하며 사용자로 저장된 연락처의 휴대폰으로 연결이 가능합니다. 단, 일반제품은 당일 및 다른 연락처로 연결 가능합니다. • IOT 사용이 가능한 모델이라면 'SK매직 서비스센터' 어플을 다운받아 주세요. 모델에 따라 어플이 다를 수 있습니다. • 연결하려는 장소에 반드시 비밀번호가 설정된 2.4G 와이파이가 있어야합니다. 5G 환경에서는 연결 상태가 불안정 하여 사용이 불가합니다. • 연결하려는 와이파이의 강도가 안정적인지 확인해 주세요. • 연결하려는 가전의 와이파이 기능을 ON 시켜 와이파이 램프가 점등되는지 확인해 주세요. • 연결을 진행하는 경우 가전과 와이파이공유기와 휴대폰 3가지가 10M 이내에 함께 있는 경우 연결이 가능합니다. • 인터넷 공유기이더라도 UPD 검색 기능을 막는 경우, 가전 등록이 불가능합니다. • 인터넷 공유기 설정에서 공유기에 연결되는 와이파이 지원기기의 IP를 지정하여 할당할 경우 가전등록이 불가능합니다. ☞모델에 따라 내용에 차이가 있을 수 있습니다. ☞상담 진행은 [상담예약] 또는 [고객상담센터 ☎1600-1661]을 이용해 주세요.",,없음
정수기,"스스로 직수정수기 메모리 기능은 어떻게 설정해야하나요 (WPUA1000, WPUA1100)",▶메모리 기능 설정 방법입니다. ①출수온도(냉수/정수/온수) 및 출수량(한컵/250ml/550ml/연속) 을 선택해 주세요. ②[메모리]버튼을 5초이상 눌러주세요. ③설정이 완료되면 [메모리]버튼 램프가 켜집니다. ④메모리기능 사용시 설정해둔 메모리버튼 누른 후 출수버튼을 눌러 사용해 주세요. ▶메모리 기능 사용 방법입니다. • 메모리기능 사용시 설정해둔 메모리버튼 누른 후 출수버튼을 눌러 사용해 주세요. • [메모리]버튼을 누른 후 7초동안 동작이 없으면 이전 상태로 돌아갑니다. ▶설정된 메모리 기능 삭제 방법입니다. • 설정된 [메모리] 버튼을 5초이상 누르면 저장되어있던 메모리 기능은 삭제됩니다. 삭제시 부저음과 함께 메모리 LED가 소등됩니다. ☞상담 진행은 [상담예약] 또는 [고객상담센터 ☎1600-1661]을 이용해 주세요.,,없음
정수기,정수기 에너지효율 등급은?,"▶정수기는 냉수와 온수 기능이 있는 모델에 한해 에너지 효율등급이 적용됩니다. ※ WPUA500 (온수+정수), WPUA600 (냉수+정수) 제품처럼 냉수 또는 온수 한가지 기능만 있는 제품은 에너지효율등급 제외 대상입니다. ☞상담 진행은 [상담예약] 또는 [고객상담센터 ☎1600-1661]을 이용해 주세요.",,https://static.service.skmagic.com/editor/faq/ckimg/fede120d6bb34941b3781f447db01030.png
정수기,얼음이 녹으니 하얀 알갱이(이물질)가 있어요,"▶물을 끓이거나 얼음이 얼었다 녹는등 온도 변화 이후 하얀 알갱이 또는 가루가 생기나요? •S K매직 정수기는 수돗물의 성분 중 유해한 물질은 걸러주되 칼슘, 칼륨, 마그네슘과 같은 미네랄 성분은 통과시켜줍니다. (단, 역삼투압은 미네랄도 걸러집니다.) • 미네랄 성분 중 칼슘, 마그네슘은 열이 가해지거나, 얼렸을때 탄산 이온과 반응하여 하얀색 가루형태로 변화가 생기지만 인체에 무해한 성분입니다. • 음식을 통해 보충해야하는 미네랄 성분을 물을 마시면서 자연적으로 섭취할 수 있습니다. ☞상담 진행은 [상담예약] 또는 [고객상담센터 ☎1600-1661]을 이용해 주세요.",,없음
정수기,정수기 물받이가 파손됐어요,"정수기 물받이는 부품만 구매하시어 자가적으로 교체가 가능합니다. ▶물받이 구매가 필요한가요? • 물받이는 자석 또는 홈에 맞춰 설치하는 방식으로 손쉽게 탈착이 가능합니다. • 물받이 구매는 [서비스센터 홈페이지-부품구매] 또는 [고객상담센터 ☎1600-1661]을 이용해 주세요.(단, 일부모델은 상담센터를 통해서만 구매가 가능) • WPUA800F, WPUA900F, WPUC500, C520, WPUB600, B610, WPUC400 모델인 경우 퇴수호스 설치 여부에 따라 물받이 구멍 유무를 선택하여 구매해 주세요. ☞모델에 따라 내용에 차이가 있을 수 있습니다.",,https://static.service.skmagic.com/editor/faq/ckimg/0bd04fa31cd449b9ae50ab2a486dc83c.png
정수기,얼음이 저절로 나와요 (올인원직수얼음정수기),"▶출빙버튼을 누르지 않아도 얼음이 저절로 나오는 경우는 서비스 점검이 필요합니다. 단, 이전 출빙시 내부 입구에 걸려있었던 얼음이 녹으면서 한두개가 저절로 떨어지는 증상이 발생될 수 있습니다. ▣추가 문의가 있으신가요?▣ ☞ 서비스 홈페이지 접속 → 상담예약 → [온라인상담/상담예약] 메뉴를 이용해 보세요. 서비스 접수 요청시 고객상담센터(☎1600-1661) 또는 서비스 홈페이지 → [방문예약] 메뉴를 통해 신청해 주세요.",,없음
정수기,"코크 UV살균 안심케어는 언제, 어떻게 작동하나요?",▶코크 UV살균 안심케어란? • 외부와 직접 접촉되는 코크부위까지 UV(자외선)램프를 이용해 99%이상 세균을 제거하는 기능입니다. ▶코크 UV살균 안심케어 작동시간을 확인해 주세요. • 적용모델 : WPU2200 • 코크 UV살균 안심케어는 출수 후 15분 작동하며 이후 2시간마다 10분씩 자동으로 작동됩니다. • 코크 UV살균 안심케어 기능은 끌 수 없습니다. • 적용모델 : 그 외 모델 • 코크 UV살균 안심케어는 출수 후 30분 작동하며 이후 2시간마다 10분씩 자동으로 작동됩니다. • 코크 UV살균 안심케어 기능은 자동 살균 기능을 ON/OFF 할 수 있습니다. ▶아이스룸 UV살균 안심케어 수동 작동 방법을 확인해 주세요. • 적용모델 : WPUIAC302 • 전면의 [UV케어]버튼을 누르면 코크와 아이스룸 UV살균이 동시에 시작됩니다. ☞모델에 따라 내용에 차이가 있을 수 있습니다. 정확한 내용은 제품별 사용설명서를 참고해 주세요. ☞상담 진행은 [상담예약] 또는 [고객상담센터 ☎1600-1661]을 이용해 주세요.,,https://static.service.skmagic.com/editor/faq/ckimg/f802b261f31a4b71a542ad3e46620e7d.png
정수기,"WPUIAC403 고온수 물 출수되는 시간이 오래 걸려요, 물줄기가 가늘어요.","직수형 온수는 순간 온수가열 방식 으로 냉수/정수에 비해 출수 속도가 느리며, 물줄기가 가늘고 약하게 출수 됩니다. 급수 온도와 설치 환경에 따라 출수 시간의 차이가 있을 수 있습니다. ▶ 물이 나오는 출수구가 작아 물줄기가 가늘고, 출수되는 속도가 느립니다. • 냉수/정수에 비해 온수/고온수 출수시 물이 나오는 출수구가 작아 물줄기가 가늘고 출수 속도가 느립니다. • 고온수의 경우 온수보다 더욱 높은 온도로 가열되기 때문에 물줄기가 더 가늘고 느리게 출수 됩니다. • 냉수/정수 출수구에 비해 온수/고온수의 출수구가 작은 이유는 가열된 물의 온도를 유지하기 위함입니다. ▶약 3시간 가량 온수를 사용하지 않은 상태에서, 고온수를 사용할 경우 가열되기까지 시간이 다소 소요됩니다. • 전원 코드를 분리한 뒤 다시 연결할 경우 또는 정전 이후엔, 3~4잔까지는 출수되는 시간이 오래 걸릴 수 있습니다. ☞상담 진행은 [상담예약] 또는 [고객상담센터 ☎1600-1661]을 이용해 주세요.",,https://static.service.skmagic.com/editor/faq/ckimg/81cf63e920aa464aa8d2b8fbeb987cec.png|https://static.service.skmagic.com/editor/faq/ckimg/8659d027d8334da382dfdec54656d8f7.png
정수기,WPUIAC403 원코크 얼음물 정수기 잠금 설정 방법,"▶잠금설정 방법 ①[잠금]버튼을 3초간 길게 누르면, [잠금]설정이 가능한 버튼에 램프가 켜집니다. ②[잠금]설정 할 기능을 선택합니다. 이때, 선택한 기능의 램프가 깜빡입니다. ③마지막으로 [잠금]버튼을 선택하면 [잠금] 램프가 켜지며, 선택한 기능의 잠금 설정이 완료됩니다. • [잠금]설정은 온수, 냉수, 직수관케어, UV케어, 얼음 기능만 설정 가능합니다. ※단, [얼음]잠금 설정시 [얼음물]기능도 함께 잠금 설정됩니다. ▶잠금해제 방법 ①[잠금]버튼을 3초간 길게 누르면 [잠금]해제가 가능한 버튼에 램프가 깜짝입니다. ②[잠금]해제 할 기능을 선택합니다. 이때, 선택한 기능의 램프가 깜빡입니다. ③마지막으로 [잠금]버튼을 누르면, 선택한 기능의 잠금해제가 완료됩니다. ☞상담 진행은 [상담예약] 또는 [고객상담센터 ☎1600-1661]을 이용해 주세요.",,https://static.service.skmagic.com/editor/faq/ckimg/f75516f2ea314d1d8cca6a3adf53df8f.png|https://static.service.skmagic.com/editor/faq/ckimg/b0b4877a676640bfb5a6080f7c699587.png
정수기,정수기 물받이에서 물이 넘쳐요,"정수기 물받이에 구멍이 뚫려 있는지 또는 배수호스가 연결되어 있는지 먼저 확인해 주세요. ▶물받이 구멍을 확인해 주세요. • 물받이에 구멍이 뚫려있는 경우, 구멍이 막혀 배수가 안될수 있음으로 물받이 분리 후 청소해 주세요. • 물받이 배수필터가 있는 경우, 솔을 이용하여 청소해 주세요. ※물받이 배수필터 적용 모델 WPUA800, WPUA900, WPUC500, WPUC520, WPUB600, WPUB610 ▶배수호스가 꺾여 있는지 확인해 주세요. • 배수호스가 하수구로 연결되어 있다면, 하수구 막힘은 없는지 확인해 주세요. ▶배수통을 확인해 주세요. •배수통 사용시 배수통을 비워주시고, 배수호스보다 배수통 위치가 낮게 설치되었는지 확인해 주세요. ☞상담 진행은 [상담예약] 또는 [고객상담센터 ☎1600-1661]을 이용해 주세요.",,https://static.service.skmagic.com/editor/faq/ckimg/4180e6ce30b9436b99c67c3f97ea6f39.png
정수기,버튼을 누르지 않아도 저절로 물이 나와요,▶취수버튼을 누르지 않았으나 물이 저절로 나오는 경우는 버튼 오동작으로 서비스 점검이 필요합니다. ☞서비스 접수는 [방문예약] 상담 진행은 [상담예약] 또는 [고객상담센터 ☎1600-1661]을 이용해 주세요.,,없음
정수기,해외에서 정수기 사용이 가능한가요,"▶국내용 제품은 해외에서는 사용이 불가합니다. • 정수기 필터 및 내부 부품은 국내 사용에 적합하도록 나온 국내 전용 제품입니다. • 설치 부품도 국내 규격화 된 사이즈로 해외에서는 설치가 불가 할 수 있습니다. • 국내 220V, 60HZ 전압과 주파수가 맞지 않을 경우 제품 고장 및 안전사고 발생의 원인이 될수 있습니다. • 해외에서 사용 중 제품의 문제 발생시 AS 및 처리가 불가합니다. ☞상담 진행은 [상담예약] 또는 [고객상담센터 ☎1600-1661]을 이용해 주세요.",,없음
정수기,초소형 직수정수기 IOT앱을 통해 설정 가능한 기능은 무엇인가요?,▶IOT앱을 통해 설정 가능한 기능입니다. ①유아수 온도 조절 기능 ②안심알람 설정 기능 [바로보기] ③맞춤 출수 설정 기능 [바로보기] ④취침모드 [바로보기] ⑤직수관케어 작동 시간 설정 [바로보기] ⑥UV케어 기능 ON/OFF 설정 (자동/수동) [바로보기] ⑦밝기 조절(출수구LED) 방법(제품 강↔약 설정 가능/OFF설정 불가) [바로보기] ☞상담 진행은 [상담예약] 또는 [고객상담센터 ☎1600-1661]을 이용해 주세요.,,https://static.service.skmagic.com/editor/faq/ckimg/5c375ec7bfb3426698a54b6e9fb385f6.png
정수기,조리수 또는 정수물이 차갑거나 뜨거워요,"조리수와 정수는 냉,온수와 달리 수돗물이 필터만 거쳐 출수되기 때문에 수돗물 원수 온도의 영향을 받습니다. ▶조리수와 정수물이 뜨겁거나 차가운 경우 확인해 주세요. • 정수는 물을 냉각시키거나 가열하는 과정 없이 필터만 통과하여 출수되는 물로 외부 온도의 영향을 받아 겨울철은 차갑게, 여름철은 뜨겁게 출수될 수 있습니다 • 필터 또는 직수관로 등에 고여있는 물도 외부 온도에 영향을 받아 처음 한 두잔의 물을 따라낸 뒤 출수하면 적정 정수 온도로 사용이 가능합니다. • 정수물은 정수 버튼과 조리수를 통해 출수됩니다. ☞상담 진행은 [상담예약] 또는 [고객상담센터 ☎1600-1661]을 이용해 주세요.",,없음
정수기,WPUIAC403 원코크 얼음물 정수기 부저음(음소거) ON/OFF 설정 방법,▶[용량]버튼을 3초간 길게 누를 때 마다 부저음(음소거) 기능을 ON/OFF 할 수 있습니다. ☞상담 진행은 [상담예약] 또는 [고객상담센터 ☎1600-1661]을 이용해 주세요.,,https://static.service.skmagic.com/editor/faq/ckimg/2ce03add23f24b4fa38dde97cc1dc406.png
정수기,WPUIAC403 원코크 얼음물 정수기 필터 자가교체 방법,▶필터교체 전 급수 상태와 전원 공급을 확인해 주세요. ▶필터 교체 방법 ☞상담 진행은 [상담예약] 또는 [고객상담센터 ☎1600-1661]을 이용해 주세요.,,https://static.service.skmagic.com/editor/faq/ckimg/22ad6fa9aac146b081dfdd9de7287a6d.png|https://static.service.skmagic.com/editor/faq/ckimg/e993905990544aad99e806da96ba1fca.png
정수기,본체 외관 및 코크가 파손됐어요,"▶제품 외관 및 코크 파손은 서비스 점검이 필요합니다. • 제품 외관 및 코크는 자가적으로 분리 및 조립이 불가합니다. 단, 물받이는 별도로 부속품만 구매하실 수 있습니다. ☞상담 진행은 [상담예약] 또는 [고객상담센터 ☎1600-1661]을 이용해 주세요.",,없음
정수기,초소형 직수정수기 IOT앱 취침모드 사용방법,"▶취침모드란? • 취침모드를 실행하면 설정한 시간에 코크부 하단 조명과 버튼음이 OFF됩니다. (출수버튼은 OFF되지 않습니다.) • 취침모드가 진행될 때 출수할 경우, 하단 조명이 ON되었다가 출수가 완료되면 약 7~8초 뒤 다시 OFF됩니다. ※내부 서버 상태에 따라 약간의 시간 차이가 있을 수 있습니다. ▶IOT앱 취침모드 화면 ☞상담 진행은 [상담예약] 또는 [고객상담센터 ☎1600-1661]을 이용해 주세요.",,https://static.service.skmagic.com/editor/faq/ckimg/1c8983fed3684bf49a747d1f3b3d5d9a.png|https://static.service.skmagic.com/editor/faq/ckimg/9b87dc42905543bea1058b96dc04deec.png
정수기,방열팬 및 방열팬필터 청소 방법이 궁금해요,▶방열팬과 방열팬 필터 청소가 필요하신가요? ①청소 전 반드시 제품의 전원을 OFF시키고 전원코드선을 분리한 상태로 진행해 주세요. ②제품의 상부 커버의 열어주세요. (아래 이미지 참고) ③방역팬필터를 꺼내 흐르는 물에 깨끗히 세척 후 건조해 주세요.(아래 이미지 참고) ④제품 뒷면에 방역팬커버를 일자드라이버등을 이용하여 지랫대 형식으로 밀어서 열어준 다음 팬에 묻은 이물을 제거해 주세요. (아래 이미지 참고) ⑤분리한 역순으로 조립하여 전원코드선 연결 후 사용해 주세요. ☞모델에 따라 내용에 차이가 있을 수 있습니다. 상담 진행은 [상담예약] 또는 [고객상담센터 ☎1600-1661]을 이용해 주세요.,,https://static.service.skmagic.com/editor/faq/ckimg/96f93bef5da3406789bb8133d0ca43d9.png|https://static.service.skmagic.com/editor/faq/ckimg/cbfbee49e167494da7b96313c073922e.png|https://static.service.skmagic.com/editor/faq/ckimg/e2967627b0534a62acf41c1b518f489c.png
정수기,정수기에서 타는냄새가 나요,"▶멀티콘센트 사용시 정격용량 250V, 16A 이상인지 확인 후, 멀티콘센트를 교체하여 사용해 주세요. • 순간온수 직수정수기의 경우 멀티콘센트의 정격용량이 맞지 않으면 콘센트에 그을림 발생 또는 타는 냄새가 날 수 있습니다. • 제품에서 타는 냄새가 발생된다면 안전을 위하여 전원코드를 분리한 후 서비스 접수를 진행해 주세요. ☞서비스 접수는 [방문예약] 상담 진행은 [상담예약] 또는 [고객상담센터 ☎1600-1661]을 이용해 주세요.",,없음
정수기,배수호스가 무엇인가요/설치 가능한 모델이 궁금해요,"▶배수호스란? • 필터를 통과하지 못한 물이나 얼음이 녹아 생긴 물, 필터 세척 후 배출되는 물등을 제품 뒷면의 호스로 연결하여 배수시키는 호스입니다. ▶배수호스와 퇴수호스는 무엇이 다른가요? • 배수호스는 제품이 작동하며 발생하는 물을 자동으로 배수시키는 호스라면, 퇴수호스는 물받이에 연결하여 물받이를 비우지 않고 자동으로 버려지도록 설치하는 호스입니다. ▶배수호스 설치가 가능한 모델을 확인해 주세요. ☞상담 진행은 [상담예약] 또는 [고객상담센터 ☎1600-1661]을 이용해 주세요.","[표1] | 배수호스 설치 가능 모델 | | --- | | WPU1ROCA02, WPUA1000, WPUA1100 WPUI100 WPUI110,WPUI120, WPUI130 WPUI200, WPUI210, WPUI220, WPUI230 WPUIC100,WPUIC110,WPUC520F, WPU6570F WPU6510, WPU6530, WPU6540, WPUB400 WPUB410, WPUB610F |",https://static.service.skmagic.com/editor/faq/ckimg/9e9f5ad55fce437e86efe31e831c8a92.png
정수기,"출수 버튼이 뻑뻑해요 (WPUA1000, WPUA1100)","출수 버튼이 뻑뻑하고 잘 눌러지지 않을 때 버튼부 청소가 필요합니다. ▶가로 형태의 출수 버튼이 뻑뻑하고 잘 눌리지 않는 경우 버튼 위치를 확인해 주세요. • 적용모델 : WPUA1000, WPUA1100 • 출수 버튼의 가운데 위치가 아닌 양 옆쪽으로 누르는 경우 뻑뻑함이 느껴질 수 있습니다. 출수버튼 가운데를 눌러 사용해 주세요. ▶터치식 버튼이 간헐적으로 눌리지 않을 경우 확인해 주세요. • 손가락의 지문 부위로 정확한 터치 버튼을 눌러 확인해 주세요. • 버튼 조작부에 이물질이 묻어 있는 경우 청소 후 사용해 주세요. ☞상담 진행은 [상담예약] 또는 [고객상담센터 ☎1600-1661]을 이용해 주세요.",,https://static.service.skmagic.com/editor/faq/ckimg/0920d3cc44d7456da7728f1dfe043624.png
정수기,정수기를 커피자판기 또는 냉장고와 연결하고 싶어요,"▶정수기에서 호스선을 빼주는 작업은 가능하나, 타제품과 연결 설치는 불가합니다. • 조리수밸브 설치가 불가한 모델은 호스선을 빼는 작업도 불가합니다. • 조리수밸브 설치가 가능한 모델이라도 조리수밸브와 타제품 중복 설치는 불가합니다. ▶조리수밸브 설치 불가 모델 • 중공사막(상수도)제품 : WPUB600, WPUC500, WPU6701, WPUC400, WPU1100, WPUIC100, WPUIC110 • 역삼투압(지하수, RO필터) 제품 : WPUB610, WPUC520, WPU6570F, WPU1ROCA02, WPUB400, WPUB410 ☞상담 진행은 [상담예약] 또는 [고객상담센터 ☎1600-1661]을 이용해 주세요.",,없음
정수기,냉수가 미지근 해요. (WPUB100),"▶냉수 램프를 확인해 주세요. • 냉수 램프가 OFF되어 있다면, 본체 뒷면 냉수(전원)버튼을 ON상태로 변경한 뒤 1시간 후 냉수 온도를 확인해 주세요. ▶냉수 사용량을 확인해 주세요. • 사용량이 많았거나, 한 번에 1L이상 많은 양의 물을 사용했을 경우 냉수가 채워지고 차가워지는데 까지 다소 시간이 소요됩니다. 1시간 이후 냉수 온도를 확인해 주세요. ▶두 번째 잔으로 냉수 온도를 확인해 주세요. • 냉수를 사용하지 않은 상태에서 물을 출수 할 경우, 냉수 온도가 상승하여 첫 잔은 미지근 할 수 있음으로 두 번째 잔으로 냉수 온도를 확인해 주세요. ▶정수기와 벽면 거리를 확인해 주세요. • 정수기에서 발생하는 열기가 순환되지 못하면 제품이 과열되어 냉수가 미지근하게 나올 수 있습니다. • 정수기 뒷면, 옆면과 벽면거리는 최소 10cm~15cm이상 되어야 하므로 설치 환경을 확인해 주세요. ☞상담 진행은 [상담예약] 또는 [고객상담센터 ☎1600-1661]을 이용해 주세요.",,https://static.service.skmagic.com/editor/faq/ckimg/7ac505984a80495dbdb584f83f1beb45.png
정수기,얼음정수기 아이스룸(얼음보관통) 재질이 궁금해요,"아이스룸(얼음보관통)은 무독성 재질인, LDPE(저밀도폴리에틸렌)재질을 사용하여 환경호르몬으로부터 안전합니다. 안심하고 사용하셔도 됩니다.",,없음
정수기,연속취수호스가 무엇인가요? 연속취수호스를 사용하고 싶어요,"▶연속취수호스란? • 취수량이 많은 식당이나 업장에서 주로 사용하며, 물을 연속으로 취수할수 있도록 정수기 코크와 연결하여 사용하는 호스입니다. (WPUGBC102 제품은 필터 세척시에도 활용됩니다.) • 자가에서 쉽게 분리, 조립이 가능하여 용도에 알맞게 사용할 수 있어 편리합니다. ▶연속취수 호스는 모든 제품에 설치가 가능한가요? • 직수형 정수기에는 연결이 불가합니다. (예외모델 : WPUA800, WPUA900, WPUGBC102) • 탱크형 정수기중에서 코크 취수구 모양이 'O' 형태가 아닌 'D' 형태인 모델에는 연결이 불가합니다. • 버튼형(전자식) 제품은 연속과 취수버튼을 누르면서 사용해야 합니다. ▶연속취수 호스는 어떻게 구매 하나요? • [부품구매] 또는 [고객상담센터 ☎1600-1661]을 이용해 주세요.",,https://static.service.skmagic.com/editor/faq/ckimg/91af87906aeb42b3a36d0c794a21ddc8.png
정수기,호스 길이 및 위치 조정이 필요해요,"▶급수 및 배수호스의 길이가 짧게 설치되었거나 호스선의 위치 변경, 정리가 필요한 경우 서비스 접수가 필요합니다. • 서비스매니저가 방문하여 환경을 확인 후 호스선 작업을 진행해드립니다. • 요청 상황에 따라 서비스비용이 발생할 수 있습니다. ☞서비스 접수는 [방문예약] 상담 진행은 [상담예약] 또는 [고객상담센터 ☎1600-1661]을 이용해 주세요.",,없음
정수기,정수기 물에서 검은 가루가 나와요,"활성탄성분의 필터 교체시 필터 통수 작업이 충분히 진행되지 않았을 경우 활성탄분진이 물과 함께 출수될 수 있습니다. ▶ WPUA1000C, WPUA1100C 모델의 경우 자동 필터 세척(플러싱)을 진행해주세요. • 필터 커버 분리 후 10초 뒤 다시 필터 커버를 조립하게 되면 자동 필터 세척 기능이 약 10분간 동작합니다. • 자동 필터 세척중에는 전면 LED램프가 순차적으로 점멸하게 됩니다. ▶ WPUA1000C, WPUA1100C 모델이 아닌 경우 아래와 같이 진행해 주세요. • 이는 일시적인 현상으로 1L이상 [정수]충분히 물을 통수시킨 이후 사용해주시면 됩니다. • 활성탄분진은 인체에 유해한 성분이 아니므로 안심하셔도 됩니다. ☞상담 진행은 [상담예약] 또는 [고객상담센터 ☎1600-1661]을 이용해 주세요.",,https://static.service.skmagic.com/editor/faq/ckimg/46bd8cbfe4f744cb8c901a24e2d870b5.png|https://static.service.skmagic.com/editor/faq/ckimg/611fde439b8a485db58db197184ebf76.png
정수기,초소형 직수정수기 용량(감소&증가) 조절 버튼 사용방법,"▶출수량은 설치환경(수압,사용량)에 따라 10~15%정도 편차가 발생할 수 있습니다. • IOT 앱을 통해 맞춤 출수설정에서 기본 용량 변경할 수 있습니다. ①[용량]버튼 누를 때마다 120ml→250ml→550ml→1L 순으로 선택되며, △ , ▽ 버튼을 선택하여 10ml 단위로 용량 설정이 가능합니다. ②△ , ▽ 버튼을 길게 누르면 50ml 단위 용량 선택이 가능합니다. ③용량 선택은 최소 120ml~1L 까지 선택이 가능하며, 일정시간 조작이 없으면 120ml로 설정됩니다. ※ IOT앱을 통해 맞춤 출수설정에서 기본 용량 변경 할 수 있습니다. ☞상담 진행은 [상담예약] 또는 [고객상담센터 ☎1600-1661]을 이용해 주세요.",,https://static.service.skmagic.com/editor/faq/ckimg/a6f3a5fff3b04b55bc72c6d2cbc4f5cd.png
정수기,냉수가 미지근 해요. (WPUB200),"▶냉수 램프를 확인해 주세요. • 냉수 램프가 OFF되어 있다면, 냉수 버튼에 불이 들어 올때까지 10초 이상 눌러 ON으로 변경한 뒤 1시간 후 냉수 온도를 확인해 주세요. • 냉수 램프가 약으로 되어 있다면, 미지근 할 수 있음으로 냉수 버튼을 터치하여 '강'으로 변경한 뒤 1시간 후 냉수 온도를 확인해 주세요. ▶냉수 사용량을 확인해 주세요. • 사용량이 많았거나, 한 번에 1L이상 많은 양의 물을 사용했을 경우 냉수가 채워지고 차가워지는데 까지 다소 시간이 소요됩니다. 1시간 이후 냉수 온도를 확인해 주세요. ▶두 번째 잔으로 냉수 온도를 확인해 주세요. • 냉수를 사용하지 않은 상태에서 물을 출수 할 경우, 냉수 온도가 상승하여 첫 잔은 미지근 할 수 있음으로 두 번째 잔으로 냉수 온도를 확인해 주세요. ▶정수기와 벽면 거리를 확인해 주세요. • 정수기에서 발생하는 열기가 순환되지 못하면 제품이 과열되어 냉수가 미지근하게 나올 수 있습니다. • 정수기 뒷면, 옆면과 벽면거리는 최소 10cm~15cm이상 되어야 하므로 설치 환경을 확인해 주세요. ☞상담 진행은 [상담예약] 또는 [고객상담센터 ☎1600-1661]을 이용해 주세요.",,https://static.service.skmagic.com/editor/faq/ckimg/d4001ad73c534a8c9133d6dbb0239be0.png
정수기,물이 뿌옇게(하얗게) 나와요 (직수형정수기),"직수형정수기에서 물을 취수할때 공기방울에 의해 물이 뿌옇게 보이는 백수현상이 나타날 수 있습니다. ▶취수한 물이 뿌옇게 보이거나 공기방울이 보이는 경우 확인해 주세요. • 수돗물이 필터를 통과할때 발생하는 수압 차이 및 컵과의 낙차로 인해 발생되는 공기방울(기포)이며, 취수 후 시간이 지나면 자연스럽게 사라집니다. • 공기방울(기포)은 인체에 무해하므로 안심하고 드셔도 됩니다. ☞상담 진행은 [상담예약] 또는 [고객상담센터 ☎1600-1661]을 이용해 주세요.",,https://static.service.skmagic.com/editor/faq/ckimg/0a38686e0f6c482db88c5d42eab1bd87.png
정수기,"초소형 직수정수기 버튼음,부저음,음소거 ON/OFF방법","▶버튼음/부저음/음소거 설정 및 해제 • [냉수]+[정수]버튼을 동시에 3초이상 누르면 버튼음 설정/해제 가능합니다. • [냉수]+[정수]버튼을 동시에 3초이상 누르면 알림음과 함께 음소거 설정/해제되며, LCD표시창에 상태가 표시됩니다. ☞상담 진행은 [상담예약] 또는 [고객상담센터 ☎1600-1661]을 이용해 주세요.",,https://static.service.skmagic.com/editor/faq/ckimg/d70a95a7cf764c26a3d143e550922eb4.png
정수기,"얼음 버튼을 선택하면 얼음이 나오지 않고, 얼음물 선택시에만 얼음이 나와요.","▶[얼음] 버튼을 선택했을 때 얼음이 나오지 않거나, [얼음물] 선택시에만 얼음이 나오는 경우 확인해 주세요. • [얼음물]버튼을 1회 누르면 얼음과 냉수가 출수되며, 아이스룸의 얼음량이 적을 경우 얼음이 나오지 않을 수 있습니다. • [얼음물]선택 후 중간에 출수를 멈추고 싶다면, [물]버튼이 아닌 [얼음물]버튼을 선택해야 합니다. • [얼음]버튼을 길게 누르면 얼음이 출빙됩니다. 이때, 아이스룸의 얼음량이 적을 경우 얼음이 나오지 않을 수 있습니다. ※[얼음물]선택시 얼음은 나오지만, [얼음]선택시 얼음이 나오지 않을 경우 [얼음]버튼을 길게 눌러야 합니다. ☞상담 진행은 [상담예약] 또는 [고객상담센터 ☎1600-1661]을 이용해 주세요.​​​​​​​",,https://static.service.skmagic.com/editor/faq/ckimg/9f01faf2750548b2a661f4ec4e04e814.png
정수기,조리수 설치가 가능한 모델은 무엇인가요,일부 제품은 조리수 설치 및 이용이 불가합니다. ▣다음 내용을 확인해 주세요▣ ▶조리수 설치 및 이용이 가능한 정수기 모델을 확인해 주세요. ▶조리수 설치 및 이용이 필요한 경우 확인해 주세요. •설치는 [서비스센터 홈페이지-상담예약] 또는 [고객상담센터 ☎1600-1661]을 이용해 주세요. •별도의 설치 비용과 이용요금이 발생됩니다. <조리수 이미지>,,https://static.service.skmagic.com/editor/faq/ckimg/0a9343a6f50f45d19656f67231e7cff2.png|https://static.service.skmagic.com/editor/faq/ckimg/ffb853b90b6b43d9bafdb878579bde2b.png
정수기,"스스로 플러스 직수정수기 전원이 안 들어와요(WPUJAC103, WPUJCC103)","사용 중 전원이 꺼지거나, '띵띵'소리가 나면서 물이 나오지 않을 경우 '직수관안심케어'기능 작동여부를 확인해 주세요. • [직수관안심케어] 작동 중에는 전면 조작부 버튼에 불이 꺼집니다. • 상단 조작부 [직수관안심케어] 버튼에 불이 켜지며, 코크안심케어 버튼과 잠금버튼에 불이 교차로 깜빡입니다. • [직수관안심케어]기능 작동중에는 모든 기능(버튼 작동불가, 물 출수불가)이 작동되지 않습니다. • [직수관안심케어]기능은 5일마다 자동으로 작동되며, 수동으로도 작동 가능합니다. • [직수관안심케어]기능 작동 중간에 취소하게 될 경우 약 4분 후 물 출수가 가능하며, 냉수 기능은 1~2시간 이후 정상적으로 사용 가능합니다. ※ [직수관안심케어]기능 작동 중간에 [직수관안심케어] 버튼을 3초이상 누르면 취소됩니다. ☞상담 진행은 [상담예약] 또는 [고객상담센터 ☎1600-1661]을 이용해 주세요.",[표1] | 구분 | 설명 | | --- | --- | | [자동]살균 | 5일(120시간)에 1번 10분간 직수관 세척이 동작합니다. | | [수동]살균 | 직수관 안심케어 버튼을 3초이상 누를 시 동작합니다. | | 살균시간 | 직수관 안심케어는 약 7분30초간 진행됩니다. |,https://static.service.skmagic.com/editor/faq/ckimg/24638ee0ca9f4d53b034d0b4a55569b2.png
정수기,IOT연결 가능 조건을 확인해 주세요.,"▶SK매직 서비스센터 홈페이지 어플(APP)다운로드 후 회원가입이 되어 있는지 확인해 주세요. • 안드로이드 다운로드 : Play 스토어 • 아이폰(ios) 다운로드: AppStore ▶와이파이(Wifi)가 2.4GHz환경인지 확인해 주세요. • 비밀번호가 설정되어 있는 2.4g 와이파이(Wifi) 공유기가 필요합니다. • 관공서 또는 학교 등 와이파이(Wifi) 공유기에 보안 설정이 되어 있다면, 연결이 불가능 합니다. ▶휴대폰 핫스팟(2.4G 비밀번호 설정)으로 IOT 연결은 가능하나, 핫스팟 OFF시 IOT 연결은 끊어집니다. • 핫스팟을 통해 IOT연결 시 선택한 제품의 전원이 유지되면 설정한 기능은 지속 사용 가능합니다. (일부기능 제외) ☞상담 진행은 [상담예약] 또는 [고객상담센터 ☎1600-1661]을 이용해 주세요.",,없음
정수기,겨울철 장시간 미사용 전/후 제품 관리 방법,"▶ 겨울철 장기간 미사용 시 제품 관리 방법 입니다. ①누수 방지를 위해 중간밸브와 볼밸브를 잠궈 차단시켜 주세요. ②중간밸브와 볼밸브를 잠근 상태에서 직수정수기는 '물' 선택하여 출수한 뒤 전원 코드선을 분리해 주세요. 얼음 정수기는 '물', '얼음' 모두 선택하여 출수, 출빙한 뒤(얼음이 안나올 때 까지) 전원 코드선을 분리해 주세요 ▶ 겨울철 장기 미사용 후 제품을 다시 사용할 시 관리 방법 입니다. ①중간밸브와 볼밸브를 열림 상태로 변경한 뒤 제품의 전원 코드를 연결해 주세요. ②제품 사용 전 2L이상 물을 충분히 배출한 뒤 사용해 주세요. •자동 플러싱 가능 모델 : WPUA1100, WPUA1000, WPUJAC103, WPUJCC103, WPUIAC403 •자동 플러싱 가능 모델의 경우, 제품 사용 전 전면 커버를 열었다 5초 후 닫아 주세요. ③직수정수기 냉수의 경우, 적정 온도에 도달하기 까지 1~2시간 가량 소요됩니다. ④직수 얼음 정수기의 얼음 생성 여부를 확인해 주세요. •얼음 램프가 켜져있는지 확인해 주세요. •냉수 사용량이 많을 경우 얼음 생성이 지연될 수 있습니다. 냉수 사용을 하지 않은 상태에서 2~3시간 후 얼음이 나오는지 확인해 주세요.",,https://static.service.skmagic.com/editor/faq/ckimg/ad12680b9b7941849f095ce77bdd6933.png|https://static.service.skmagic.com/editor/faq/ckimg/daa8dabca4f0456d940fdb19717fed1d.png|https://static.service.skmagic.com/editor/faq/ckimg/ca1ad4fb17e84b328ca494e1eb94da9a.png|https://static.service.skmagic.com/editor/faq/ckimg/54c35c218cc9420fab66086f3d1e8675.png|https://static.service.skmagic.com/editor/faq/ckimg/e41125153514456c84b120d96e965e2c.png
정수기,얼음에서 이물질이 나와요,"▶정수된 물에는 미네랄 성분이 포함되어있고, 미네랄 성분은 급격한 온도변화에 의해 하얀 가루 형태로 변화가 생깁니다. • 얼음이 얼었다 녹으면서 보이는 하얀 알갱이는 미네랄성분의 결정체로 인체에 무해한 성분이니 안심하고 드셔도 됩니다. ※ 단, 역삼투압정수기는 미네랄성분도 모두 걸러집니다. ※ 그 외에 얼음에서 이물질이 나온다면 서비스 점검이 필요합니다. ☞서비스 접수는 [방문예약] 상담 진행은 [상담예약] 또는 [고객상담센터 ☎1600-1661]을 이용해 주세요.",,없음
정수기,WPUIAC403 원코크 얼음물 정수기 메모리기능 설정&삭제 방법,"▶메모리 설정방법 ①냉수, 정수, 온수 중 원하는 출수 온도를 선택한 후 용량을 선택해 주세요. ②[메모리]버튼을 3초이상 눌러 주세요. ③알림음과 함께 [메모리] 램프에 불이 들어오면 설정 완료됩니다. ▶메모리 사용방법 • [메모리] 선택 후 [물]을 누르면 출수됩니다. ▶메모리 삭제방법 ①[메모리]버튼을 3초이상 눌러 주세요. ②알림음과 함께 [메모리] 램프에 불이 꺼지면 삭제 완료됩니다. ☞상담 진행은 [상담예약] 또는 [고객상담센터 ☎1600-1661]을 이용해 주세요.",,https://static.service.skmagic.com/editor/faq/ckimg/7e003de7d9164c3e8f0fe4b6472d840b.png
정수기,"직수관안심케어 또는 자동필터세척 후 배수량이 궁금해요 (WPUA1000C, WPUA1100C)",▶직수관안심케어란? • 자동으로 5일에 1번 약 15분간 전해수로 유로관을 살균해주는 기능입니다. ▶자동필터세척(필터플러싱)이란? • 새 필터로 교체한 후 물로 필터를 자동세척하여 배출시키는 기능입니다. ▶기능 동작 후 배수량을 확인해 주세요. • 직수관 안심 케어 : 약 12 L • 자동 필터 세척 : 약 15 L ☞상담 진행은 [상담예약] 또는 [고객상담센터 ☎1600-1661]을 이용해 주세요.,,없음
정수기,초소형 직수정수기 UV케어 주기 및 작동 방법,"▶코크 UV케어 작동 주기 • 전원 코드 연결 후 5일+12시간(132시간)→ 4분 동작 → 5일(120시간) → 4분 동작 ▶코크 UV케어 작동 방법 ①코크 UV케어는 주기적으로 미출수 시 2시간마다 자동으로 작동되며, 자동으로 진행될 경우 LCD표시창 우측 상단에 UV 표시됩니다. ②UV케어 진행중에 물을 출수할 경우, UV케어는 종료되고 다시 2시간 미출수 시 UV케어가 진행됩니다. ③직접 수동 작동을 원할 경우 [UV케어] 버튼을 1회 눌러 진행 가능하며, 수동으로 진행시 LCD표시창에 아래와 같이 표시됩니다. ☞상담 진행은 [상담예약] 또는 [고객상담센터 ☎1600-1661]을 이용해 주세요.",,https://static.service.skmagic.com/editor/faq/ckimg/a74cead6bac44ceb96ddbfb5b7fe932f.png|https://static.service.skmagic.com/editor/faq/ckimg/de721acc19b84e57a37ace31b2abffe1.png
정수기,받아놓은 정수기 물에 이끼가 끼어요,"▶받아놓은 정수기 물에서 이끼가 보이는경우 확인해 주세요. • 일반 수돗물에는 물속의 세균 번식을 억제하고 멸균 작용하는 잔류염소가 녹아 있으나, 정수기를 사용할 경우 정수기 필터에서 잔류염소가 걸러진 물이 출수됩니다. ※잔류염소가 없는 정수기 물은 물통의 오염과 부유물 등의 영향으로 이끼가 생길 수 있습니다. ▶정수기 물 취수시 주의사항을 확인해 주세요. • 물통은 매일 깨끗하게 세척해 주세요. • 물통의 물이 남았을 경우 반드시 남은 물을 버리고 물통을 세척한 뒤 사용해 주세요. • 오래 보관하지 않도록 주의해 주세요. • 1~2일 냉장 보관을 권장해드립니다. ☞상담 진행은 [상담예약] 또는 [고객상담센터 ☎1600-1661]을 이용해 주세요.",,https://static.service.skmagic.com/editor/faq/ckimg/6c2c94a66b1240e0a2960d5c1e83de06.png
정수기,"아이스룸 UV살균 안심케어는 언제, 어떻게 작동하나요?","▶아이스룸 UV살균 안심케어란? • 얼음을 보관하는 아이스룸을 UV(자외선)램프를 이용해 99%이상 세균을 제거하는 기능입니다. • 적용모델 : WPUI100, WPUI110, WPUI130, WPUI200, WPUI210, WPUI220, WPUI230, WPUIAC302 ▶아이스룸 UV살균 안심케어 작동시간을 확인해 주세요. • 아이스룸 UV살균 안심케어는 출빙 후 5시간 뒤 자동으로 3시간 작동하며 이후 9시간마다 3시간씩 작동됩니다. • 일부 모델은 UV살균 작동시 램프가 점등됩니다. ▶아이스룸 UV살균 안심케어 수동 작동 방법을 확인해 주세요. ※ 적용모델 - WPUIAC302 • 전면의 [UV케어]버튼을 누르면 코크와 아이스룸 UV살균이 동시에 시작됩니다. ☞모델에 따라 내용에 차이가 있을 수 있습니다. 정확한 내용은 제품별 사용설명서를 참고해 주세요.",,https://static.service.skmagic.com/editor/faq/ckimg/a90d97f84ea842bb82833f068a1db315.png
정수기,"코크 연속출수 기능 및 사용방법(WPUB100, WPUB200, WPUB600, WPUB610)","▶연속코크 출수 기능이란 무엇인가요? • 연속 취수형 코크 밸브를 돌리면, 레버를 밀지 않고 바쁜 상황에서도 한번에 원하는 만큼 냉/온수 출수가 가능한 기능입니다. ▶정수기 연속코크 사용 방법 • 원형 손잡이를 시계 반대 방향으로 돌려 사용합니다. ▶연속 선택후 온수 사용방법 • 연속으로 설정 뒤, 안전장금장치 버튼을 누른 후 레버를 밀지 않아도 원하는 만큼 출수 가능합니다. ☞상담 진행은 [상담예약] 또는 [고객상담센터 ☎1600-1661]을 이용해 주세요.",,https://static.service.skmagic.com/editor/faq/ckimg/512dd8ccebe84ee88e2370e5261d6cf5.png|https://static.service.skmagic.com/editor/faq/ckimg/96ad85703a5146989275b881ad7a3a49.png|https://static.service.skmagic.com/editor/faq/ckimg/97007c9398f140f2acbdf878cc1da853.png
정수기,역삼투압정수기에서 배수되는 물은 무엇인가요,"▣다음 내용을 체크해 주세요▣ ▶역삼투압정수기는 필터를 통과하지 못한 걸러진 오염물질이 물과 함께 배출됩니다. 이를 제거수(버려지는물)라고 합니다. •유입되는 원수를 100으로 봤을때, 정수되는 물은 약 30%, 제거수는 약 70%정도의 비율로, 물 사용량이 많을수는 있으나 균, 중금속, 바이러스는 물론 각종 무기 오염물질을 제거하는데 효과적입니다. •제거수(버려지는물)는 음용수로는 적합하지 않으나 세탁, 청소 등 생활용수로 사용이 가능합니다. ▣추가 문의가 있으신가요?▣ ☞ 서비스 홈페이지 접속 → 상담예약 → [온라인상담/상담예약] 메뉴를 이용해 보세요. 서비스 접수 요청시 고객상담센터(☎1600-1661) 또는 서비스 홈페이지 → [방문예약] 메뉴를 통해 신청해 주세요.",,없음
정수기,"스스로 플러스 직수정수기 직수관안심케어가 궁금해요(WPUJCC103, WPUJAC103)","▶직수관안심케어 작동방법 • 직수관안심케어는 주기적으로 자동 동작하지만 원하실 때 추가적으로 수동 직수관 안심케어를 진행 시킬 수 있습니다. • 직수관안심케어중에는 약 2,000ml의 물이 배수호스를 통해 배출 됩니다. • 작동중에만 직수관케어 버튼에 불이 들어오며 대기상태에는(직수관케어 미작동시)버튼에 불이 꺼져 있습니다. • 케어중에는 모든 기능이 작동이 안됩니다. ▶직수관안심케어 수동 ON/OFF 방법 • 직수관안심케어 도중 [직수관안심케어]버튼을 3초이상 누르면 직수관안심케어가 취소 됩니다. • 직수관안심케어 작동 중간에 취소하게 될 경우 약 4분 후 물 출수가 가능하며, 냉수 기능은 1~2시간 이후 정상적으로 사용 가능합니다. • 직수관안심케어 동작 시 [직수관안심케어] 램프에 불이 들어오며 [코크안심케어]와[잠금]버튼 램프가 교차로 깜빡입니다. ☞상담 진행은 [상담예약] 또는 [고객상담센터 ☎1600-1661]을 이용해 주세요.",[표1] | 구분 | 작동방법 | | --- | --- | | [ 자동 ] 살균 | 5 일 (120 시간 ) 에 1 번 10 분간 직수관 세척이 동작합니다. | | [ 수동 ] 살균 | 직수관안심케어 버튼을 3 초이상 누를시 동작합니다. | | 살균시간 | 직수관안심케어는 약 7 분 30 초간 진행됩니다 . |,https://static.service.skmagic.com/editor/faq/ckimg/8770e09ff51e43e9ad8839bab0592779.png|https://static.service.skmagic.com/editor/faq/ckimg/f03eb5bd32bb4a41a3fca5a5a62f3f35.png
정수기,가습기에 정수기 물을 사용해도 되나요?,"▶정수기로 출수한 물은 가습기 사용시 변질의 위험이있어 권장하지 않습니다. • 정수기로 출수한 물은 잔류 염소 및 소독 성분이 걸려진 물로 장시간 공기와 접촉되는 경우 수돗물에 비하여 물의 변질이 생기기 쉽습니다. • 국내 수돗물에는 소독 성분이 남아있어 정수기 물에 비하여 변질의 위험이 낮습니다. (단, 환경에 따라 상이함) • 상수도에 연결하여 사용하는 중공사막 방식의 정수기는 미네랄을 걸러내지 않아 미네랄 성분이 녹아있는 물로 가습기에 사용하는 경우 하얀 가루 및 얼룩이 발생됩니다. ☞상담 진행은 [상담예약] 또는 [고객상담센터 ☎1600-1661]을 이용해 주세요.",,없음
정수기,정수기 사용 중 차단기가 내려가요,"▶제품의 전원코드 및 콘센트를 확인합니다. • 제품의 전원코드에 물이 묻어있다면 깨끗이 닦은 후 연결해 주세요. • 콘센트에 여러 가전제품을 함께 연결하여 사용시 전력량 과부하로 인해 차단기가 내려갈 수 있습니다. 해당 제품 단독으로 연결하여 확인해 주세요. • 제품의 전원코드를 다른 벽면콘센트로 위치를 변경하여 확인해 주세요. ▶멀티콘센트 용량을 확인합니다. • 멀티콘센트 사용시 정격용량이 250V, 16A 이상인지 확인해 주세요. • 멀티콘센트 사용시 해당 제품만 단독으로 연결하여 사용중인지 확인해 주세요. ※소비전력량이 높은 제품의 경우 멀티콘센트의 용량이 맞지 않으면 전력량 과부하로 인해 차단기가 내려갈 수 있습니다. ☞서비스 접수는 [방문예약] 상담 진행은 [상담예약] 또는 [고객상담센터 ☎1600-1661]을 이용해 주세요.",,https://static.service.skmagic.com/editor/faq/ckimg/98700d76729044e5838ed5f165133ef3.png
정수기,서비스센터 IoT 연결된 제품 삭제 방법이 궁금해요,▶서비스센터 APP에서 IoT 연결된 제품 삭제 방법을 확인해 주세요. ①서비스센터 로그인 후 IoT를 실행해 주세요. ②가전 목록에서 해당 모델 우측의 [삭제]버튼을 눌러 해당 제품을 삭제해 주세요. ☞상담 진행은 [상담예약] 또는 [고객상담센터 ☎1600-1661]을 이용해 주세요.,,https://static.service.skmagic.com/editor/faq/ckimg/a47503559dc1406bb4a7074bab01adbc.png
정수기,판넬 교체가 무엇인가요/교체 방법이 궁금해요 (WPUA720),"이사나 인테리어 공사 등으로 정수기 색상 변화가 필요한 경우 판넬 교체 서비스가 가능합니다. ▶정수기 판넬 교체 서비스란? • 정수기의 기존 판넬을 다른 색상의 판넬로 교체해드리는 서비스입니다. • 주방 내 포인트 색을 주거나, 이사나 인테리어 공사 등으로 정수기 색상 교체가 필요한 경우 등 이용하실 수 있습니다. ▶교체 가능한 판넬 색상을 확인해 주세요. • 이해를 돕기 위한 컬러 이미지로 설치환경(조명) 등에 따라 실제 컬러는 차이가 있을 수 있습니다. • 화이트, 베이지, 코랄핑크, 딥그린 색상중에서 선택이 가능합니다. ▶판넬 교체 서비스 이용 방법을 확인해 주세요. • 판넬 구매 비용과 방문 교체 비용이 발생됩니다. ☞서비스 접수는 [A/S방문예약] 상담 진행은 [상담예약] 또는 [고객상담센터 ☎1600-1661]을 이용해 주세요.",,https://static.service.skmagic.com/editor/faq/ckimg/46ab6cc8d3d8448181b08b78bc2f1c66.png
정수기,"UV안심케어 램프가 꺼져있어요 (WPUIC100F, WPUIC110F)",UV안심케어버튼은 수동으로 살균을 시작하는경우 점등됩니다. ▶UV케어버튼에 램프가 점등되는 경우를 확인해 주세요. • 일정 주기로 자동 살균 작동을 진행하는 경우 살균중에도 UV안심케어 램프는 따로 점등되지 않습니다. • UV안심케어 버튼을 눌러 수동 살균을 진행하는 경우 UV안심케어 램프가 점등됩니다. ☞상담 진행은 [상담예약] 또는 [고객상담센터 ☎1600-1661]을 이용해 주세요.,,https://static.service.skmagic.com/editor/faq/ckimg/99bb35b00a084eab8a82e5261b9a9d9c.png
정수기,"WPUGBC102, WPUGBC112 에코미니 정수기 필터 교체 방법.",정수 기능만 있는 '무전원' 셀프 필터 자가 교체형 에코미니 정수기 필터 교체 방법입니다. ▶커버 안쪽에 필터 교체방법 가이드가 부착되어 있습니다. ☞상담 진행은 [상담예약] 또는 [고객상담센터 ☎1600-1661]을 이용해 주세요.,,https://static.service.skmagic.com/editor/faq/ckimg/46c6a36a8b594fd6b5c5e87b1ec17af6.png|https://static.service.skmagic.com/editor/faq/ckimg/43bdf686fddb47d4872a4201c7a009b0.png|https://static.service.skmagic.com/editor/faq/ckimg/f6ffb844288943c7be490a04c96f492c.png
정수기,WPUIAC403 원코크 얼음물 정수기 LED 밝기 조절 방법,"▶[정수]버튼을 3초간 길게 누를 때 마다 표시부 LED밝기가 강/약 단계로 변경됩니다. • 단, LED램프 OFF설정은 불가합니다. ☞상담 진행은 [상담예약] 또는 [고객상담센터 ☎1600-1661]을 이용해 주세요.",,https://static.service.skmagic.com/editor/faq/ckimg/22de7853c3784602aaf83fcfa9f4e824.png
정수기,유로관 케어와 직수관 케어가 무엇인가요?,"▶직수관 전해수 안심케어란? • 직수관 내부를 전해수로 스스로 살균 케어를 합니다. • 자동으로 5일에 1번 약 15분간 전해수로 살균 케어하며 약 15L 양의 물을 배수호스를 통해 배출합니다. • 전해수 안심케어가 진행되는 동안 아래와 같은 증상이 발생될 수 있습니다. • 증상 : 취수불가, 전면램프OFF, 상부램프 깜빡임, 물이 배출되는 소리 ▶유로 순환 케어란? • 직수관로에 고인 물들을 자동으로 배출 시킵니다. • 3시간 동안 사용하지 않을 경우 1번씩 자동으로 배수호스를 통해서 약 120ml 양의 물을 배수호스를 통해 배출합니다. ☞상담 진행은 [상담예약] 또는 [고객상담센터 ☎1600-1661]을 이용해 주세요.",,https://static.service.skmagic.com/editor/faq/ckimg/1dde717bf76140999718e8e3b46c133a.png|https://static.service.skmagic.com/editor/faq/ckimg/7d77e6f0d68a4059b28fb97c7f50d5bd.png
정수기,본체가 뜨거워요,▶냉수기능이 있는 제품의 냉각모터가 작동하면서 제품 내부에서 열이 발생하고 이는 여름철 더욱 뜨겁게 느껴질 수 있습니다. • 제품 내부의 열기가 원활히 배출될 수 있도록 정수기 측면과 뒷면을 벽 또는 사물과의 거리 10CM이상 확보해 주세요. ☞상담 진행은 [상담예약] 또는 [고객상담센터 ☎1600-1661]을 이용해 주세요.,,없음
정수기,초소형 직수정수기 온수 잠금 설정/해제 방법(WPUJAC104),▶WPUJAC104모델 온수 잠금 설정/해제 방법 • [온수]버튼을 3초이상 눌러주세요. ▶WPUJAC104 온수 잠금 설정/해제 시 화면 표시 ☞상담 진행은 [상담예약] 또는 [고객상담센터 ☎1600-1661]을 이용해 주세요.,,https://static.service.skmagic.com/editor/faq/ckimg/7a32b920f44d4ba48f9c171ae83fd4e7.png|https://static.service.skmagic.com/editor/faq/ckimg/693ad702e5e6459897a19a55d22f1822.png
정수기,전원코드선이 없어요 (WPUGBC102),▶ WPUGBC102모델은 전원 없이 작동되어 전력소비가 전혀 없는 무전원 정수기 입니다. • 전원 공급이 불필요한 제품으로 수도연결만 하여 사용이 가능합니다. • 취수다이얼을 돌려 취수구가 OPEN되면 물을 밀어내는 방식의 수압을 이용하여 출수가 가능합니다. ☞상담 진행은 [상담예약] 또는 [고객상담센터 ☎1600-1661]을 이용해 주세요.,,없음
정수기,초소형 직수정수기 직수관케어 잠금 기능 설정/해제 방법,"▶직수관케어 잠금 설정/해제 방법 • [온수]+[직수관케어]버튼을 동시에 3초이상 눌러주세요. • WPUJCC104 냉/정수 모델은 온수버튼이 없으므로, [잠금]+[직수관케어]버튼을 동시에 3초이상 눌러주세요. ▶직수관케어 잠금/해제 시 화면 표시 • WPUJCC104 모델은 [잠금]+직수관케어 3초로 화면에 표시됩니다. ☞상담 진행은 [상담예약] 또는 [고객상담센터 ☎1600-1661]을 이용해 주세요.",,https://static.service.skmagic.com/editor/faq/ckimg/39e87f2c301d43199ff5a89f0471b04e.png|https://static.service.skmagic.com/editor/faq/ckimg/2e72bd852aac4f5c8e104aa8c0342c9e.png
정수기,에코미니정수기 설치 가능한 수전 타입이 궁금해요 (WPUGBC112S),"수전에 따라 설치 여부가 상이할 수 있으므로 아래 내용을 확인해 주세요. ▶인테리어를 한 수전, 수전헤드가 아래로 향한 수전, 벽에 고정된 수전타입은 연결이 불가합니다. • 싱크대 수전 헤드 분리 시 연결 가능한 자바라 끝단에 내경 사이즈는 9mm(+- 0.3mm)입니다. • 수전 사양에 따라 사이즈가 상이할 수 있으며 당사 연결 어댑터와 맞지 않을 수 있습니다. • 사이즈가 맞지 않거나 자가 설치 불가시 방문 설치 가능하며, 기본 설치비(최초1회 40,000원)과 설치 환경에 따라 추가 비용이 발생할 수 있습니다. ※수전 타입의 제한으로 연결이 불가한 경우 전문가의 점검이 필요합니다. ☞서비스 접수는 [A/S방문예약] 상담 진행은 [상담예약] 또는 [고객상담센터 ☎1600-1661]을 이용해 주세요.",,https://static.service.skmagic.com/editor/faq/ckimg/53295628070042438b55bc59f9373c5a.png|https://static.service.skmagic.com/editor/faq/ckimg/13d6dc4c0bad490f941fc97169592e0f.png|https://static.service.skmagic.com/editor/faq/ckimg/0fc6e54e815749d4b80aee36ffd2cdcb.png
정수기,승압펌프가 무엇인가요?,"▶승압펌프가 궁금하다면 확인해 주세요. • 직수형 정수기 제품이 설치된 장소의 수압이 일정하지 않거나 저수압인 경우 압력을 증가시켜 출수 시 불편함을 완화시킬 수 있는 장치입니다. • 직수형 제품의 경우 수압이 출수에 영향을 주어 승압펌프 설치가 필요하며, 탱크형 제품의 경우 탱크에 보관된 물이 출수되는 방식으로 승압펌프 설치가 불필요합니다. • 오래된 고층아파트, 상가, 일반 주택, 빌라 등에 필요 시 승압펌프가 설치됩니다. ▶승압펌프 설치시 주의사항을 확인해 주세요. • 출수 시 승압펌프가 작동하며 '탁탁', '드르륵~드르륵' 진동음이 크게 발생할 수 있습니다. ☞상담 진행은 [상담예약] 또는 [고객상담센터 ☎1600-1661]을 이용해 주세요.",,https://static.service.skmagic.com/editor/faq/ckimg/dfe86d30fb1e425cbb5d5f9c902768cc.png
정수기,얼음 토출구 분리 및 청소방법이 궁금해요 (WPUIAC302),▶얼음을 출빙할 경우 주의사항을 확인해 주세요. • 컵에 음료가 든 상태로 얼음을 출빙하는 경우 얼음이 낙하하며 음료가 튀어 토출구 안쪽까지 오염될 수 있어 가능한 얼음 출빙 후 음료를 담아주세요. • 커피나 음료가 토출구 안쪽과 내부에 튀는 경우 바로 오염 부위를 청소해 주세요. ▶얼음 토출구 청소 방법을 확인해 주세요. ①얼음 토출구를 보호하고 있는 전면 커버를 열고 얼음 출빙가이드를 당겨 분리해 주세요. (아래 이미지 참고) ②얼음 출빙 토출구는 아래로 당겨 분리한 후 흐르는 깨끗한 물에 씻어 주세요. ③물기가 있는 부드러운 천을 이용하여 토출구 부위의 오염을 닦아 주세요. 토출구 안쪽으로 손을 깊이 넣지 마세요. ④토출구 주변과 물로 청소한 부품들을 건조 시킨 후 역순서대로 조립하여 사용해 주세요. ☞상담 진행은 [상담예약] 또는 [고객상담센터 ☎1600-1661]을 이용해 주세요.,,https://static.service.skmagic.com/editor/faq/ckimg/4d353d1e52ad432ebe04a8db12a4416e.png|https://static.service.skmagic.com/editor/faq/ckimg/d39a254aa30044b996603ed0a42d7492.png
정수기,"얼음 가득과 제빙 램프가 번갈아가면서 켜졌다 꺼져요 (WPUIC100F, WPUIC110F)","얼음 OFF 버튼 위 가득, 제빙 표시가 번갈아 가며 깜빡거리는 경우 확인해 주세요. ▶필터를 교체하였거나, 필터 커버를 열고 닫은 경우 얼음 가득 또는 제빙 램프가 깜빡거리나요? • 필터 커버를 닫으면 필터를 교체한 것으로 인식되어 자동필터 세척 기능이 약 10분정도 작동됩니다. • 자동필터 세척 기능이 작동되는 동안 얼음가득과 제빙 램프가 순차적으로 점등을 반복합니다. ☞상담 진행은 [상담예약] 또는 [고객상담센터 ☎1600-1661]을 이용해 주세요.",,https://static.service.skmagic.com/editor/faq/ckimg/df48c0c9cd294ccfb20fba45f1dc0e2a.png
정수기,"물받이에 물때가 끼어요, 변색되었어요.",▶ 주기적인 물받이 청소가 필요합니다. • 물이 버려지고 마르면서 오염 될 수 있으니 주 1회 자가 청소를 해주세요. • 중성세제 또는 구연상등으로 주기적인 세척이 필요합니다. ☞상담 진행은 [상담예약] 또는 [고객상담센터 ☎1600-1661]을 이용해 주세요.,,https://static.service.skmagic.com/editor/faq/ckimg/d02056fe47604719bd6182836906d436.png
정수기,초소형 직수정수기 냉수 잠금 기능 설정/해제 방법,"▶냉수 잠금 기능 설정/해제 방법 • [온수]+ [냉수] 버튼을 동시에 3초이상 눌러주세요. • WPUJCC104 냉/정수 모델은 온수버튼이 없으므로, 냉수 꺼짐 상태일 경우 [잠금]+[냉수]버튼을 동시에 3초이상 눌러주세요. ▶냉수 잠금 기능 설정/해제 방법 ☞상담 진행은 [상담예약] 또는 [고객상담센터 ☎1600-1661]을 이용해 주세요.",,https://static.service.skmagic.com/editor/faq/ckimg/e6aeb1dd251d40e48a9a3e90d35ad3ba.png|https://static.service.skmagic.com/editor/faq/ckimg/c88b979dffa745fe83a9739bf50ac4ba.png
정수기,"필터 역할, 성능이 궁금해요.",제품에 따라 장착되는 필터는 상이합니다. ☞상담 진행은 [상담예약] 또는 [고객상담센터 ☎1600-1661]을 이용해 주세요.,,https://static.service.skmagic.com/editor/faq/ckimg/366e3f91371649e6918e6609b5a47b45.png
정수기,WPUIAC403 원코크 얼음물 정수기 UV안심케어 기능,"▶UV안심케어 [자동] 작동 • 코크UV 케어 : 전원 연결 후 2시간 동안 물을 출수하지 않을 경우 [30분 동작]→ [2시간 미출 수]→[30분 동작]을 반복합니다. • 아이스룸 케어 : 9시간 마다 4시간씩 자동으로 진행됩니다. ▶UV안심케어 [수동] 작동 • UV안심케어를 한번 터치하면 코크와 아이스룸 살균이 동시 진행됩니다. • 코크 케어를 수동 설정할 경우 30분간 작동되며, 이후 2시간 동안 물을 출수하지 않을 경우 자동으로 [30분 동작]→ [2시간 미출 수]→[30분 동작]을 반복합니다. • 코크 UV안심케어 작동 시간은 30분이지만 표시바는 10분간 작동하며, UV케어 램프는 30분간 켜져있습니다. • 아이스룸 UV안심케어 자동 살균시엔 UV케어 램프에 불이 들어오지 않습니다. • UV케어 램프는 코크케어 중에만 불이 켜지며, 대기 상태일 경우 램프에 불이 켜지지 않습니다. ※단, 코크 UV와 아이스룸UV 케어 동작이 겹칠 경우 [UV케어] 최대 4시간 30분간 불이 들어옵니다. ☞상담 진행은 [상담예약] 또는 [고객상담센터 ☎1600-1661]을 이용해 주세요.",,https://static.service.skmagic.com/editor/faq/ckimg/12c78b80afac48c286fe4930b38414dc.png
정수기,"급수확인 램프에 불이 들어와요 (WPUC500F,WPUC520F)","▶급수확인 LED 램프에 불이 들어온 경우 • 정수기 물탱크의 수위가 낮은 경우 램프가 점등됩니다. 물 공급 상태를 확인해 주세요. • 중간밸브의 상태를 확인하여 닫혀있다면 열림으로 변경한 후 사용해 주세요. • 설치 장소에 수도가 단수 되거나 배관 동파, 호스 꺾임 등 급수에 이상이 없는지 확인해 주세요. ☞상담 진행은 [상담예약] 또는 [고객상담센터 ☎1600-1661]을 이용해 주세요.",,https://static.service.skmagic.com/editor/faq/ckimg/9e334994f63749eea8aec3be40eca6da.png
정수기,"얼음 토출구 분리 및 청소방법이 궁금해요 (WPUIC100F, WPUIC110F)","▶얼음 토출구 관리방법을 확인해 주세요. • 얼음 토출구에 이물질이 묻었을 경우 토출구 내,외부를 즉시 닦아주세요. • 토출구 청소는 주 1회 권장합니다. ▶얼음 토출구 분리 및 청소방법을 확인해 주세요. ※분리 된 부품은 물 청소 후 물기를 깨끗히 닦은 뒤 역순으로 결합해 주세요. ☞상담 진행은 [상담예약] 또는 [고객상담센터 ☎1600-1661]을 이용해 주세요.",,https://static.service.skmagic.com/editor/faq/ckimg/b223b50d948641f6b18021f31fb0c234.png
정수기,초소형 직수정수기 IOT앱 안심 알람 사용방법,"▶안심 알람이란? • 48시간 동안 제품 조작부 터치 또는 출수가 없는 경우, 이상이 생겼음으로 판단하여 '사용자관리'에 등록된 사용자들에게 카카오톡으로 알람을 보냅니다. ▶안심 알람 사용방법 ①'사용자관리'의 사용자는 최대 5명까지 등록할 수 있습니다. (단, 등록할 사용자가 서비스센터 홈페이지에 회원가입이 되어 있어야만 등록 가능합니다.) ②미사용 시 '48시간 주기 알림 지속 발송' 켬 상태로 설정해 놓으면, 제품을 사용하기 전까지 48시간 주기로 알람이 지속 발송됩니다. ※해당 알림은 주간/야간 관계없이 48시간 경과 시점 자동 발송됩니다. ※서버 상태에 따라 시간 차이가 있을 수 있으며, WIFI연결이 끊어지거나 또는 서버 상태에 따라 알람이 전송되지 않을 수 있습니다. ▶IOT앱 안심알람 실행화면 ☞상담 진행은 [상담예약] 또는 [고객상담센터 ☎1600-1661]을 이용해 주세요.",,https://static.service.skmagic.com/editor/faq/ckimg/ca51d367092f4f9ba95b72eca14bee8e.png|https://static.service.skmagic.com/editor/faq/ckimg/b77c168e80b24d9b8e1577fde97560ad.png
정수기,WPUIAC403 원코크 얼음물 정수기 고온수가 100℃보다 낮아요,"▶입수온도, 전압, 환경에 따라 출수되는 물의 온도는 다를 수 있습니다. • 고온수의 100℃ 온도는 물이 끓여진 시점에 가열부 히터센서에서 측정된 온도를 표기하고 있으며, 이는 타사도 동일합니다. ☞상담 진행은 [상담예약] 또는 [고객상담센터 ☎1600-1661]을 이용해 주세요.",,https://static.service.skmagic.com/editor/faq/ckimg/d644cc065ce349ad9425adac941ee6d6.png
정수기,정수기에 물받이가 붙지 않아요.,▶물받이 자석이 붙지 않을 경우 물받이 방향을 확인해 주세요. • 물받이 방향을 다르게 조립할 경우 고정되지 않습니다. • 물받이의 방향을 반대로 장착해주세요. ☞부품 구매는 [부품구매] 또는 [고객상담센터 ☎1600-1661]을 이용해 주세요.,,https://static.service.skmagic.com/editor/faq/ckimg/f4c51b61d8164f15b7071bde1e790529.png|https://static.service.skmagic.com/editor/faq/ckimg/fcf1ee64f955471cba2abd3eb3c96115.png
정수기,"WPUIAC403, WPUIAC414 팬필터 위치 및 청소방법",▶팬필터 위치 및 청소방법 ①제품 뒷면 하단 우측 먼지필터 손잡이를 앞으로 당겨 분리해 주세요. ②필터의 먼지는 흐르는 물에 깨끗이 세척 후 건조하여 다시 조립해 주세요. ☞상담 진행은 [상담예약] 또는 [고객상담센터 ☎1600-1661]을 이용해 주세요.,,https://static.service.skmagic.com/editor/faq/ckimg/44654bb1c9644b41b98c486352a390dd.png
정수기,WPUIAC403 원코크 얼음물 정수기 직수관 전해수 안심케어 기능,"전해수란? 내부에 살균 모듈이 있어, 순수한 물을 전기 분해한 살균수(전해수)를 뜻합니다. ▶직수관 전해수 안심케어 기능 작동방법 • [자동] : 전원연결 후 120시간(5일)마다 작동합니다. • [수동] : 직수관 케어 버튼을 3초이상 누르면 작동합니다. ▶직수관 전해수 안심케어 작동 시간은 어떻게 되나요? • 약 2분30초~4분간 작동되며, 수압에 따라 차이가 있을 수 있습니다. • 직수관 전해수 안심케어 작동 시 표시바에 순차적으로 불이 켜집니다. • 직수관 전해수 안심케어 작동 중에는 약 2,000ml 물이 배수 호스를 통해 배출됩니다. • 직수관 전해수 안심케어 작동 중에는 작동을 해제할 수 없으며, 다른 기능을 작동할 수 없습니다. • 직수관케어 램프는 직수관 전해수 안심케어 작동중에만 불이 켜지며, 대기 상태일 경우 불이 켜지지 않습니다. ☞상담 진행은 [상담예약] 또는 [고객상담센터 ☎1600-1661]을 이용해 주세요.",,https://static.service.skmagic.com/editor/faq/ckimg/f5219f3b06374beebabe61940242ed1b.png
정수기,초소형 직수정수기 잠금 기능 설정/해제 방법,"▶잠금 기능 설정/해제 방법 • [온수]+잠금 설정/해제를 원하는 버튼을 동시에 3초이상 눌러주세요. • WPUJCC104 냉/정수 모델은 온수버튼이 없으므로, [잠금]+ 잠금 설정/해제를 원하는 버튼을 동시에 3초이상 눌러주세요. ☞상담 진행은 [상담예약] 또는 [고객상담센터 ☎1600-1661]을 이용해 주세요.",,https://static.service.skmagic.com/editor/faq/ckimg/8889799c758349babc7f967e009f1913.png
정수기,수전형태에 따른 중간밸브 위치가 궁금해요,▶벽수전을 사용중이신가요? •수도배관 일부가 벽에 묻혀있는 형태로 벽에 설치되어있습니다. •수도꼭지 뒷부분에 중간밸브와 정수기 호스가 연결되어 있을 수 있습니다. ▶지수전을 사용중이신가요? • 수도배관이 싱크대 또는 세면대 아래에 설치되어 있습니다. • 수도배관 안쪽에 중간밸브와 정수기 호스가 연결되어 있을 수 있습니다. ☞상담 진행은 [상담예약] 또는 [고객상담센터 ☎1600-1661]을 이용해 주세요.,,https://static.service.skmagic.com/editor/faq/ckimg/07120bd8e57b4c11ab323bc26a0ba963.png|https://static.service.skmagic.com/editor/faq/ckimg/b6d86675edd147f29a9498fd1408bcaa.png
정수기,"정수기 물받이 부분이 볼록해요, 변형된 것 같아요.",▶ 물받이 덮개를 뒤집어서 재조립 해주세요. • 물받이 덮개 방향을 다르게 조립한 경우 수평이 맞지 않습니다. ☞상담 진행은 [상담예약] 또는 [고객상담센터 ☎1600-1661]을 이용해 주세요.,,https://static.service.skmagic.com/editor/faq/ckimg/d4dac41771884bcdbd8e4cd0b03c6373.png
정수기,볼밸브가 무엇인가요/위치가 궁금해요,"▶볼밸브란? • 수전에 장착된 중간밸브와 다르게 제품 자체에 장착되어 물 공급 상태를 조절하는 밸브입니다. • 일반적인 경우 플라스틱의 형태로 필터 연결부 또는 급수호스에 장착되어 있습니다. ▶볼밸브 위치가 궁금한가요? • WPUA800F, WPUA900F, WPUB100F, WPUB200F 모델의 경우 제품 뒷면 또는 상부 제거 후 필터 연결부에 장착되어 있습니다. • 직수형 모델은 제품 뒷면 또는 판넬 제거 후 필터 연결부에 장착되어 있습니다. • 탱크형 모델은 하단 판넬 또는 상단 판넬 제거 후 필터 연결부에 장착되어 있습니다. ☞모델에 따라 내용에 차이가 있을 수 있습니다. ☞상담 진행은 [상담예약] 또는 [고객상담센터 ☎1600-1661]을 이용해 주세요.",,https://static.service.skmagic.com/editor/faq/ckimg/a89fc2cd59f1456a84c67114ccd2e9f1.png|https://static.service.skmagic.com/editor/faq/ckimg/a78abd604ab34774a07574863ae664eb.png
정수기,WPUIAC403 원코크 얼음물 정수기 유아수 기능 설정 방법,"▶유아수 설정방법 • 유아수 기본 설정된 온도는 50℃ 입니다. • [온수] 버튼을 3초가량 누른 뒤 [물] 버튼을 선택할 때마다 [45℃]→[55℃]→[50℃ ]순으로 변경되며, LED 디스플레이 표시창 램프가 온도에 따라 달라집니다. • 온도 선택 후 [온수] 버튼 선택 시 원하는 온도로 설정이 완료 됩니다. ☞상담 진행은 [상담예약] 또는 [고객상담센터 ☎1600-1661]을 이용해 주세요.",,https://static.service.skmagic.com/editor/faq/ckimg/fc1f6b4436bb4c8a8fd8503bf968d839.png|https://static.service.skmagic.com/editor/faq/ckimg/1c3f06c4380e400981f230ae54d45ebf.png|https://static.service.skmagic.com/editor/faq/ckimg/30206a3983fa445f9f6af169338199c4.png
정수기,초소형 직수정수기 제품 외관 사이즈,▶초소형 직수정수기 사이즈 ※실제 측정시 약간의 오차가 있을 수 있습니다. ▶초소형 직수정수기&스스로 플러스 직수정수기 사이즈 비교,,https://static.service.skmagic.com/editor/faq/ckimg/f483cd77a06749a0bc3449acc60edb46.png|https://static.service.skmagic.com/editor/faq/ckimg/3ec6cfbc640946c19b7c45ac06ca0231.png
정수기,정수기에서 전기가 느껴져요,▶비접지형 콘센트에 제품을 연결하였을 때 제품에서 전기가 느껴질 수 있습니다. 접지형 콘센트인지 확인이 필요합니다. • 접지가 되어있지 않은 무접지 콘센트에 연결하여 사용할 경우 제품에서 전기가 느껴질수 있습니다. • 멀티콘센트 사용시 멀티콘센트에도 접지단자가 있는지 확인이 필요합니다. ※ 콘센트에 접지가 없는 경우는 전기설비전문가에게 별도로 전기공사를 의뢰해야합니다. ☞서비스 접수는 [방문예약] 상담 진행은 [상담예약] 또는 [고객상담센터 ☎1600-1661]을 이용해 주세요.,,https://static.service.skmagic.com/editor/faq/ckimg/b6b38ece97524f0eacfc3aefbc5e39f1.png
정수기,"안심출수라이팅(코크램프)가 출수중 꺼져요 (WPUA1000C, WPUA1100C)","2020년 9월 20일 이후 생산된 제품부터 물이 나오는 동안 코크 부분에 안심출수라이팅(코크램프) 기능이 작동됩니다. ▶안심출수라이팅(코크램프)란, 출수 시 점등되는 코크 부분의 램프입니다. ▶초기 설치 날짜로 구분해 주세요. • 2020년 9월 20일 이전 생산모델 : 출수 시작 5초 후 자동 소등됩니다. • 2020년 9월 20일 이후 생산모델 : 출수하는 동안 지속 점등됩니다. ☞상담 진행은 [상담예약] 또는 [고객상담센터 ☎1600-1661]을 이용해 주세요.",,https://static.service.skmagic.com/editor/faq/ckimg/c46a12a5cd8f44bd93f98674e5bdac1f.png
정수기,TDS 기기로 측정시 수치가 높게 나와요,"TDS(Total Dissolved Solid) 기기는 미네랄등과 같은 물속 고형물을 측정하는 기기입니다. ▶TDS(Total Dissolved Solid) 기기로 정수된 물 측정시 수치가 높게 나오나요? • 물속에 고형물이 얼마나 녹아있는지를 측정하는 기기로 고형물의 성분과 수질의 오염도 판단은 불가합니다. • 정수된 물에는 칼슘, 마그네슘, 나트륨, 칼륨, 염소이온, 소소이온 등 이온화된 물질이 녹아있어 기기 측정시 수치로 나타날 수 있습니다. ☞상담 진행은 [상담예약] 또는 [고객상담센터 ☎1600-1661]을 이용해 주세요.",,없음
정수기,필터에 끈적하고 투명한 액체가 묻어있어요,▶필터에 끈적하고 투명한 액체가 묻어있나요? • 필터 연결부 사이로 미세하게 흘러나온 물의 칼슘과 미네랄 성분이 응고되어 보여지는 증상입니다. • 인제에 무해한 성분으로 안심하셔도 됩니다. ☞상담 진행은 [상담예약] 또는 [고객상담센터 ☎1600-1661]을 이용해 주세요.,,https://static.service.skmagic.com/editor/faq/ckimg/b1618d195dcd4f99a19662a1ae761c27.png
정수기,"저수위 램프에 불이 들어와요 (WPUC500F,WPUC520F)",▶저수위 LED 램프에 불이 들어온 경우 확인해 주세요. • 설치 장소의 수압이나 정수기 물탱크의 수위가 낮은 경우 램프가 점등됩니다. • 사용을 중지한 후 30분 뒤 사용해 주세요. ☞상담 진행은 [상담예약] 또는 [고객상담센터 ☎1600-1661]을 이용해 주세요.,,https://static.service.skmagic.com/editor/faq/ckimg/3dca1011ea8a4b3f88bb91f938873df2.png
정수기,"원코크 얼음물 정수기 조작부가 들떠있어요, 스크래치가 났어요.","▶보호 필름이 부착되어 있을 경우, 조작부가 들떠보이거나 스크래치 현상처럼 보일 수 있습니다. ▶보호필름 제거방법 • 제품 오른쪽 옆면 파란색 테이프를 잡아당겨 제거해 주세요. • 제거된 보호 필름을 다시 부착할 경우 접착력이 약해질 수 있으며, 보호 필름은 별도 구매가 불가합니다. ☞상담 진행은 [상담예약] 또는 [고객상담센터 ☎1600-1661]을 이용해 주세요.",,https://static.service.skmagic.com/editor/faq/ckimg/86e6db7ba660492486c4dfa62c5ac0a2.png
정수기,물줄기 모양이 이상해요 (WPUGBC102),▶코크 조립이 잘못되어 있는 경우 발생하는 증상이므로 코크 분리/조립 방법을 확인해 주세요. ☞상담 진행은 [상담예약] 또는 [고객상담센터 ☎1600-1661]을 이용해 주세요.,,https://static.service.skmagic.com/editor/faq/ckimg/fa01ccdfebb645f080b269f3547c8ea4.png
정수기,"스스로 플러스 직수정수기 코크 재질 (WPUA1100, WPUA1000, WPUJAC103, WPUJCC103)","▶내부 흰색 이너코크 재질이 궁금해요. • 이너코크는 POM(플라스틱)재질이며, 외부 스테인레스 코크 재질은 크롬 도금 처리된 플라스틱 입니다. • 140℃ 이상의 물체가 코크에 닿았을 경우 변형 됩니다. • 취득한 정수기 인증 검사항목(용출시험)의 환경호르몬 항목 중 비스페놀A는 검출되지 않았습니다. ☞상담 진행은 [상담예약] 또는 [고객상담센터 ☎1600-1661]을 이용해 주세요.",,https://static.service.skmagic.com/editor/faq/ckimg/3fd6cf4cc6dd46bcb2875526509ca0e0.png
정수기,직수정수기 취수시 물에 공기방울(기포)이 생겨요.,"▶온수,미온수,유아수 물을 출수하면 공기방울(기포)이 발생되나요? • 물속에 공기방울(기포)이 녹아 있으며, 물의 온도가 높아지면서 공기방울(기포)이 물속에서 빠져나오려 하기 때문에 공기방울(기포)이 더 발생될 수 있습니다. • 정수기의 설치된 환경, 물 온도, 수질(미네랄, 마그네슘, 칼슘)이 다르기 때문에 공기방울(기포)발생량은 차이가 있습니다. ☞상담 진행은 [상담예약 ] 또는 [고객상담센터 ☎1600-1661]을 이용해 주세요.",,없음
